ISO-10303-21;
HEADER;
FILE_DESCRIPTION(('MIT Rocket Team air brake reconstruction'),'2;1');
FILE_NAME('airbrake_assembly.step','2026-09-29T03:54:39',(''),(''),'airbrake_stl.py','airbrake_stl.py','');
FILE_SCHEMA(('AUTOMOTIVE_DESIGN { 1 0 10303 214 1 1 1 1 }'));
ENDSEC;
DATA;
#1=APPLICATION_CONTEXT('core data for automotive mechanical design processes');
#2=APPLICATION_PROTOCOL_DEFINITION('international standard','automotive_design',2000,#1);
#3=PRODUCT_CONTEXT('',#1,'mechanical');
#4=PRODUCT_DEFINITION_CONTEXT('part definition',#1,'design');
#5=(LENGTH_UNIT()NAMED_UNIT(*)SI_UNIT(.MILLI.,.METRE.));
#6=(NAMED_UNIT(*)PLANE_ANGLE_UNIT()SI_UNIT($,.RADIAN.));
#7=(NAMED_UNIT(*)SI_UNIT($,.STERADIAN.)SOLID_ANGLE_UNIT());
#8=UNCERTAINTY_MEASURE_WITH_UNIT(LENGTH_MEASURE(1.E-05),#5,'distance_accuracy_value','');
#9=(GEOMETRIC_REPRESENTATION_CONTEXT(3)GLOBAL_UNCERTAINTY_ASSIGNED_CONTEXT((#8))GLOBAL_UNIT_ASSIGNED_CONTEXT((#5,#6,#7))REPRESENTATION_CONTEXT('Context3D','3D'));
#10=PRODUCT('airbrake_assembly','airbrake_assembly','',(#3));
#11=PRODUCT_RELATED_PRODUCT_CATEGORY('part',$,(#10));
#12=PRODUCT_DEFINITION_FORMATION('','',#10);
#13=PRODUCT_DEFINITION('design','',#12,#4);
#14=PRODUCT_DEFINITION_SHAPE('','',#13);
#15=PRODUCT('frame_bottom','frame_bottom','',(#3));
#16=PRODUCT_RELATED_PRODUCT_CATEGORY('part',$,(#15));
#17=PRODUCT_DEFINITION_FORMATION('','',#15);
#18=PRODUCT_DEFINITION('design','',#17,#4);
#19=PRODUCT_DEFINITION_SHAPE('','',#18);
#20=CARTESIAN_POINT('',(0.,0.,0.));
#21=DIRECTION('',(0.,0.,1.));
#22=DIRECTION('',(1.,0.,0.));
#23=AXIS2_PLACEMENT_3D('',#20,#21,#22);
#24=CARTESIAN_POINT('',(73.66,0.,0.));
#25=VERTEX_POINT('',#24);
#26=CARTESIAN_POINT('',(-73.66,0.,0.));
#27=VERTEX_POINT('',#26);
#28=CARTESIAN_POINT('',(73.66,0.,5.08));
#29=VERTEX_POINT('',#28);
#30=CARTESIAN_POINT('',(-73.66,0.,5.08));
#31=VERTEX_POINT('',#30);
#32=CARTESIAN_POINT('',(0.,0.,0.));
#33=DIRECTION('',(0.,0.,1.));
#34=DIRECTION('',(1.,0.,0.));
#35=AXIS2_PLACEMENT_3D('',#32,#33,#34);
#36=CIRCLE('',#35,73.66);
#37=EDGE_CURVE('',#25,#27,#36,.T.);
#38=CARTESIAN_POINT('',(0.,0.,5.08));
#39=DIRECTION('',(0.,0.,1.));
#40=DIRECTION('',(1.,0.,0.));
#41=AXIS2_PLACEMENT_3D('',#38,#39,#40);
#42=CIRCLE('',#41,73.66);
#43=EDGE_CURVE('',#29,#31,#42,.T.);
#44=DIRECTION('',(0.,0.,1.));
#45=VECTOR('',#44,5.08);
#46=CARTESIAN_POINT('',(73.66,0.,0.));
#47=LINE('',#46,#45);
#48=EDGE_CURVE('',#25,#29,#47,.T.);
#49=CARTESIAN_POINT('',(0.,0.,0.));
#50=DIRECTION('',(0.,0.,1.));
#51=DIRECTION('',(1.,0.,0.));
#52=AXIS2_PLACEMENT_3D('',#49,#50,#51);
#53=CIRCLE('',#52,73.66);
#54=EDGE_CURVE('',#27,#25,#53,.T.);
#55=CARTESIAN_POINT('',(0.,0.,5.08));
#56=DIRECTION('',(0.,0.,1.));
#57=DIRECTION('',(1.,0.,0.));
#58=AXIS2_PLACEMENT_3D('',#55,#56,#57);
#59=CIRCLE('',#58,73.66);
#60=EDGE_CURVE('',#31,#29,#59,.T.);
#61=DIRECTION('',(0.,0.,1.));
#62=VECTOR('',#61,5.08);
#63=CARTESIAN_POINT('',(-73.66,0.,0.));
#64=LINE('',#63,#62);
#65=EDGE_CURVE('',#27,#31,#64,.T.);
#66=CARTESIAN_POINT('',(0.,0.,0.));
#67=DIRECTION('',(0.,0.,1.));
#68=DIRECTION('',(1.,0.,0.));
#69=AXIS2_PLACEMENT_3D('',#66,#67,#68);
#70=CYLINDRICAL_SURFACE('',#69,73.66);
#71=ORIENTED_EDGE('',*,*,#37,.T.);
#72=ORIENTED_EDGE('',*,*,#65,.T.);
#73=ORIENTED_EDGE('',*,*,#43,.F.);
#74=ORIENTED_EDGE('',*,*,#48,.F.);
#75=EDGE_LOOP('',(#71,#72,#73,#74));
#76=FACE_OUTER_BOUND('',#75,.T.);
#77=ADVANCED_FACE('',(#76),#70,.T.);
#78=CARTESIAN_POINT('',(0.,0.,0.));
#79=DIRECTION('',(0.,0.,1.));
#80=DIRECTION('',(1.,0.,0.));
#81=AXIS2_PLACEMENT_3D('',#78,#79,#80);
#82=CYLINDRICAL_SURFACE('',#81,73.66);
#83=ORIENTED_EDGE('',*,*,#54,.T.);
#84=ORIENTED_EDGE('',*,*,#48,.T.);
#85=ORIENTED_EDGE('',*,*,#60,.F.);
#86=ORIENTED_EDGE('',*,*,#65,.F.);
#87=EDGE_LOOP('',(#83,#84,#85,#86));
#88=FACE_OUTER_BOUND('',#87,.T.);
#89=ADVANCED_FACE('',(#88),#82,.T.);
#90=CARTESIAN_POINT('',(3.812821178,0.,0.));
#91=VERTEX_POINT('',#90);
#92=CARTESIAN_POINT('',(1.906410589,-3.302,0.));
#93=VERTEX_POINT('',#92);
#94=CARTESIAN_POINT('',(-1.906410589,-3.302,0.));
#95=VERTEX_POINT('',#94);
#96=CARTESIAN_POINT('',(-3.812821178,0.,0.));
#97=VERTEX_POINT('',#96);
#98=CARTESIAN_POINT('',(-1.906410589,3.302,0.));
#99=VERTEX_POINT('',#98);
#100=CARTESIAN_POINT('',(1.906410589,3.302,0.));
#101=VERTEX_POINT('',#100);
#102=CARTESIAN_POINT('',(3.812821178,0.,5.08));
#103=VERTEX_POINT('',#102);
#104=CARTESIAN_POINT('',(1.906410589,-3.302,5.08));
#105=VERTEX_POINT('',#104);
#106=CARTESIAN_POINT('',(-1.906410589,-3.302,5.08));
#107=VERTEX_POINT('',#106);
#108=CARTESIAN_POINT('',(-3.812821178,0.,5.08));
#109=VERTEX_POINT('',#108);
#110=CARTESIAN_POINT('',(-1.906410589,3.302,5.08));
#111=VERTEX_POINT('',#110);
#112=CARTESIAN_POINT('',(1.906410589,3.302,5.08));
#113=VERTEX_POINT('',#112);
#114=DIRECTION('',(-0.5,-0.8660254038,0.));
#115=VECTOR('',#114,3.812821178);
#116=CARTESIAN_POINT('',(3.812821178,0.,0.));
#117=LINE('',#116,#115);
#118=EDGE_CURVE('',#91,#93,#117,.T.);
#119=DIRECTION('',(-0.5,-0.8660254038,0.));
#120=VECTOR('',#119,3.812821178);
#121=CARTESIAN_POINT('',(3.812821178,0.,5.08));
#122=LINE('',#121,#120);
#123=EDGE_CURVE('',#103,#105,#122,.T.);
#124=DIRECTION('',(0.,0.,1.));
#125=VECTOR('',#124,5.08);
#126=CARTESIAN_POINT('',(3.812821178,0.,0.));
#127=LINE('',#126,#125);
#128=EDGE_CURVE('',#91,#103,#127,.T.);
#129=DIRECTION('',(-1.,0.,0.));
#130=VECTOR('',#129,3.812821178);
#131=CARTESIAN_POINT('',(1.906410589,-3.302,0.));
#132=LINE('',#131,#130);
#133=EDGE_CURVE('',#93,#95,#132,.T.);
#134=DIRECTION('',(-1.,0.,0.));
#135=VECTOR('',#134,3.812821178);
#136=CARTESIAN_POINT('',(1.906410589,-3.302,5.08));
#137=LINE('',#136,#135);
#138=EDGE_CURVE('',#105,#107,#137,.T.);
#139=DIRECTION('',(0.,0.,1.));
#140=VECTOR('',#139,5.08);
#141=CARTESIAN_POINT('',(1.906410589,-3.302,0.));
#142=LINE('',#141,#140);
#143=EDGE_CURVE('',#93,#105,#142,.T.);
#144=DIRECTION('',(-0.5,0.8660254038,0.));
#145=VECTOR('',#144,3.812821178);
#146=CARTESIAN_POINT('',(-1.906410589,-3.302,0.));
#147=LINE('',#146,#145);
#148=EDGE_CURVE('',#95,#97,#147,.T.);
#149=DIRECTION('',(-0.5,0.8660254038,0.));
#150=VECTOR('',#149,3.812821178);
#151=CARTESIAN_POINT('',(-1.906410589,-3.302,5.08));
#152=LINE('',#151,#150);
#153=EDGE_CURVE('',#107,#109,#152,.T.);
#154=DIRECTION('',(0.,0.,1.));
#155=VECTOR('',#154,5.08);
#156=CARTESIAN_POINT('',(-1.906410589,-3.302,0.));
#157=LINE('',#156,#155);
#158=EDGE_CURVE('',#95,#107,#157,.T.);
#159=DIRECTION('',(0.5,0.8660254038,0.));
#160=VECTOR('',#159,3.812821178);
#161=CARTESIAN_POINT('',(-3.812821178,0.,0.));
#162=LINE('',#161,#160);
#163=EDGE_CURVE('',#97,#99,#162,.T.);
#164=DIRECTION('',(0.5,0.8660254038,0.));
#165=VECTOR('',#164,3.812821178);
#166=CARTESIAN_POINT('',(-3.812821178,0.,5.08));
#167=LINE('',#166,#165);
#168=EDGE_CURVE('',#109,#111,#167,.T.);
#169=DIRECTION('',(0.,0.,1.));
#170=VECTOR('',#169,5.08);
#171=CARTESIAN_POINT('',(-3.812821178,0.,0.));
#172=LINE('',#171,#170);
#173=EDGE_CURVE('',#97,#109,#172,.T.);
#174=DIRECTION('',(1.,0.,0.));
#175=VECTOR('',#174,3.812821178);
#176=CARTESIAN_POINT('',(-1.906410589,3.302,0.));
#177=LINE('',#176,#175);
#178=EDGE_CURVE('',#99,#101,#177,.T.);
#179=DIRECTION('',(1.,0.,0.));
#180=VECTOR('',#179,3.812821178);
#181=CARTESIAN_POINT('',(-1.906410589,3.302,5.08));
#182=LINE('',#181,#180);
#183=EDGE_CURVE('',#111,#113,#182,.T.);
#184=DIRECTION('',(0.,0.,1.));
#185=VECTOR('',#184,5.08);
#186=CARTESIAN_POINT('',(-1.906410589,3.302,0.));
#187=LINE('',#186,#185);
#188=EDGE_CURVE('',#99,#111,#187,.T.);
#189=DIRECTION('',(0.5,-0.8660254038,0.));
#190=VECTOR('',#189,3.812821178);
#191=CARTESIAN_POINT('',(1.906410589,3.302,0.));
#192=LINE('',#191,#190);
#193=EDGE_CURVE('',#101,#91,#192,.T.);
#194=DIRECTION('',(0.5,-0.8660254038,0.));
#195=VECTOR('',#194,3.812821178);
#196=CARTESIAN_POINT('',(1.906410589,3.302,5.08));
#197=LINE('',#196,#195);
#198=EDGE_CURVE('',#113,#103,#197,.T.);
#199=DIRECTION('',(0.,0.,1.));
#200=VECTOR('',#199,5.08);
#201=CARTESIAN_POINT('',(1.906410589,3.302,0.));
#202=LINE('',#201,#200);
#203=EDGE_CURVE('',#101,#113,#202,.T.);
#204=CARTESIAN_POINT('',(3.812821178,0.,0.));
#205=DIRECTION('',(-0.8660254038,0.5,0.));
#206=DIRECTION('',(-0.5,-0.8660254038,0.));
#207=AXIS2_PLACEMENT_3D('',#204,#205,#206);
#208=PLANE('',#207);
#209=ORIENTED_EDGE('',*,*,#118,.T.);
#210=ORIENTED_EDGE('',*,*,#143,.T.);
#211=ORIENTED_EDGE('',*,*,#123,.F.);
#212=ORIENTED_EDGE('',*,*,#128,.F.);
#213=EDGE_LOOP('',(#209,#210,#211,#212));
#214=FACE_OUTER_BOUND('',#213,.T.);
#215=ADVANCED_FACE('',(#214),#208,.T.);
#216=CARTESIAN_POINT('',(1.906410589,-3.302,0.));
#217=DIRECTION('',(0.,1.,0.));
#218=DIRECTION('',(-1.,0.,0.));
#219=AXIS2_PLACEMENT_3D('',#216,#217,#218);
#220=PLANE('',#219);
#221=ORIENTED_EDGE('',*,*,#133,.T.);
#222=ORIENTED_EDGE('',*,*,#158,.T.);
#223=ORIENTED_EDGE('',*,*,#138,.F.);
#224=ORIENTED_EDGE('',*,*,#143,.F.);
#225=EDGE_LOOP('',(#221,#222,#223,#224));
#226=FACE_OUTER_BOUND('',#225,.T.);
#227=ADVANCED_FACE('',(#226),#220,.T.);
#228=CARTESIAN_POINT('',(-1.906410589,-3.302,0.));
#229=DIRECTION('',(0.8660254038,0.5,0.));
#230=DIRECTION('',(-0.5,0.8660254038,0.));
#231=AXIS2_PLACEMENT_3D('',#228,#229,#230);
#232=PLANE('',#231);
#233=ORIENTED_EDGE('',*,*,#148,.T.);
#234=ORIENTED_EDGE('',*,*,#173,.T.);
#235=ORIENTED_EDGE('',*,*,#153,.F.);
#236=ORIENTED_EDGE('',*,*,#158,.F.);
#237=EDGE_LOOP('',(#233,#234,#235,#236));
#238=FACE_OUTER_BOUND('',#237,.T.);
#239=ADVANCED_FACE('',(#238),#232,.T.);
#240=CARTESIAN_POINT('',(-3.812821178,0.,0.));
#241=DIRECTION('',(0.8660254038,-0.5,0.));
#242=DIRECTION('',(0.5,0.8660254038,0.));
#243=AXIS2_PLACEMENT_3D('',#240,#241,#242);
#244=PLANE('',#243);
#245=ORIENTED_EDGE('',*,*,#163,.T.);
#246=ORIENTED_EDGE('',*,*,#188,.T.);
#247=ORIENTED_EDGE('',*,*,#168,.F.);
#248=ORIENTED_EDGE('',*,*,#173,.F.);
#249=EDGE_LOOP('',(#245,#246,#247,#248));
#250=FACE_OUTER_BOUND('',#249,.T.);
#251=ADVANCED_FACE('',(#250),#244,.T.);
#252=CARTESIAN_POINT('',(-1.906410589,3.302,0.));
#253=DIRECTION('',(0.,-1.,0.));
#254=DIRECTION('',(1.,0.,0.));
#255=AXIS2_PLACEMENT_3D('',#252,#253,#254);
#256=PLANE('',#255);
#257=ORIENTED_EDGE('',*,*,#178,.T.);
#258=ORIENTED_EDGE('',*,*,#203,.T.);
#259=ORIENTED_EDGE('',*,*,#183,.F.);
#260=ORIENTED_EDGE('',*,*,#188,.F.);
#261=EDGE_LOOP('',(#257,#258,#259,#260));
#262=FACE_OUTER_BOUND('',#261,.T.);
#263=ADVANCED_FACE('',(#262),#256,.T.);
#264=CARTESIAN_POINT('',(1.906410589,3.302,0.));
#265=DIRECTION('',(-0.8660254038,-0.5,0.));
#266=DIRECTION('',(0.5,-0.8660254038,0.));
#267=AXIS2_PLACEMENT_3D('',#264,#265,#266);
#268=PLANE('',#267);
#269=ORIENTED_EDGE('',*,*,#193,.T.);
#270=ORIENTED_EDGE('',*,*,#128,.T.);
#271=ORIENTED_EDGE('',*,*,#198,.F.);
#272=ORIENTED_EDGE('',*,*,#203,.F.);
#273=EDGE_LOOP('',(#269,#270,#271,#272));
#274=FACE_OUTER_BOUND('',#273,.T.);
#275=ADVANCED_FACE('',(#274),#268,.T.);
#276=CARTESIAN_POINT('',(63.38559694,3.81,0.));
#277=VERTEX_POINT('',#276);
#278=CARTESIAN_POINT('',(14.75606655,3.81,0.));
#279=VERTEX_POINT('',#278);
#280=CARTESIAN_POINT('',(10.67759006,10.87412849,0.));
#281=VERTEX_POINT('',#280);
#282=CARTESIAN_POINT('',(34.99235526,52.98853719,0.));
#283=VERTEX_POINT('',#282);
#284=CARTESIAN_POINT('',(63.38559694,3.81,5.08));
#285=VERTEX_POINT('',#284);
#286=CARTESIAN_POINT('',(14.75606655,3.81,5.08));
#287=VERTEX_POINT('',#286);
#288=CARTESIAN_POINT('',(10.67759006,10.87412849,5.08));
#289=VERTEX_POINT('',#288);
#290=CARTESIAN_POINT('',(34.99235526,52.98853719,5.08));
#291=VERTEX_POINT('',#290);
#292=DIRECTION('',(-1.,0.,0.));
#293=VECTOR('',#292,48.6295304);
#294=CARTESIAN_POINT('',(63.38559694,3.81,0.));
#295=LINE('',#294,#293);
#296=EDGE_CURVE('',#277,#279,#295,.T.);
#297=DIRECTION('',(-1.,0.,0.));
#298=VECTOR('',#297,48.6295304);
#299=CARTESIAN_POINT('',(63.38559694,3.81,5.08));
#300=LINE('',#299,#298);
#301=EDGE_CURVE('',#285,#287,#300,.T.);
#302=DIRECTION('',(0.,0.,1.));
#303=VECTOR('',#302,5.08);
#304=CARTESIAN_POINT('',(63.38559694,3.81,0.));
#305=LINE('',#304,#303);
#306=EDGE_CURVE('',#277,#285,#305,.T.);
#307=CARTESIAN_POINT('',(0.,0.,0.));
#308=DIRECTION('',(0.,0.,1.));
#309=DIRECTION('',(1.,0.,0.));
#310=AXIS2_PLACEMENT_3D('',#307,#308,#309);
#311=CIRCLE('',#310,15.24);
#312=EDGE_CURVE('',#279,#281,#311,.T.);
#313=CARTESIAN_POINT('',(0.,0.,5.08));
#314=DIRECTION('',(0.,0.,1.));
#315=DIRECTION('',(1.,0.,0.));
#316=AXIS2_PLACEMENT_3D('',#313,#314,#315);
#317=CIRCLE('',#316,15.24);
#318=EDGE_CURVE('',#287,#289,#317,.T.);
#319=DIRECTION('',(0.,0.,1.));
#320=VECTOR('',#319,5.08);
#321=CARTESIAN_POINT('',(14.75606655,3.81,0.));
#322=LINE('',#321,#320);
#323=EDGE_CURVE('',#279,#287,#322,.T.);
#324=DIRECTION('',(0.5,0.8660254038,0.));
#325=VECTOR('',#324,48.6295304);
#326=CARTESIAN_POINT('',(10.67759006,10.87412849,0.));
#327=LINE('',#326,#325);
#328=EDGE_CURVE('',#281,#283,#327,.T.);
#329=DIRECTION('',(0.5,0.8660254038,0.));
#330=VECTOR('',#329,48.6295304);
#331=CARTESIAN_POINT('',(10.67759006,10.87412849,5.08));
#332=LINE('',#331,#330);
#333=EDGE_CURVE('',#289,#291,#332,.T.);
#334=DIRECTION('',(0.,0.,1.));
#335=VECTOR('',#334,5.08);
#336=CARTESIAN_POINT('',(10.67759006,10.87412849,0.));
#337=LINE('',#336,#335);
#338=EDGE_CURVE('',#281,#289,#337,.T.);
#339=CARTESIAN_POINT('',(0.,0.,0.));
#340=DIRECTION('',(0.,0.,1.));
#341=DIRECTION('',(1.,0.,0.));
#342=AXIS2_PLACEMENT_3D('',#339,#340,#341);
#343=CIRCLE('',#342,63.5);
#344=EDGE_CURVE('',#283,#277,#343,.F.);
#345=CARTESIAN_POINT('',(0.,0.,5.08));
#346=DIRECTION('',(0.,0.,1.));
#347=DIRECTION('',(1.,0.,0.));
#348=AXIS2_PLACEMENT_3D('',#345,#346,#347);
#349=CIRCLE('',#348,63.5);
#350=EDGE_CURVE('',#291,#285,#349,.F.);
#351=DIRECTION('',(0.,0.,1.));
#352=VECTOR('',#351,5.08);
#353=CARTESIAN_POINT('',(34.99235526,52.98853719,0.));
#354=LINE('',#353,#352);
#355=EDGE_CURVE('',#283,#291,#354,.T.);
#356=CARTESIAN_POINT('',(63.38559694,3.81,0.));
#357=DIRECTION('',(0.,1.,0.));
#358=DIRECTION('',(-1.,0.,0.));
#359=AXIS2_PLACEMENT_3D('',#356,#357,#358);
#360=PLANE('',#359);
#361=ORIENTED_EDGE('',*,*,#296,.T.);
#362=ORIENTED_EDGE('',*,*,#323,.T.);
#363=ORIENTED_EDGE('',*,*,#301,.F.);
#364=ORIENTED_EDGE('',*,*,#306,.F.);
#365=EDGE_LOOP('',(#361,#362,#363,#364));
#366=FACE_OUTER_BOUND('',#365,.T.);
#367=ADVANCED_FACE('',(#366),#360,.T.);
#368=CARTESIAN_POINT('',(0.,0.,0.));
#369=DIRECTION('',(0.,0.,1.));
#370=DIRECTION('',(1.,0.,0.));
#371=AXIS2_PLACEMENT_3D('',#368,#369,#370);
#372=CYLINDRICAL_SURFACE('',#371,15.24);
#373=ORIENTED_EDGE('',*,*,#312,.T.);
#374=ORIENTED_EDGE('',*,*,#338,.T.);
#375=ORIENTED_EDGE('',*,*,#318,.F.);
#376=ORIENTED_EDGE('',*,*,#323,.F.);
#377=EDGE_LOOP('',(#373,#374,#375,#376));
#378=FACE_OUTER_BOUND('',#377,.T.);
#379=ADVANCED_FACE('',(#378),#372,.T.);
#380=CARTESIAN_POINT('',(10.67759006,10.87412849,0.));
#381=DIRECTION('',(0.8660254038,-0.5,0.));
#382=DIRECTION('',(0.5,0.8660254038,0.));
#383=AXIS2_PLACEMENT_3D('',#380,#381,#382);
#384=PLANE('',#383);
#385=ORIENTED_EDGE('',*,*,#328,.T.);
#386=ORIENTED_EDGE('',*,*,#355,.T.);
#387=ORIENTED_EDGE('',*,*,#333,.F.);
#388=ORIENTED_EDGE('',*,*,#338,.F.);
#389=EDGE_LOOP('',(#385,#386,#387,#388));
#390=FACE_OUTER_BOUND('',#389,.T.);
#391=ADVANCED_FACE('',(#390),#384,.T.);
#392=CARTESIAN_POINT('',(0.,0.,0.));
#393=DIRECTION('',(0.,0.,1.));
#394=DIRECTION('',(1.,0.,0.));
#395=AXIS2_PLACEMENT_3D('',#392,#393,#394);
#396=CYLINDRICAL_SURFACE('',#395,63.5);
#397=ORIENTED_EDGE('',*,*,#344,.T.);
#398=ORIENTED_EDGE('',*,*,#306,.T.);
#399=ORIENTED_EDGE('',*,*,#350,.F.);
#400=ORIENTED_EDGE('',*,*,#355,.F.);
#401=EDGE_LOOP('',(#397,#398,#399,#400));
#402=FACE_OUTER_BOUND('',#401,.T.);
#403=ADVANCED_FACE('',(#402),#396,.F.);
#404=CARTESIAN_POINT('',(28.39324168,56.79853719,0.));
#405=VERTEX_POINT('',#404);
#406=CARTESIAN_POINT('',(4.078476486,14.68412849,0.));
#407=VERTEX_POINT('',#406);
#408=CARTESIAN_POINT('',(-4.078476486,14.68412849,0.));
#409=VERTEX_POINT('',#408);
#410=CARTESIAN_POINT('',(-28.39324168,56.79853719,0.));
#411=VERTEX_POINT('',#410);
#412=CARTESIAN_POINT('',(28.39324168,56.79853719,5.08));
#413=VERTEX_POINT('',#412);
#414=CARTESIAN_POINT('',(4.078476486,14.68412849,5.08));
#415=VERTEX_POINT('',#414);
#416=CARTESIAN_POINT('',(-4.078476486,14.68412849,5.08));
#417=VERTEX_POINT('',#416);
#418=CARTESIAN_POINT('',(-28.39324168,56.79853719,5.08));
#419=VERTEX_POINT('',#418);
#420=DIRECTION('',(-0.5,-0.8660254038,0.));
#421=VECTOR('',#420,48.6295304);
#422=CARTESIAN_POINT('',(28.39324168,56.79853719,0.));
#423=LINE('',#422,#421);
#424=EDGE_CURVE('',#405,#407,#423,.T.);
#425=DIRECTION('',(-0.5,-0.8660254038,0.));
#426=VECTOR('',#425,48.6295304);
#427=CARTESIAN_POINT('',(28.39324168,56.79853719,5.08));
#428=LINE('',#427,#426);
#429=EDGE_CURVE('',#413,#415,#428,.T.);
#430=DIRECTION('',(0.,0.,1.));
#431=VECTOR('',#430,5.08);
#432=CARTESIAN_POINT('',(28.39324168,56.79853719,0.));
#433=LINE('',#432,#431);
#434=EDGE_CURVE('',#405,#413,#433,.T.);
#435=CARTESIAN_POINT('',(0.,0.,0.));
#436=DIRECTION('',(0.,0.,1.));
#437=DIRECTION('',(1.,0.,0.));
#438=AXIS2_PLACEMENT_3D('',#435,#436,#437);
#439=CIRCLE('',#438,15.24);
#440=EDGE_CURVE('',#407,#409,#439,.T.);
#441=CARTESIAN_POINT('',(0.,0.,5.08));
#442=DIRECTION('',(0.,0.,1.));
#443=DIRECTION('',(1.,0.,0.));
#444=AXIS2_PLACEMENT_3D('',#441,#442,#443);
#445=CIRCLE('',#444,15.24);
#446=EDGE_CURVE('',#415,#417,#445,.T.);
#447=DIRECTION('',(0.,0.,1.));
#448=VECTOR('',#447,5.08);
#449=CARTESIAN_POINT('',(4.078476486,14.68412849,0.));
#450=LINE('',#449,#448);
#451=EDGE_CURVE('',#407,#415,#450,.T.);
#452=DIRECTION('',(-0.5,0.8660254038,0.));
#453=VECTOR('',#452,48.6295304);
#454=CARTESIAN_POINT('',(-4.078476486,14.68412849,0.));
#455=LINE('',#454,#453);
#456=EDGE_CURVE('',#409,#411,#455,.T.);
#457=DIRECTION('',(-0.5,0.8660254038,0.));
#458=VECTOR('',#457,48.6295304);
#459=CARTESIAN_POINT('',(-4.078476486,14.68412849,5.08));
#460=LINE('',#459,#458);
#461=EDGE_CURVE('',#417,#419,#460,.T.);
#462=DIRECTION('',(0.,0.,1.));
#463=VECTOR('',#462,5.08);
#464=CARTESIAN_POINT('',(-4.078476486,14.68412849,0.));
#465=LINE('',#464,#463);
#466=EDGE_CURVE('',#409,#417,#465,.T.);
#467=CARTESIAN_POINT('',(0.,0.,0.));
#468=DIRECTION('',(0.,0.,1.));
#469=DIRECTION('',(1.,0.,0.));
#470=AXIS2_PLACEMENT_3D('',#467,#468,#469);
#471=CIRCLE('',#470,63.5);
#472=EDGE_CURVE('',#411,#405,#471,.F.);
#473=CARTESIAN_POINT('',(0.,0.,5.08));
#474=DIRECTION('',(0.,0.,1.));
#475=DIRECTION('',(1.,0.,0.));
#476=AXIS2_PLACEMENT_3D('',#473,#474,#475);
#477=CIRCLE('',#476,63.5);
#478=EDGE_CURVE('',#419,#413,#477,.F.);
#479=DIRECTION('',(0.,0.,1.));
#480=VECTOR('',#479,5.08);
#481=CARTESIAN_POINT('',(-28.39324168,56.79853719,0.));
#482=LINE('',#481,#480);
#483=EDGE_CURVE('',#411,#419,#482,.T.);
#484=CARTESIAN_POINT('',(28.39324168,56.79853719,0.));
#485=DIRECTION('',(-0.8660254038,0.5,0.));
#486=DIRECTION('',(-0.5,-0.8660254038,0.));
#487=AXIS2_PLACEMENT_3D('',#484,#485,#486);
#488=PLANE('',#487);
#489=ORIENTED_EDGE('',*,*,#424,.T.);
#490=ORIENTED_EDGE('',*,*,#451,.T.);
#491=ORIENTED_EDGE('',*,*,#429,.F.);
#492=ORIENTED_EDGE('',*,*,#434,.F.);
#493=EDGE_LOOP('',(#489,#490,#491,#492));
#494=FACE_OUTER_BOUND('',#493,.T.);
#495=ADVANCED_FACE('',(#494),#488,.T.);
#496=CARTESIAN_POINT('',(0.,0.,0.));
#497=DIRECTION('',(0.,0.,1.));
#498=DIRECTION('',(1.,0.,0.));
#499=AXIS2_PLACEMENT_3D('',#496,#497,#498);
#500=CYLINDRICAL_SURFACE('',#499,15.24);
#501=ORIENTED_EDGE('',*,*,#440,.T.);
#502=ORIENTED_EDGE('',*,*,#466,.T.);
#503=ORIENTED_EDGE('',*,*,#446,.F.);
#504=ORIENTED_EDGE('',*,*,#451,.F.);
#505=EDGE_LOOP('',(#501,#502,#503,#504));
#506=FACE_OUTER_BOUND('',#505,.T.);
#507=ADVANCED_FACE('',(#506),#500,.T.);
#508=CARTESIAN_POINT('',(-4.078476486,14.68412849,0.));
#509=DIRECTION('',(0.8660254038,0.5,0.));
#510=DIRECTION('',(-0.5,0.8660254038,0.));
#511=AXIS2_PLACEMENT_3D('',#508,#509,#510);
#512=PLANE('',#511);
#513=ORIENTED_EDGE('',*,*,#456,.T.);
#514=ORIENTED_EDGE('',*,*,#483,.T.);
#515=ORIENTED_EDGE('',*,*,#461,.F.);
#516=ORIENTED_EDGE('',*,*,#466,.F.);
#517=EDGE_LOOP('',(#513,#514,#515,#516));
#518=FACE_OUTER_BOUND('',#517,.T.);
#519=ADVANCED_FACE('',(#518),#512,.T.);
#520=CARTESIAN_POINT('',(0.,0.,0.));
#521=DIRECTION('',(0.,0.,1.));
#522=DIRECTION('',(1.,0.,0.));
#523=AXIS2_PLACEMENT_3D('',#520,#521,#522);
#524=CYLINDRICAL_SURFACE('',#523,63.5);
#525=ORIENTED_EDGE('',*,*,#472,.T.);
#526=ORIENTED_EDGE('',*,*,#434,.T.);
#527=ORIENTED_EDGE('',*,*,#478,.F.);
#528=ORIENTED_EDGE('',*,*,#483,.F.);
#529=EDGE_LOOP('',(#525,#526,#527,#528));
#530=FACE_OUTER_BOUND('',#529,.T.);
#531=ADVANCED_FACE('',(#530),#524,.F.);
#532=CARTESIAN_POINT('',(-34.99235526,52.98853719,0.));
#533=VERTEX_POINT('',#532);
#534=CARTESIAN_POINT('',(-10.67759006,10.87412849,0.));
#535=VERTEX_POINT('',#534);
#536=CARTESIAN_POINT('',(-14.75606655,3.81,0.));
#537=VERTEX_POINT('',#536);
#538=CARTESIAN_POINT('',(-63.38559694,3.81,0.));
#539=VERTEX_POINT('',#538);
#540=CARTESIAN_POINT('',(-34.99235526,52.98853719,5.08));
#541=VERTEX_POINT('',#540);
#542=CARTESIAN_POINT('',(-10.67759006,10.87412849,5.08));
#543=VERTEX_POINT('',#542);
#544=CARTESIAN_POINT('',(-14.75606655,3.81,5.08));
#545=VERTEX_POINT('',#544);
#546=CARTESIAN_POINT('',(-63.38559694,3.81,5.08));
#547=VERTEX_POINT('',#546);
#548=DIRECTION('',(0.5,-0.8660254038,0.));
#549=VECTOR('',#548,48.6295304);
#550=CARTESIAN_POINT('',(-34.99235526,52.98853719,0.));
#551=LINE('',#550,#549);
#552=EDGE_CURVE('',#533,#535,#551,.T.);
#553=DIRECTION('',(0.5,-0.8660254038,0.));
#554=VECTOR('',#553,48.6295304);
#555=CARTESIAN_POINT('',(-34.99235526,52.98853719,5.08));
#556=LINE('',#555,#554);
#557=EDGE_CURVE('',#541,#543,#556,.T.);
#558=DIRECTION('',(0.,0.,1.));
#559=VECTOR('',#558,5.08);
#560=CARTESIAN_POINT('',(-34.99235526,52.98853719,0.));
#561=LINE('',#560,#559);
#562=EDGE_CURVE('',#533,#541,#561,.T.);
#563=CARTESIAN_POINT('',(0.,0.,0.));
#564=DIRECTION('',(0.,0.,1.));
#565=DIRECTION('',(1.,0.,0.));
#566=AXIS2_PLACEMENT_3D('',#563,#564,#565);
#567=CIRCLE('',#566,15.24);
#568=EDGE_CURVE('',#535,#537,#567,.T.);
#569=CARTESIAN_POINT('',(0.,0.,5.08));
#570=DIRECTION('',(0.,0.,1.));
#571=DIRECTION('',(1.,0.,0.));
#572=AXIS2_PLACEMENT_3D('',#569,#570,#571);
#573=CIRCLE('',#572,15.24);
#574=EDGE_CURVE('',#543,#545,#573,.T.);
#575=DIRECTION('',(0.,0.,1.));
#576=VECTOR('',#575,5.08);
#577=CARTESIAN_POINT('',(-10.67759006,10.87412849,0.));
#578=LINE('',#577,#576);
#579=EDGE_CURVE('',#535,#543,#578,.T.);
#580=DIRECTION('',(-1.,0.,0.));
#581=VECTOR('',#580,48.6295304);
#582=CARTESIAN_POINT('',(-14.75606655,3.81,0.));
#583=LINE('',#582,#581);
#584=EDGE_CURVE('',#537,#539,#583,.T.);
#585=DIRECTION('',(-1.,0.,0.));
#586=VECTOR('',#585,48.6295304);
#587=CARTESIAN_POINT('',(-14.75606655,3.81,5.08));
#588=LINE('',#587,#586);
#589=EDGE_CURVE('',#545,#547,#588,.T.);
#590=DIRECTION('',(0.,0.,1.));
#591=VECTOR('',#590,5.08);
#592=CARTESIAN_POINT('',(-14.75606655,3.81,0.));
#593=LINE('',#592,#591);
#594=EDGE_CURVE('',#537,#545,#593,.T.);
#595=CARTESIAN_POINT('',(0.,0.,0.));
#596=DIRECTION('',(0.,0.,1.));
#597=DIRECTION('',(1.,0.,0.));
#598=AXIS2_PLACEMENT_3D('',#595,#596,#597);
#599=CIRCLE('',#598,63.5);
#600=EDGE_CURVE('',#539,#533,#599,.F.);
#601=CARTESIAN_POINT('',(0.,0.,5.08));
#602=DIRECTION('',(0.,0.,1.));
#603=DIRECTION('',(1.,0.,0.));
#604=AXIS2_PLACEMENT_3D('',#601,#602,#603);
#605=CIRCLE('',#604,63.5);
#606=EDGE_CURVE('',#547,#541,#605,.F.);
#607=DIRECTION('',(0.,0.,1.));
#608=VECTOR('',#607,5.08);
#609=CARTESIAN_POINT('',(-63.38559694,3.81,0.));
#610=LINE('',#609,#608);
#611=EDGE_CURVE('',#539,#547,#610,.T.);
#612=CARTESIAN_POINT('',(-34.99235526,52.98853719,0.));
#613=DIRECTION('',(-0.8660254038,-0.5,0.));
#614=DIRECTION('',(0.5,-0.8660254038,0.));
#615=AXIS2_PLACEMENT_3D('',#612,#613,#614);
#616=PLANE('',#615);
#617=ORIENTED_EDGE('',*,*,#552,.T.);
#618=ORIENTED_EDGE('',*,*,#579,.T.);
#619=ORIENTED_EDGE('',*,*,#557,.F.);
#620=ORIENTED_EDGE('',*,*,#562,.F.);
#621=EDGE_LOOP('',(#617,#618,#619,#620));
#622=FACE_OUTER_BOUND('',#621,.T.);
#623=ADVANCED_FACE('',(#622),#616,.T.);
#624=CARTESIAN_POINT('',(0.,0.,0.));
#625=DIRECTION('',(0.,0.,1.));
#626=DIRECTION('',(1.,0.,0.));
#627=AXIS2_PLACEMENT_3D('',#624,#625,#626);
#628=CYLINDRICAL_SURFACE('',#627,15.24);
#629=ORIENTED_EDGE('',*,*,#568,.T.);
#630=ORIENTED_EDGE('',*,*,#594,.T.);
#631=ORIENTED_EDGE('',*,*,#574,.F.);
#632=ORIENTED_EDGE('',*,*,#579,.F.);
#633=EDGE_LOOP('',(#629,#630,#631,#632));
#634=FACE_OUTER_BOUND('',#633,.T.);
#635=ADVANCED_FACE('',(#634),#628,.T.);
#636=CARTESIAN_POINT('',(-14.75606655,3.81,0.));
#637=DIRECTION('',(0.,1.,0.));
#638=DIRECTION('',(-1.,0.,0.));
#639=AXIS2_PLACEMENT_3D('',#636,#637,#638);
#640=PLANE('',#639);
#641=ORIENTED_EDGE('',*,*,#584,.T.);
#642=ORIENTED_EDGE('',*,*,#611,.T.);
#643=ORIENTED_EDGE('',*,*,#589,.F.);
#644=ORIENTED_EDGE('',*,*,#594,.F.);
#645=EDGE_LOOP('',(#641,#642,#643,#644));
#646=FACE_OUTER_BOUND('',#645,.T.);
#647=ADVANCED_FACE('',(#646),#640,.T.);
#648=CARTESIAN_POINT('',(0.,0.,0.));
#649=DIRECTION('',(0.,0.,1.));
#650=DIRECTION('',(1.,0.,0.));
#651=AXIS2_PLACEMENT_3D('',#648,#649,#650);
#652=CYLINDRICAL_SURFACE('',#651,63.5);
#653=ORIENTED_EDGE('',*,*,#600,.T.);
#654=ORIENTED_EDGE('',*,*,#562,.T.);
#655=ORIENTED_EDGE('',*,*,#606,.F.);
#656=ORIENTED_EDGE('',*,*,#611,.F.);
#657=EDGE_LOOP('',(#653,#654,#655,#656));
#658=FACE_OUTER_BOUND('',#657,.T.);
#659=ADVANCED_FACE('',(#658),#652,.F.);
#660=CARTESIAN_POINT('',(-63.38559694,-3.81,0.));
#661=VERTEX_POINT('',#660);
#662=CARTESIAN_POINT('',(-14.75606655,-3.81,0.));
#663=VERTEX_POINT('',#662);
#664=CARTESIAN_POINT('',(-10.67759006,-10.87412849,0.));
#665=VERTEX_POINT('',#664);
#666=CARTESIAN_POINT('',(-34.99235526,-52.98853719,0.));
#667=VERTEX_POINT('',#666);
#668=CARTESIAN_POINT('',(-63.38559694,-3.81,5.08));
#669=VERTEX_POINT('',#668);
#670=CARTESIAN_POINT('',(-14.75606655,-3.81,5.08));
#671=VERTEX_POINT('',#670);
#672=CARTESIAN_POINT('',(-10.67759006,-10.87412849,5.08));
#673=VERTEX_POINT('',#672);
#674=CARTESIAN_POINT('',(-34.99235526,-52.98853719,5.08));
#675=VERTEX_POINT('',#674);
#676=DIRECTION('',(1.,0.,0.));
#677=VECTOR('',#676,48.6295304);
#678=CARTESIAN_POINT('',(-63.38559694,-3.81,0.));
#679=LINE('',#678,#677);
#680=EDGE_CURVE('',#661,#663,#679,.T.);
#681=DIRECTION('',(1.,0.,0.));
#682=VECTOR('',#681,48.6295304);
#683=CARTESIAN_POINT('',(-63.38559694,-3.81,5.08));
#684=LINE('',#683,#682);
#685=EDGE_CURVE('',#669,#671,#684,.T.);
#686=DIRECTION('',(0.,0.,1.));
#687=VECTOR('',#686,5.08);
#688=CARTESIAN_POINT('',(-63.38559694,-3.81,0.));
#689=LINE('',#688,#687);
#690=EDGE_CURVE('',#661,#669,#689,.T.);
#691=CARTESIAN_POINT('',(0.,0.,0.));
#692=DIRECTION('',(0.,0.,1.));
#693=DIRECTION('',(1.,0.,0.));
#694=AXIS2_PLACEMENT_3D('',#691,#692,#693);
#695=CIRCLE('',#694,15.24);
#696=EDGE_CURVE('',#663,#665,#695,.T.);
#697=CARTESIAN_POINT('',(0.,0.,5.08));
#698=DIRECTION('',(0.,0.,1.));
#699=DIRECTION('',(1.,0.,0.));
#700=AXIS2_PLACEMENT_3D('',#697,#698,#699);
#701=CIRCLE('',#700,15.24);
#702=EDGE_CURVE('',#671,#673,#701,.T.);
#703=DIRECTION('',(0.,0.,1.));
#704=VECTOR('',#703,5.08);
#705=CARTESIAN_POINT('',(-14.75606655,-3.81,0.));
#706=LINE('',#705,#704);
#707=EDGE_CURVE('',#663,#671,#706,.T.);
#708=DIRECTION('',(-0.5,-0.8660254038,0.));
#709=VECTOR('',#708,48.6295304);
#710=CARTESIAN_POINT('',(-10.67759006,-10.87412849,0.));
#711=LINE('',#710,#709);
#712=EDGE_CURVE('',#665,#667,#711,.T.);
#713=DIRECTION('',(-0.5,-0.8660254038,0.));
#714=VECTOR('',#713,48.6295304);
#715=CARTESIAN_POINT('',(-10.67759006,-10.87412849,5.08));
#716=LINE('',#715,#714);
#717=EDGE_CURVE('',#673,#675,#716,.T.);
#718=DIRECTION('',(0.,0.,1.));
#719=VECTOR('',#718,5.08);
#720=CARTESIAN_POINT('',(-10.67759006,-10.87412849,0.));
#721=LINE('',#720,#719);
#722=EDGE_CURVE('',#665,#673,#721,.T.);
#723=CARTESIAN_POINT('',(0.,0.,0.));
#724=DIRECTION('',(0.,0.,1.));
#725=DIRECTION('',(1.,0.,0.));
#726=AXIS2_PLACEMENT_3D('',#723,#724,#725);
#727=CIRCLE('',#726,63.5);
#728=EDGE_CURVE('',#667,#661,#727,.F.);
#729=CARTESIAN_POINT('',(0.,0.,5.08));
#730=DIRECTION('',(0.,0.,1.));
#731=DIRECTION('',(1.,0.,0.));
#732=AXIS2_PLACEMENT_3D('',#729,#730,#731);
#733=CIRCLE('',#732,63.5);
#734=EDGE_CURVE('',#675,#669,#733,.F.);
#735=DIRECTION('',(0.,0.,1.));
#736=VECTOR('',#735,5.08);
#737=CARTESIAN_POINT('',(-34.99235526,-52.98853719,0.));
#738=LINE('',#737,#736);
#739=EDGE_CURVE('',#667,#675,#738,.T.);
#740=CARTESIAN_POINT('',(-63.38559694,-3.81,0.));
#741=DIRECTION('',(0.,-1.,0.));
#742=DIRECTION('',(1.,0.,0.));
#743=AXIS2_PLACEMENT_3D('',#740,#741,#742);
#744=PLANE('',#743);
#745=ORIENTED_EDGE('',*,*,#680,.T.);
#746=ORIENTED_EDGE('',*,*,#707,.T.);
#747=ORIENTED_EDGE('',*,*,#685,.F.);
#748=ORIENTED_EDGE('',*,*,#690,.F.);
#749=EDGE_LOOP('',(#745,#746,#747,#748));
#750=FACE_OUTER_BOUND('',#749,.T.);
#751=ADVANCED_FACE('',(#750),#744,.T.);
#752=CARTESIAN_POINT('',(0.,0.,0.));
#753=DIRECTION('',(0.,0.,1.));
#754=DIRECTION('',(1.,0.,0.));
#755=AXIS2_PLACEMENT_3D('',#752,#753,#754);
#756=CYLINDRICAL_SURFACE('',#755,15.24);
#757=ORIENTED_EDGE('',*,*,#696,.T.);
#758=ORIENTED_EDGE('',*,*,#722,.T.);
#759=ORIENTED_EDGE('',*,*,#702,.F.);
#760=ORIENTED_EDGE('',*,*,#707,.F.);
#761=EDGE_LOOP('',(#757,#758,#759,#760));
#762=FACE_OUTER_BOUND('',#761,.T.);
#763=ADVANCED_FACE('',(#762),#756,.T.);
#764=CARTESIAN_POINT('',(-10.67759006,-10.87412849,0.));
#765=DIRECTION('',(-0.8660254038,0.5,0.));
#766=DIRECTION('',(-0.5,-0.8660254038,0.));
#767=AXIS2_PLACEMENT_3D('',#764,#765,#766);
#768=PLANE('',#767);
#769=ORIENTED_EDGE('',*,*,#712,.T.);
#770=ORIENTED_EDGE('',*,*,#739,.T.);
#771=ORIENTED_EDGE('',*,*,#717,.F.);
#772=ORIENTED_EDGE('',*,*,#722,.F.);
#773=EDGE_LOOP('',(#769,#770,#771,#772));
#774=FACE_OUTER_BOUND('',#773,.T.);
#775=ADVANCED_FACE('',(#774),#768,.T.);
#776=CARTESIAN_POINT('',(0.,0.,0.));
#777=DIRECTION('',(0.,0.,1.));
#778=DIRECTION('',(1.,0.,0.));
#779=AXIS2_PLACEMENT_3D('',#776,#777,#778);
#780=CYLINDRICAL_SURFACE('',#779,63.5);
#781=ORIENTED_EDGE('',*,*,#728,.T.);
#782=ORIENTED_EDGE('',*,*,#690,.T.);
#783=ORIENTED_EDGE('',*,*,#734,.F.);
#784=ORIENTED_EDGE('',*,*,#739,.F.);
#785=EDGE_LOOP('',(#781,#782,#783,#784));
#786=FACE_OUTER_BOUND('',#785,.T.);
#787=ADVANCED_FACE('',(#786),#780,.F.);
#788=CARTESIAN_POINT('',(-28.39324168,-56.79853719,0.));
#789=VERTEX_POINT('',#788);
#790=CARTESIAN_POINT('',(-4.078476486,-14.68412849,0.));
#791=VERTEX_POINT('',#790);
#792=CARTESIAN_POINT('',(4.078476486,-14.68412849,0.));
#793=VERTEX_POINT('',#792);
#794=CARTESIAN_POINT('',(28.39324168,-56.79853719,0.));
#795=VERTEX_POINT('',#794);
#796=CARTESIAN_POINT('',(-28.39324168,-56.79853719,5.08));
#797=VERTEX_POINT('',#796);
#798=CARTESIAN_POINT('',(-4.078476486,-14.68412849,5.08));
#799=VERTEX_POINT('',#798);
#800=CARTESIAN_POINT('',(4.078476486,-14.68412849,5.08));
#801=VERTEX_POINT('',#800);
#802=CARTESIAN_POINT('',(28.39324168,-56.79853719,5.08));
#803=VERTEX_POINT('',#802);
#804=DIRECTION('',(0.5,0.8660254038,0.));
#805=VECTOR('',#804,48.6295304);
#806=CARTESIAN_POINT('',(-28.39324168,-56.79853719,0.));
#807=LINE('',#806,#805);
#808=EDGE_CURVE('',#789,#791,#807,.T.);
#809=DIRECTION('',(0.5,0.8660254038,0.));
#810=VECTOR('',#809,48.6295304);
#811=CARTESIAN_POINT('',(-28.39324168,-56.79853719,5.08));
#812=LINE('',#811,#810);
#813=EDGE_CURVE('',#797,#799,#812,.T.);
#814=DIRECTION('',(0.,0.,1.));
#815=VECTOR('',#814,5.08);
#816=CARTESIAN_POINT('',(-28.39324168,-56.79853719,0.));
#817=LINE('',#816,#815);
#818=EDGE_CURVE('',#789,#797,#817,.T.);
#819=CARTESIAN_POINT('',(0.,0.,0.));
#820=DIRECTION('',(0.,0.,1.));
#821=DIRECTION('',(1.,0.,0.));
#822=AXIS2_PLACEMENT_3D('',#819,#820,#821);
#823=CIRCLE('',#822,15.24);
#824=EDGE_CURVE('',#791,#793,#823,.T.);
#825=CARTESIAN_POINT('',(0.,0.,5.08));
#826=DIRECTION('',(0.,0.,1.));
#827=DIRECTION('',(1.,0.,0.));
#828=AXIS2_PLACEMENT_3D('',#825,#826,#827);
#829=CIRCLE('',#828,15.24);
#830=EDGE_CURVE('',#799,#801,#829,.T.);
#831=DIRECTION('',(0.,0.,1.));
#832=VECTOR('',#831,5.08);
#833=CARTESIAN_POINT('',(-4.078476486,-14.68412849,0.));
#834=LINE('',#833,#832);
#835=EDGE_CURVE('',#791,#799,#834,.T.);
#836=DIRECTION('',(0.5,-0.8660254038,0.));
#837=VECTOR('',#836,48.6295304);
#838=CARTESIAN_POINT('',(4.078476486,-14.68412849,0.));
#839=LINE('',#838,#837);
#840=EDGE_CURVE('',#793,#795,#839,.T.);
#841=DIRECTION('',(0.5,-0.8660254038,0.));
#842=VECTOR('',#841,48.6295304);
#843=CARTESIAN_POINT('',(4.078476486,-14.68412849,5.08));
#844=LINE('',#843,#842);
#845=EDGE_CURVE('',#801,#803,#844,.T.);
#846=DIRECTION('',(0.,0.,1.));
#847=VECTOR('',#846,5.08);
#848=CARTESIAN_POINT('',(4.078476486,-14.68412849,0.));
#849=LINE('',#848,#847);
#850=EDGE_CURVE('',#793,#801,#849,.T.);
#851=CARTESIAN_POINT('',(0.,0.,0.));
#852=DIRECTION('',(0.,0.,1.));
#853=DIRECTION('',(1.,0.,0.));
#854=AXIS2_PLACEMENT_3D('',#851,#852,#853);
#855=CIRCLE('',#854,63.5);
#856=EDGE_CURVE('',#795,#789,#855,.F.);
#857=CARTESIAN_POINT('',(0.,0.,5.08));
#858=DIRECTION('',(0.,0.,1.));
#859=DIRECTION('',(1.,0.,0.));
#860=AXIS2_PLACEMENT_3D('',#857,#858,#859);
#861=CIRCLE('',#860,63.5);
#862=EDGE_CURVE('',#803,#797,#861,.F.);
#863=DIRECTION('',(0.,0.,1.));
#864=VECTOR('',#863,5.08);
#865=CARTESIAN_POINT('',(28.39324168,-56.79853719,0.));
#866=LINE('',#865,#864);
#867=EDGE_CURVE('',#795,#803,#866,.T.);
#868=CARTESIAN_POINT('',(-28.39324168,-56.79853719,0.));
#869=DIRECTION('',(0.8660254038,-0.5,0.));
#870=DIRECTION('',(0.5,0.8660254038,0.));
#871=AXIS2_PLACEMENT_3D('',#868,#869,#870);
#872=PLANE('',#871);
#873=ORIENTED_EDGE('',*,*,#808,.T.);
#874=ORIENTED_EDGE('',*,*,#835,.T.);
#875=ORIENTED_EDGE('',*,*,#813,.F.);
#876=ORIENTED_EDGE('',*,*,#818,.F.);
#877=EDGE_LOOP('',(#873,#874,#875,#876));
#878=FACE_OUTER_BOUND('',#877,.T.);
#879=ADVANCED_FACE('',(#878),#872,.T.);
#880=CARTESIAN_POINT('',(0.,0.,0.));
#881=DIRECTION('',(0.,0.,1.));
#882=DIRECTION('',(1.,0.,0.));
#883=AXIS2_PLACEMENT_3D('',#880,#881,#882);
#884=CYLINDRICAL_SURFACE('',#883,15.24);
#885=ORIENTED_EDGE('',*,*,#824,.T.);
#886=ORIENTED_EDGE('',*,*,#850,.T.);
#887=ORIENTED_EDGE('',*,*,#830,.F.);
#888=ORIENTED_EDGE('',*,*,#835,.F.);
#889=EDGE_LOOP('',(#885,#886,#887,#888));
#890=FACE_OUTER_BOUND('',#889,.T.);
#891=ADVANCED_FACE('',(#890),#884,.T.);
#892=CARTESIAN_POINT('',(4.078476486,-14.68412849,0.));
#893=DIRECTION('',(-0.8660254038,-0.5,0.));
#894=DIRECTION('',(0.5,-0.8660254038,0.));
#895=AXIS2_PLACEMENT_3D('',#892,#893,#894);
#896=PLANE('',#895);
#897=ORIENTED_EDGE('',*,*,#840,.T.);
#898=ORIENTED_EDGE('',*,*,#867,.T.);
#899=ORIENTED_EDGE('',*,*,#845,.F.);
#900=ORIENTED_EDGE('',*,*,#850,.F.);
#901=EDGE_LOOP('',(#897,#898,#899,#900));
#902=FACE_OUTER_BOUND('',#901,.T.);
#903=ADVANCED_FACE('',(#902),#896,.T.);
#904=CARTESIAN_POINT('',(0.,0.,0.));
#905=DIRECTION('',(0.,0.,1.));
#906=DIRECTION('',(1.,0.,0.));
#907=AXIS2_PLACEMENT_3D('',#904,#905,#906);
#908=CYLINDRICAL_SURFACE('',#907,63.5);
#909=ORIENTED_EDGE('',*,*,#856,.T.);
#910=ORIENTED_EDGE('',*,*,#818,.T.);
#911=ORIENTED_EDGE('',*,*,#862,.F.);
#912=ORIENTED_EDGE('',*,*,#867,.F.);
#913=EDGE_LOOP('',(#909,#910,#911,#912));
#914=FACE_OUTER_BOUND('',#913,.T.);
#915=ADVANCED_FACE('',(#914),#908,.F.);
#916=CARTESIAN_POINT('',(34.99235526,-52.98853719,0.));
#917=VERTEX_POINT('',#916);
#918=CARTESIAN_POINT('',(10.67759006,-10.87412849,0.));
#919=VERTEX_POINT('',#918);
#920=CARTESIAN_POINT('',(14.75606655,-3.81,0.));
#921=VERTEX_POINT('',#920);
#922=CARTESIAN_POINT('',(63.38559694,-3.81,0.));
#923=VERTEX_POINT('',#922);
#924=CARTESIAN_POINT('',(34.99235526,-52.98853719,5.08));
#925=VERTEX_POINT('',#924);
#926=CARTESIAN_POINT('',(10.67759006,-10.87412849,5.08));
#927=VERTEX_POINT('',#926);
#928=CARTESIAN_POINT('',(14.75606655,-3.81,5.08));
#929=VERTEX_POINT('',#928);
#930=CARTESIAN_POINT('',(63.38559694,-3.81,5.08));
#931=VERTEX_POINT('',#930);
#932=DIRECTION('',(-0.5,0.8660254038,0.));
#933=VECTOR('',#932,48.6295304);
#934=CARTESIAN_POINT('',(34.99235526,-52.98853719,0.));
#935=LINE('',#934,#933);
#936=EDGE_CURVE('',#917,#919,#935,.T.);
#937=DIRECTION('',(-0.5,0.8660254038,0.));
#938=VECTOR('',#937,48.6295304);
#939=CARTESIAN_POINT('',(34.99235526,-52.98853719,5.08));
#940=LINE('',#939,#938);
#941=EDGE_CURVE('',#925,#927,#940,.T.);
#942=DIRECTION('',(0.,0.,1.));
#943=VECTOR('',#942,5.08);
#944=CARTESIAN_POINT('',(34.99235526,-52.98853719,0.));
#945=LINE('',#944,#943);
#946=EDGE_CURVE('',#917,#925,#945,.T.);
#947=CARTESIAN_POINT('',(0.,0.,0.));
#948=DIRECTION('',(0.,0.,1.));
#949=DIRECTION('',(1.,0.,0.));
#950=AXIS2_PLACEMENT_3D('',#947,#948,#949);
#951=CIRCLE('',#950,15.24);
#952=EDGE_CURVE('',#919,#921,#951,.T.);
#953=CARTESIAN_POINT('',(0.,0.,5.08));
#954=DIRECTION('',(0.,0.,1.));
#955=DIRECTION('',(1.,0.,0.));
#956=AXIS2_PLACEMENT_3D('',#953,#954,#955);
#957=CIRCLE('',#956,15.24);
#958=EDGE_CURVE('',#927,#929,#957,.T.);
#959=DIRECTION('',(0.,0.,1.));
#960=VECTOR('',#959,5.08);
#961=CARTESIAN_POINT('',(10.67759006,-10.87412849,0.));
#962=LINE('',#961,#960);
#963=EDGE_CURVE('',#919,#927,#962,.T.);
#964=DIRECTION('',(1.,0.,0.));
#965=VECTOR('',#964,48.6295304);
#966=CARTESIAN_POINT('',(14.75606655,-3.81,0.));
#967=LINE('',#966,#965);
#968=EDGE_CURVE('',#921,#923,#967,.T.);
#969=DIRECTION('',(1.,0.,0.));
#970=VECTOR('',#969,48.6295304);
#971=CARTESIAN_POINT('',(14.75606655,-3.81,5.08));
#972=LINE('',#971,#970);
#973=EDGE_CURVE('',#929,#931,#972,.T.);
#974=DIRECTION('',(0.,0.,1.));
#975=VECTOR('',#974,5.08);
#976=CARTESIAN_POINT('',(14.75606655,-3.81,0.));
#977=LINE('',#976,#975);
#978=EDGE_CURVE('',#921,#929,#977,.T.);
#979=CARTESIAN_POINT('',(0.,0.,0.));
#980=DIRECTION('',(0.,0.,1.));
#981=DIRECTION('',(1.,0.,0.));
#982=AXIS2_PLACEMENT_3D('',#979,#980,#981);
#983=CIRCLE('',#982,63.5);
#984=EDGE_CURVE('',#923,#917,#983,.F.);
#985=CARTESIAN_POINT('',(0.,0.,5.08));
#986=DIRECTION('',(0.,0.,1.));
#987=DIRECTION('',(1.,0.,0.));
#988=AXIS2_PLACEMENT_3D('',#985,#986,#987);
#989=CIRCLE('',#988,63.5);
#990=EDGE_CURVE('',#931,#925,#989,.F.);
#991=DIRECTION('',(0.,0.,1.));
#992=VECTOR('',#991,5.08);
#993=CARTESIAN_POINT('',(63.38559694,-3.81,0.));
#994=LINE('',#993,#992);
#995=EDGE_CURVE('',#923,#931,#994,.T.);
#996=CARTESIAN_POINT('',(34.99235526,-52.98853719,0.));
#997=DIRECTION('',(0.8660254038,0.5,0.));
#998=DIRECTION('',(-0.5,0.8660254038,0.));
#999=AXIS2_PLACEMENT_3D('',#996,#997,#998);
#1000=PLANE('',#999);
#1001=ORIENTED_EDGE('',*,*,#936,.T.);
#1002=ORIENTED_EDGE('',*,*,#963,.T.);
#1003=ORIENTED_EDGE('',*,*,#941,.F.);
#1004=ORIENTED_EDGE('',*,*,#946,.F.);
#1005=EDGE_LOOP('',(#1001,#1002,#1003,#1004));
#1006=FACE_OUTER_BOUND('',#1005,.T.);
#1007=ADVANCED_FACE('',(#1006),#1000,.T.);
#1008=CARTESIAN_POINT('',(0.,0.,0.));
#1009=DIRECTION('',(0.,0.,1.));
#1010=DIRECTION('',(1.,0.,0.));
#1011=AXIS2_PLACEMENT_3D('',#1008,#1009,#1010);
#1012=CYLINDRICAL_SURFACE('',#1011,15.24);
#1013=ORIENTED_EDGE('',*,*,#952,.T.);
#1014=ORIENTED_EDGE('',*,*,#978,.T.);
#1015=ORIENTED_EDGE('',*,*,#958,.F.);
#1016=ORIENTED_EDGE('',*,*,#963,.F.);
#1017=EDGE_LOOP('',(#1013,#1014,#1015,#1016));
#1018=FACE_OUTER_BOUND('',#1017,.T.);
#1019=ADVANCED_FACE('',(#1018),#1012,.T.);
#1020=CARTESIAN_POINT('',(14.75606655,-3.81,0.));
#1021=DIRECTION('',(0.,-1.,0.));
#1022=DIRECTION('',(1.,0.,0.));
#1023=AXIS2_PLACEMENT_3D('',#1020,#1021,#1022);
#1024=PLANE('',#1023);
#1025=ORIENTED_EDGE('',*,*,#968,.T.);
#1026=ORIENTED_EDGE('',*,*,#995,.T.);
#1027=ORIENTED_EDGE('',*,*,#973,.F.);
#1028=ORIENTED_EDGE('',*,*,#978,.F.);
#1029=EDGE_LOOP('',(#1025,#1026,#1027,#1028));
#1030=FACE_OUTER_BOUND('',#1029,.T.);
#1031=ADVANCED_FACE('',(#1030),#1024,.T.);
#1032=CARTESIAN_POINT('',(0.,0.,0.));
#1033=DIRECTION('',(0.,0.,1.));
#1034=DIRECTION('',(1.,0.,0.));
#1035=AXIS2_PLACEMENT_3D('',#1032,#1033,#1034);
#1036=CYLINDRICAL_SURFACE('',#1035,63.5);
#1037=ORIENTED_EDGE('',*,*,#984,.T.);
#1038=ORIENTED_EDGE('',*,*,#946,.T.);
#1039=ORIENTED_EDGE('',*,*,#990,.F.);
#1040=ORIENTED_EDGE('',*,*,#995,.F.);
#1041=EDGE_LOOP('',(#1037,#1038,#1039,#1040));
#1042=FACE_OUTER_BOUND('',#1041,.T.);
#1043=ADVANCED_FACE('',(#1042),#1036,.F.);
#1044=CARTESIAN_POINT('',(0.,0.,5.08));
#1045=DIRECTION('',(0.,0.,1.));
#1046=DIRECTION('',(1.,0.,0.));
#1047=AXIS2_PLACEMENT_3D('',#1044,#1045,#1046);
#1048=PLANE('',#1047);
#1049=ORIENTED_EDGE('',*,*,#43,.T.);
#1050=ORIENTED_EDGE('',*,*,#60,.T.);
#1051=EDGE_LOOP('',(#1049,#1050));
#1052=FACE_OUTER_BOUND('',#1051,.T.);
#1053=ORIENTED_EDGE('',*,*,#123,.T.);
#1054=ORIENTED_EDGE('',*,*,#138,.T.);
#1055=ORIENTED_EDGE('',*,*,#153,.T.);
#1056=ORIENTED_EDGE('',*,*,#168,.T.);
#1057=ORIENTED_EDGE('',*,*,#183,.T.);
#1058=ORIENTED_EDGE('',*,*,#198,.T.);
#1059=EDGE_LOOP('',(#1053,#1054,#1055,#1056,#1057,#1058));
#1060=FACE_BOUND('',#1059,.T.);
#1061=ORIENTED_EDGE('',*,*,#301,.T.);
#1062=ORIENTED_EDGE('',*,*,#318,.T.);
#1063=ORIENTED_EDGE('',*,*,#333,.T.);
#1064=ORIENTED_EDGE('',*,*,#350,.T.);
#1065=EDGE_LOOP('',(#1061,#1062,#1063,#1064));
#1066=FACE_BOUND('',#1065,.T.);
#1067=ORIENTED_EDGE('',*,*,#429,.T.);
#1068=ORIENTED_EDGE('',*,*,#446,.T.);
#1069=ORIENTED_EDGE('',*,*,#461,.T.);
#1070=ORIENTED_EDGE('',*,*,#478,.T.);
#1071=EDGE_LOOP('',(#1067,#1068,#1069,#1070));
#1072=FACE_BOUND('',#1071,.T.);
#1073=ORIENTED_EDGE('',*,*,#557,.T.);
#1074=ORIENTED_EDGE('',*,*,#574,.T.);
#1075=ORIENTED_EDGE('',*,*,#589,.T.);
#1076=ORIENTED_EDGE('',*,*,#606,.T.);
#1077=EDGE_LOOP('',(#1073,#1074,#1075,#1076));
#1078=FACE_BOUND('',#1077,.T.);
#1079=ORIENTED_EDGE('',*,*,#685,.T.);
#1080=ORIENTED_EDGE('',*,*,#702,.T.);
#1081=ORIENTED_EDGE('',*,*,#717,.T.);
#1082=ORIENTED_EDGE('',*,*,#734,.T.);
#1083=EDGE_LOOP('',(#1079,#1080,#1081,#1082));
#1084=FACE_BOUND('',#1083,.T.);
#1085=ORIENTED_EDGE('',*,*,#813,.T.);
#1086=ORIENTED_EDGE('',*,*,#830,.T.);
#1087=ORIENTED_EDGE('',*,*,#845,.T.);
#1088=ORIENTED_EDGE('',*,*,#862,.T.);
#1089=EDGE_LOOP('',(#1085,#1086,#1087,#1088));
#1090=FACE_BOUND('',#1089,.T.);
#1091=ORIENTED_EDGE('',*,*,#941,.T.);
#1092=ORIENTED_EDGE('',*,*,#958,.T.);
#1093=ORIENTED_EDGE('',*,*,#973,.T.);
#1094=ORIENTED_EDGE('',*,*,#990,.T.);
#1095=EDGE_LOOP('',(#1091,#1092,#1093,#1094));
#1096=FACE_BOUND('',#1095,.T.);
#1097=ADVANCED_FACE('',(#1052,#1060,#1066,#1072,#1078,#1084,#1090,#1096),#1048,.T.);
#1098=CARTESIAN_POINT('',(0.,0.,0.));
#1099=DIRECTION('',(0.,0.,-1.));
#1100=DIRECTION('',(1.,0.,0.));
#1101=AXIS2_PLACEMENT_3D('',#1098,#1099,#1100);
#1102=PLANE('',#1101);
#1103=ORIENTED_EDGE('',*,*,#54,.F.);
#1104=ORIENTED_EDGE('',*,*,#37,.F.);
#1105=EDGE_LOOP('',(#1103,#1104));
#1106=FACE_OUTER_BOUND('',#1105,.T.);
#1107=ORIENTED_EDGE('',*,*,#193,.F.);
#1108=ORIENTED_EDGE('',*,*,#178,.F.);
#1109=ORIENTED_EDGE('',*,*,#163,.F.);
#1110=ORIENTED_EDGE('',*,*,#148,.F.);
#1111=ORIENTED_EDGE('',*,*,#133,.F.);
#1112=ORIENTED_EDGE('',*,*,#118,.F.);
#1113=EDGE_LOOP('',(#1107,#1108,#1109,#1110,#1111,#1112));
#1114=FACE_BOUND('',#1113,.T.);
#1115=ORIENTED_EDGE('',*,*,#344,.F.);
#1116=ORIENTED_EDGE('',*,*,#328,.F.);
#1117=ORIENTED_EDGE('',*,*,#312,.F.);
#1118=ORIENTED_EDGE('',*,*,#296,.F.);
#1119=EDGE_LOOP('',(#1115,#1116,#1117,#1118));
#1120=FACE_BOUND('',#1119,.T.);
#1121=ORIENTED_EDGE('',*,*,#472,.F.);
#1122=ORIENTED_EDGE('',*,*,#456,.F.);
#1123=ORIENTED_EDGE('',*,*,#440,.F.);
#1124=ORIENTED_EDGE('',*,*,#424,.F.);
#1125=EDGE_LOOP('',(#1121,#1122,#1123,#1124));
#1126=FACE_BOUND('',#1125,.T.);
#1127=ORIENTED_EDGE('',*,*,#600,.F.);
#1128=ORIENTED_EDGE('',*,*,#584,.F.);
#1129=ORIENTED_EDGE('',*,*,#568,.F.);
#1130=ORIENTED_EDGE('',*,*,#552,.F.);
#1131=EDGE_LOOP('',(#1127,#1128,#1129,#1130));
#1132=FACE_BOUND('',#1131,.T.);
#1133=ORIENTED_EDGE('',*,*,#728,.F.);
#1134=ORIENTED_EDGE('',*,*,#712,.F.);
#1135=ORIENTED_EDGE('',*,*,#696,.F.);
#1136=ORIENTED_EDGE('',*,*,#680,.F.);
#1137=EDGE_LOOP('',(#1133,#1134,#1135,#1136));
#1138=FACE_BOUND('',#1137,.T.);
#1139=ORIENTED_EDGE('',*,*,#856,.F.);
#1140=ORIENTED_EDGE('',*,*,#840,.F.);
#1141=ORIENTED_EDGE('',*,*,#824,.F.);
#1142=ORIENTED_EDGE('',*,*,#808,.F.);
#1143=EDGE_LOOP('',(#1139,#1140,#1141,#1142));
#1144=FACE_BOUND('',#1143,.T.);
#1145=ORIENTED_EDGE('',*,*,#984,.F.);
#1146=ORIENTED_EDGE('',*,*,#968,.F.);
#1147=ORIENTED_EDGE('',*,*,#952,.F.);
#1148=ORIENTED_EDGE('',*,*,#936,.F.);
#1149=EDGE_LOOP('',(#1145,#1146,#1147,#1148));
#1150=FACE_BOUND('',#1149,.T.);
#1151=ADVANCED_FACE('',(#1106,#1114,#1120,#1126,#1132,#1138,#1144,#1150),#1102,.T.);
#1152=CLOSED_SHELL('',(#77,#89,#215,#227,#239,#251,#263,#275,#367,#379,#391,#403,#495,#507,#519,#531,#623,#635,#647,#659,#751,#763,#775,#787,#879,#891,#903,#915,#1007,#1019,#1031,#1043,#1097,#1151));
#1153=MANIFOLD_SOLID_BREP('frame_bottom',#1152);
#1154=ADVANCED_BREP_SHAPE_REPRESENTATION('frame_bottom',(#23,#1153),#9);
#1155=SHAPE_DEFINITION_REPRESENTATION(#19,#1154);
#1156=PRODUCT('tray_frame','tray_frame','',(#3));
#1157=PRODUCT_RELATED_PRODUCT_CATEGORY('part',$,(#1156));
#1158=PRODUCT_DEFINITION_FORMATION('','',#1156);
#1159=PRODUCT_DEFINITION('design','',#1158,#4);
#1160=PRODUCT_DEFINITION_SHAPE('','',#1159);
#1161=CARTESIAN_POINT('',(0.,0.,0.));
#1162=DIRECTION('',(0.,0.,1.));
#1163=DIRECTION('',(1.,0.,0.));
#1164=AXIS2_PLACEMENT_3D('',#1161,#1162,#1163);
#1165=CARTESIAN_POINT('',(49.784,-54.28949202,0.));
#1166=VERTEX_POINT('',#1165);
#1167=CARTESIAN_POINT('',(49.784,54.28949202,0.));
#1168=VERTEX_POINT('',#1167);
#1169=CARTESIAN_POINT('',(42.91724138,46.80128623,0.));
#1170=VERTEX_POINT('',#1169);
#1171=CARTESIAN_POINT('',(42.91724138,-46.80128623,0.));
#1172=VERTEX_POINT('',#1171);
#1173=CARTESIAN_POINT('',(49.784,-54.28949202,12.827));
#1174=VERTEX_POINT('',#1173);
#1175=CARTESIAN_POINT('',(49.784,54.28949202,12.827));
#1176=VERTEX_POINT('',#1175);
#1177=CARTESIAN_POINT('',(42.91724138,46.80128623,12.827));
#1178=VERTEX_POINT('',#1177);
#1179=CARTESIAN_POINT('',(42.91724138,-46.80128623,12.827));
#1180=VERTEX_POINT('',#1179);
#1181=CARTESIAN_POINT('',(0.,0.,0.));
#1182=DIRECTION('',(0.,0.,1.));
#1183=DIRECTION('',(1.,0.,0.));
#1184=AXIS2_PLACEMENT_3D('',#1181,#1182,#1183);
#1185=CIRCLE('',#1184,73.66);
#1186=EDGE_CURVE('',#1166,#1168,#1185,.T.);
#1187=CARTESIAN_POINT('',(0.,0.,12.827));
#1188=DIRECTION('',(0.,0.,1.));
#1189=DIRECTION('',(1.,0.,0.));
#1190=AXIS2_PLACEMENT_3D('',#1187,#1188,#1189);
#1191=CIRCLE('',#1190,73.66);
#1192=EDGE_CURVE('',#1174,#1176,#1191,.T.);
#1193=DIRECTION('',(0.,0.,1.));
#1194=VECTOR('',#1193,12.827);
#1195=CARTESIAN_POINT('',(49.784,-54.28949202,0.));
#1196=LINE('',#1195,#1194);
#1197=EDGE_CURVE('',#1166,#1174,#1196,.T.);
#1198=DIRECTION('',(-0.675862069,-0.7370281295,0.));
#1199=VECTOR('',#1198,10.16);
#1200=CARTESIAN_POINT('',(49.784,54.28949202,0.));
#1201=LINE('',#1200,#1199);
#1202=EDGE_CURVE('',#1168,#1170,#1201,.T.);
#1203=DIRECTION('',(-0.675862069,-0.7370281295,0.));
#1204=VECTOR('',#1203,10.16);
#1205=CARTESIAN_POINT('',(49.784,54.28949202,12.827));
#1206=LINE('',#1205,#1204);
#1207=EDGE_CURVE('',#1176,#1178,#1206,.T.);
#1208=DIRECTION('',(0.,0.,1.));
#1209=VECTOR('',#1208,12.827);
#1210=CARTESIAN_POINT('',(49.784,54.28949202,0.));
#1211=LINE('',#1210,#1209);
#1212=EDGE_CURVE('',#1168,#1176,#1211,.T.);
#1213=CARTESIAN_POINT('',(0.,0.,0.));
#1214=DIRECTION('',(0.,0.,1.));
#1215=DIRECTION('',(1.,0.,0.));
#1216=AXIS2_PLACEMENT_3D('',#1213,#1214,#1215);
#1217=CIRCLE('',#1216,63.5);
#1218=EDGE_CURVE('',#1170,#1172,#1217,.F.);
#1219=CARTESIAN_POINT('',(0.,0.,12.827));
#1220=DIRECTION('',(0.,0.,1.));
#1221=DIRECTION('',(1.,0.,0.));
#1222=AXIS2_PLACEMENT_3D('',#1219,#1220,#1221);
#1223=CIRCLE('',#1222,63.5);
#1224=EDGE_CURVE('',#1178,#1180,#1223,.F.);
#1225=DIRECTION('',(0.,0.,1.));
#1226=VECTOR('',#1225,12.827);
#1227=CARTESIAN_POINT('',(42.91724138,46.80128623,0.));
#1228=LINE('',#1227,#1226);
#1229=EDGE_CURVE('',#1170,#1178,#1228,.T.);
#1230=DIRECTION('',(0.675862069,-0.7370281295,0.));
#1231=VECTOR('',#1230,10.16);
#1232=CARTESIAN_POINT('',(42.91724138,-46.80128623,0.));
#1233=LINE('',#1232,#1231);
#1234=EDGE_CURVE('',#1172,#1166,#1233,.T.);
#1235=DIRECTION('',(0.675862069,-0.7370281295,0.));
#1236=VECTOR('',#1235,10.16);
#1237=CARTESIAN_POINT('',(42.91724138,-46.80128623,12.827));
#1238=LINE('',#1237,#1236);
#1239=EDGE_CURVE('',#1180,#1174,#1238,.T.);
#1240=DIRECTION('',(0.,0.,1.));
#1241=VECTOR('',#1240,12.827);
#1242=CARTESIAN_POINT('',(42.91724138,-46.80128623,0.));
#1243=LINE('',#1242,#1241);
#1244=EDGE_CURVE('',#1172,#1180,#1243,.T.);
#1245=CARTESIAN_POINT('',(0.,0.,0.));
#1246=DIRECTION('',(0.,0.,1.));
#1247=DIRECTION('',(1.,0.,0.));
#1248=AXIS2_PLACEMENT_3D('',#1245,#1246,#1247);
#1249=CYLINDRICAL_SURFACE('',#1248,73.66);
#1250=ORIENTED_EDGE('',*,*,#1186,.T.);
#1251=ORIENTED_EDGE('',*,*,#1212,.T.);
#1252=ORIENTED_EDGE('',*,*,#1192,.F.);
#1253=ORIENTED_EDGE('',*,*,#1197,.F.);
#1254=EDGE_LOOP('',(#1250,#1251,#1252,#1253));
#1255=FACE_OUTER_BOUND('',#1254,.T.);
#1256=ADVANCED_FACE('',(#1255),#1249,.T.);
#1257=CARTESIAN_POINT('',(49.784,54.28949202,0.));
#1258=DIRECTION('',(-0.7370281295,0.675862069,0.));
#1259=DIRECTION('',(-0.675862069,-0.7370281295,0.));
#1260=AXIS2_PLACEMENT_3D('',#1257,#1258,#1259);
#1261=PLANE('',#1260);
#1262=ORIENTED_EDGE('',*,*,#1202,.T.);
#1263=ORIENTED_EDGE('',*,*,#1229,.T.);
#1264=ORIENTED_EDGE('',*,*,#1207,.F.);
#1265=ORIENTED_EDGE('',*,*,#1212,.F.);
#1266=EDGE_LOOP('',(#1262,#1263,#1264,#1265));
#1267=FACE_OUTER_BOUND('',#1266,.T.);
#1268=ADVANCED_FACE('',(#1267),#1261,.T.);
#1269=CARTESIAN_POINT('',(0.,0.,0.));
#1270=DIRECTION('',(0.,0.,1.));
#1271=DIRECTION('',(1.,0.,0.));
#1272=AXIS2_PLACEMENT_3D('',#1269,#1270,#1271);
#1273=CYLINDRICAL_SURFACE('',#1272,63.5);
#1274=ORIENTED_EDGE('',*,*,#1218,.T.);
#1275=ORIENTED_EDGE('',*,*,#1244,.T.);
#1276=ORIENTED_EDGE('',*,*,#1224,.F.);
#1277=ORIENTED_EDGE('',*,*,#1229,.F.);
#1278=EDGE_LOOP('',(#1274,#1275,#1276,#1277));
#1279=FACE_OUTER_BOUND('',#1278,.T.);
#1280=ADVANCED_FACE('',(#1279),#1273,.F.);
#1281=CARTESIAN_POINT('',(42.91724138,-46.80128623,0.));
#1282=DIRECTION('',(-0.7370281295,-0.675862069,0.));
#1283=DIRECTION('',(0.675862069,-0.7370281295,0.));
#1284=AXIS2_PLACEMENT_3D('',#1281,#1282,#1283);
#1285=PLANE('',#1284);
#1286=ORIENTED_EDGE('',*,*,#1234,.T.);
#1287=ORIENTED_EDGE('',*,*,#1197,.T.);
#1288=ORIENTED_EDGE('',*,*,#1239,.F.);
#1289=ORIENTED_EDGE('',*,*,#1244,.F.);
#1290=EDGE_LOOP('',(#1286,#1287,#1288,#1289));
#1291=FACE_OUTER_BOUND('',#1290,.T.);
#1292=ADVANCED_FACE('',(#1291),#1285,.T.);
#1293=CARTESIAN_POINT('',(0.,0.,12.827));
#1294=DIRECTION('',(0.,0.,1.));
#1295=DIRECTION('',(1.,0.,0.));
#1296=AXIS2_PLACEMENT_3D('',#1293,#1294,#1295);
#1297=PLANE('',#1296);
#1298=ORIENTED_EDGE('',*,*,#1192,.T.);
#1299=ORIENTED_EDGE('',*,*,#1207,.T.);
#1300=ORIENTED_EDGE('',*,*,#1224,.T.);
#1301=ORIENTED_EDGE('',*,*,#1239,.T.);
#1302=EDGE_LOOP('',(#1298,#1299,#1300,#1301));
#1303=FACE_OUTER_BOUND('',#1302,.T.);
#1304=ADVANCED_FACE('',(#1303),#1297,.T.);
#1305=CARTESIAN_POINT('',(0.,0.,0.));
#1306=DIRECTION('',(0.,0.,-1.));
#1307=DIRECTION('',(1.,0.,0.));
#1308=AXIS2_PLACEMENT_3D('',#1305,#1306,#1307);
#1309=PLANE('',#1308);
#1310=ORIENTED_EDGE('',*,*,#1234,.F.);
#1311=ORIENTED_EDGE('',*,*,#1218,.F.);
#1312=ORIENTED_EDGE('',*,*,#1202,.F.);
#1313=ORIENTED_EDGE('',*,*,#1186,.F.);
#1314=EDGE_LOOP('',(#1310,#1311,#1312,#1313));
#1315=FACE_OUTER_BOUND('',#1314,.T.);
#1316=ADVANCED_FACE('',(#1315),#1309,.T.);
#1317=CLOSED_SHELL('',(#1256,#1268,#1280,#1292,#1304,#1316));
#1318=MANIFOLD_SOLID_BREP('tray_frame',#1317);
#1319=ADVANCED_BREP_SHAPE_REPRESENTATION('tray_frame',(#1164,#1318),#9);
#1320=SHAPE_DEFINITION_REPRESENTATION(#1160,#1319);
#1321=PRODUCT('tray','tray','',(#3));
#1322=PRODUCT_RELATED_PRODUCT_CATEGORY('part',$,(#1321));
#1323=PRODUCT_DEFINITION_FORMATION('','',#1321);
#1324=PRODUCT_DEFINITION('design','',#1323,#4);
#1325=PRODUCT_DEFINITION_SHAPE('','',#1324);
#1326=CARTESIAN_POINT('',(0.,0.,0.));
#1327=DIRECTION('',(0.,0.,1.));
#1328=DIRECTION('',(1.,0.,0.));
#1329=AXIS2_PLACEMENT_3D('',#1326,#1327,#1328);
#1330=CARTESIAN_POINT('',(49.784,-54.28949202,0.));
#1331=VERTEX_POINT('',#1330);
#1332=CARTESIAN_POINT('',(49.784,54.28949202,0.));
#1333=VERTEX_POINT('',#1332);
#1334=CARTESIAN_POINT('',(-49.784,54.28949202,0.));
#1335=VERTEX_POINT('',#1334);
#1336=CARTESIAN_POINT('',(-49.784,-54.28949202,0.));
#1337=VERTEX_POINT('',#1336);
#1338=CARTESIAN_POINT('',(49.784,-54.28949202,1.524));
#1339=VERTEX_POINT('',#1338);
#1340=CARTESIAN_POINT('',(49.784,54.28949202,1.524));
#1341=VERTEX_POINT('',#1340);
#1342=CARTESIAN_POINT('',(-49.784,54.28949202,1.524));
#1343=VERTEX_POINT('',#1342);
#1344=CARTESIAN_POINT('',(-49.784,-54.28949202,1.524));
#1345=VERTEX_POINT('',#1344);
#1346=DIRECTION('',(0.,1.,0.));
#1347=VECTOR('',#1346,108.578984);
#1348=CARTESIAN_POINT('',(49.784,-54.28949202,0.));
#1349=LINE('',#1348,#1347);
#1350=EDGE_CURVE('',#1331,#1333,#1349,.T.);
#1351=DIRECTION('',(0.,1.,0.));
#1352=VECTOR('',#1351,108.578984);
#1353=CARTESIAN_POINT('',(49.784,-54.28949202,1.524));
#1354=LINE('',#1353,#1352);
#1355=EDGE_CURVE('',#1339,#1341,#1354,.T.);
#1356=DIRECTION('',(0.,0.,1.));
#1357=VECTOR('',#1356,1.524);
#1358=CARTESIAN_POINT('',(49.784,-54.28949202,0.));
#1359=LINE('',#1358,#1357);
#1360=EDGE_CURVE('',#1331,#1339,#1359,.T.);
#1361=CARTESIAN_POINT('',(0.,0.,0.));
#1362=DIRECTION('',(0.,0.,1.));
#1363=DIRECTION('',(1.,0.,0.));
#1364=AXIS2_PLACEMENT_3D('',#1361,#1362,#1363);
#1365=CIRCLE('',#1364,73.66);
#1366=EDGE_CURVE('',#1333,#1335,#1365,.T.);
#1367=CARTESIAN_POINT('',(0.,0.,1.524));
#1368=DIRECTION('',(0.,0.,1.));
#1369=DIRECTION('',(1.,0.,0.));
#1370=AXIS2_PLACEMENT_3D('',#1367,#1368,#1369);
#1371=CIRCLE('',#1370,73.66);
#1372=EDGE_CURVE('',#1341,#1343,#1371,.T.);
#1373=DIRECTION('',(0.,0.,1.));
#1374=VECTOR('',#1373,1.524);
#1375=CARTESIAN_POINT('',(49.784,54.28949202,0.));
#1376=LINE('',#1375,#1374);
#1377=EDGE_CURVE('',#1333,#1341,#1376,.T.);
#1378=DIRECTION('',(0.,-1.,0.));
#1379=VECTOR('',#1378,108.578984);
#1380=CARTESIAN_POINT('',(-49.784,54.28949202,0.));
#1381=LINE('',#1380,#1379);
#1382=EDGE_CURVE('',#1335,#1337,#1381,.T.);
#1383=DIRECTION('',(0.,-1.,0.));
#1384=VECTOR('',#1383,108.578984);
#1385=CARTESIAN_POINT('',(-49.784,54.28949202,1.524));
#1386=LINE('',#1385,#1384);
#1387=EDGE_CURVE('',#1343,#1345,#1386,.T.);
#1388=DIRECTION('',(0.,0.,1.));
#1389=VECTOR('',#1388,1.524);
#1390=CARTESIAN_POINT('',(-49.784,54.28949202,0.));
#1391=LINE('',#1390,#1389);
#1392=EDGE_CURVE('',#1335,#1343,#1391,.T.);
#1393=CARTESIAN_POINT('',(0.,0.,0.));
#1394=DIRECTION('',(0.,0.,1.));
#1395=DIRECTION('',(1.,0.,0.));
#1396=AXIS2_PLACEMENT_3D('',#1393,#1394,#1395);
#1397=CIRCLE('',#1396,73.66);
#1398=EDGE_CURVE('',#1337,#1331,#1397,.T.);
#1399=CARTESIAN_POINT('',(0.,0.,1.524));
#1400=DIRECTION('',(0.,0.,1.));
#1401=DIRECTION('',(1.,0.,0.));
#1402=AXIS2_PLACEMENT_3D('',#1399,#1400,#1401);
#1403=CIRCLE('',#1402,73.66);
#1404=EDGE_CURVE('',#1345,#1339,#1403,.T.);
#1405=DIRECTION('',(0.,0.,1.));
#1406=VECTOR('',#1405,1.524);
#1407=CARTESIAN_POINT('',(-49.784,-54.28949202,0.));
#1408=LINE('',#1407,#1406);
#1409=EDGE_CURVE('',#1337,#1345,#1408,.T.);
#1410=CARTESIAN_POINT('',(49.784,-54.28949202,0.));
#1411=DIRECTION('',(1.,0.,0.));
#1412=DIRECTION('',(0.,1.,0.));
#1413=AXIS2_PLACEMENT_3D('',#1410,#1411,#1412);
#1414=PLANE('',#1413);
#1415=ORIENTED_EDGE('',*,*,#1350,.T.);
#1416=ORIENTED_EDGE('',*,*,#1377,.T.);
#1417=ORIENTED_EDGE('',*,*,#1355,.F.);
#1418=ORIENTED_EDGE('',*,*,#1360,.F.);
#1419=EDGE_LOOP('',(#1415,#1416,#1417,#1418));
#1420=FACE_OUTER_BOUND('',#1419,.T.);
#1421=ADVANCED_FACE('',(#1420),#1414,.T.);
#1422=CARTESIAN_POINT('',(0.,0.,0.));
#1423=DIRECTION('',(0.,0.,1.));
#1424=DIRECTION('',(1.,0.,0.));
#1425=AXIS2_PLACEMENT_3D('',#1422,#1423,#1424);
#1426=CYLINDRICAL_SURFACE('',#1425,73.66);
#1427=ORIENTED_EDGE('',*,*,#1366,.T.);
#1428=ORIENTED_EDGE('',*,*,#1392,.T.);
#1429=ORIENTED_EDGE('',*,*,#1372,.F.);
#1430=ORIENTED_EDGE('',*,*,#1377,.F.);
#1431=EDGE_LOOP('',(#1427,#1428,#1429,#1430));
#1432=FACE_OUTER_BOUND('',#1431,.T.);
#1433=ADVANCED_FACE('',(#1432),#1426,.T.);
#1434=CARTESIAN_POINT('',(-49.784,54.28949202,0.));
#1435=DIRECTION('',(-1.,0.,0.));
#1436=DIRECTION('',(0.,-1.,0.));
#1437=AXIS2_PLACEMENT_3D('',#1434,#1435,#1436);
#1438=PLANE('',#1437);
#1439=ORIENTED_EDGE('',*,*,#1382,.T.);
#1440=ORIENTED_EDGE('',*,*,#1409,.T.);
#1441=ORIENTED_EDGE('',*,*,#1387,.F.);
#1442=ORIENTED_EDGE('',*,*,#1392,.F.);
#1443=EDGE_LOOP('',(#1439,#1440,#1441,#1442));
#1444=FACE_OUTER_BOUND('',#1443,.T.);
#1445=ADVANCED_FACE('',(#1444),#1438,.T.);
#1446=CARTESIAN_POINT('',(0.,0.,0.));
#1447=DIRECTION('',(0.,0.,1.));
#1448=DIRECTION('',(1.,0.,0.));
#1449=AXIS2_PLACEMENT_3D('',#1446,#1447,#1448);
#1450=CYLINDRICAL_SURFACE('',#1449,73.66);
#1451=ORIENTED_EDGE('',*,*,#1398,.T.);
#1452=ORIENTED_EDGE('',*,*,#1360,.T.);
#1453=ORIENTED_EDGE('',*,*,#1404,.F.);
#1454=ORIENTED_EDGE('',*,*,#1409,.F.);
#1455=EDGE_LOOP('',(#1451,#1452,#1453,#1454));
#1456=FACE_OUTER_BOUND('',#1455,.T.);
#1457=ADVANCED_FACE('',(#1456),#1450,.T.);
#1458=CARTESIAN_POINT('',(5.588,0.,0.));
#1459=VERTEX_POINT('',#1458);
#1460=CARTESIAN_POINT('',(-5.588,0.,0.));
#1461=VERTEX_POINT('',#1460);
#1462=CARTESIAN_POINT('',(5.588,0.,1.524));
#1463=VERTEX_POINT('',#1462);
#1464=CARTESIAN_POINT('',(-5.588,0.,1.524));
#1465=VERTEX_POINT('',#1464);
#1466=CARTESIAN_POINT('',(0.,0.,0.));
#1467=DIRECTION('',(0.,0.,1.));
#1468=DIRECTION('',(1.,0.,0.));
#1469=AXIS2_PLACEMENT_3D('',#1466,#1467,#1468);
#1470=CIRCLE('',#1469,5.588);
#1471=EDGE_CURVE('',#1459,#1461,#1470,.F.);
#1472=CARTESIAN_POINT('',(0.,0.,1.524));
#1473=DIRECTION('',(0.,0.,1.));
#1474=DIRECTION('',(1.,0.,0.));
#1475=AXIS2_PLACEMENT_3D('',#1472,#1473,#1474);
#1476=CIRCLE('',#1475,5.588);
#1477=EDGE_CURVE('',#1463,#1465,#1476,.F.);
#1478=DIRECTION('',(0.,0.,1.));
#1479=VECTOR('',#1478,1.524);
#1480=CARTESIAN_POINT('',(5.588,0.,0.));
#1481=LINE('',#1480,#1479);
#1482=EDGE_CURVE('',#1459,#1463,#1481,.T.);
#1483=CARTESIAN_POINT('',(0.,0.,0.));
#1484=DIRECTION('',(0.,0.,1.));
#1485=DIRECTION('',(1.,0.,0.));
#1486=AXIS2_PLACEMENT_3D('',#1483,#1484,#1485);
#1487=CIRCLE('',#1486,5.588);
#1488=EDGE_CURVE('',#1461,#1459,#1487,.F.);
#1489=CARTESIAN_POINT('',(0.,0.,1.524));
#1490=DIRECTION('',(0.,0.,1.));
#1491=DIRECTION('',(1.,0.,0.));
#1492=AXIS2_PLACEMENT_3D('',#1489,#1490,#1491);
#1493=CIRCLE('',#1492,5.588);
#1494=EDGE_CURVE('',#1465,#1463,#1493,.F.);
#1495=DIRECTION('',(0.,0.,1.));
#1496=VECTOR('',#1495,1.524);
#1497=CARTESIAN_POINT('',(-5.588,0.,0.));
#1498=LINE('',#1497,#1496);
#1499=EDGE_CURVE('',#1461,#1465,#1498,.T.);
#1500=CARTESIAN_POINT('',(0.,0.,0.));
#1501=DIRECTION('',(0.,0.,1.));
#1502=DIRECTION('',(1.,0.,0.));
#1503=AXIS2_PLACEMENT_3D('',#1500,#1501,#1502);
#1504=CYLINDRICAL_SURFACE('',#1503,5.588);
#1505=ORIENTED_EDGE('',*,*,#1471,.T.);
#1506=ORIENTED_EDGE('',*,*,#1499,.T.);
#1507=ORIENTED_EDGE('',*,*,#1477,.F.);
#1508=ORIENTED_EDGE('',*,*,#1482,.F.);
#1509=EDGE_LOOP('',(#1505,#1506,#1507,#1508));
#1510=FACE_OUTER_BOUND('',#1509,.T.);
#1511=ADVANCED_FACE('',(#1510),#1504,.F.);
#1512=CARTESIAN_POINT('',(0.,0.,0.));
#1513=DIRECTION('',(0.,0.,1.));
#1514=DIRECTION('',(1.,0.,0.));
#1515=AXIS2_PLACEMENT_3D('',#1512,#1513,#1514);
#1516=CYLINDRICAL_SURFACE('',#1515,5.588);
#1517=ORIENTED_EDGE('',*,*,#1488,.T.);
#1518=ORIENTED_EDGE('',*,*,#1482,.T.);
#1519=ORIENTED_EDGE('',*,*,#1494,.F.);
#1520=ORIENTED_EDGE('',*,*,#1499,.F.);
#1521=EDGE_LOOP('',(#1517,#1518,#1519,#1520));
#1522=FACE_OUTER_BOUND('',#1521,.T.);
#1523=ADVANCED_FACE('',(#1522),#1516,.F.);
#1524=CARTESIAN_POINT('',(-44.704,-57.90308703,1.524));
#1525=VERTEX_POINT('',#1524);
#1526=CARTESIAN_POINT('',(-44.704,57.90308703,1.524));
#1527=VERTEX_POINT('',#1526);
#1528=CARTESIAN_POINT('',(-49.276,54.06561687,1.524));
#1529=VERTEX_POINT('',#1528);
#1530=CARTESIAN_POINT('',(-49.276,-54.06561687,1.524));
#1531=VERTEX_POINT('',#1530);
#1532=CARTESIAN_POINT('',(-44.704,-57.90308703,12.827));
#1533=VERTEX_POINT('',#1532);
#1534=CARTESIAN_POINT('',(-44.704,57.90308703,12.827));
#1535=VERTEX_POINT('',#1534);
#1536=CARTESIAN_POINT('',(-49.276,54.06561687,12.827));
#1537=VERTEX_POINT('',#1536);
#1538=CARTESIAN_POINT('',(-49.276,-54.06561687,12.827));
#1539=VERTEX_POINT('',#1538);
#1540=DIRECTION('',(0.,1.,0.));
#1541=VECTOR('',#1540,115.8061741);
#1542=CARTESIAN_POINT('',(-44.704,-57.90308703,1.524));
#1543=LINE('',#1542,#1541);
#1544=EDGE_CURVE('',#1525,#1527,#1543,.T.);
#1545=DIRECTION('',(0.,1.,0.));
#1546=VECTOR('',#1545,115.8061741);
#1547=CARTESIAN_POINT('',(-44.704,-57.90308703,12.827));
#1548=LINE('',#1547,#1546);
#1549=EDGE_CURVE('',#1533,#1535,#1548,.T.);
#1550=DIRECTION('',(0.,0.,1.));
#1551=VECTOR('',#1550,11.303);
#1552=CARTESIAN_POINT('',(-44.704,-57.90308703,1.524));
#1553=LINE('',#1552,#1551);
#1554=EDGE_CURVE('',#1525,#1533,#1553,.T.);
#1555=CARTESIAN_POINT('',(0.,0.,1.524));
#1556=DIRECTION('',(0.,0.,1.));
#1557=DIRECTION('',(1.,0.,0.));
#1558=AXIS2_PLACEMENT_3D('',#1555,#1556,#1557);
#1559=CIRCLE('',#1558,73.152);
#1560=EDGE_CURVE('',#1527,#1529,#1559,.T.);
#1561=CARTESIAN_POINT('',(0.,0.,12.827));
#1562=DIRECTION('',(0.,0.,1.));
#1563=DIRECTION('',(1.,0.,0.));
#1564=AXIS2_PLACEMENT_3D('',#1561,#1562,#1563);
#1565=CIRCLE('',#1564,73.152);
#1566=EDGE_CURVE('',#1535,#1537,#1565,.T.);
#1567=DIRECTION('',(0.,0.,1.));
#1568=VECTOR('',#1567,11.303);
#1569=CARTESIAN_POINT('',(-44.704,57.90308703,1.524));
#1570=LINE('',#1569,#1568);
#1571=EDGE_CURVE('',#1527,#1535,#1570,.T.);
#1572=DIRECTION('',(0.,-1.,0.));
#1573=VECTOR('',#1572,108.1312337);
#1574=CARTESIAN_POINT('',(-49.276,54.06561687,1.524));
#1575=LINE('',#1574,#1573);
#1576=EDGE_CURVE('',#1529,#1531,#1575,.T.);
#1577=DIRECTION('',(0.,-1.,0.));
#1578=VECTOR('',#1577,108.1312337);
#1579=CARTESIAN_POINT('',(-49.276,54.06561687,12.827));
#1580=LINE('',#1579,#1578);
#1581=EDGE_CURVE('',#1537,#1539,#1580,.T.);
#1582=DIRECTION('',(0.,0.,1.));
#1583=VECTOR('',#1582,11.303);
#1584=CARTESIAN_POINT('',(-49.276,54.06561687,1.524));
#1585=LINE('',#1584,#1583);
#1586=EDGE_CURVE('',#1529,#1537,#1585,.T.);
#1587=CARTESIAN_POINT('',(0.,0.,1.524));
#1588=DIRECTION('',(0.,0.,1.));
#1589=DIRECTION('',(1.,0.,0.));
#1590=AXIS2_PLACEMENT_3D('',#1587,#1588,#1589);
#1591=CIRCLE('',#1590,73.152);
#1592=EDGE_CURVE('',#1531,#1525,#1591,.T.);
#1593=CARTESIAN_POINT('',(0.,0.,12.827));
#1594=DIRECTION('',(0.,0.,1.));
#1595=DIRECTION('',(1.,0.,0.));
#1596=AXIS2_PLACEMENT_3D('',#1593,#1594,#1595);
#1597=CIRCLE('',#1596,73.152);
#1598=EDGE_CURVE('',#1539,#1533,#1597,.T.);
#1599=DIRECTION('',(0.,0.,1.));
#1600=VECTOR('',#1599,11.303);
#1601=CARTESIAN_POINT('',(-49.276,-54.06561687,1.524));
#1602=LINE('',#1601,#1600);
#1603=EDGE_CURVE('',#1531,#1539,#1602,.T.);
#1604=CARTESIAN_POINT('',(-44.704,-57.90308703,1.524));
#1605=DIRECTION('',(1.,0.,0.));
#1606=DIRECTION('',(0.,1.,0.));
#1607=AXIS2_PLACEMENT_3D('',#1604,#1605,#1606);
#1608=PLANE('',#1607);
#1609=ORIENTED_EDGE('',*,*,#1544,.T.);
#1610=ORIENTED_EDGE('',*,*,#1571,.T.);
#1611=ORIENTED_EDGE('',*,*,#1549,.F.);
#1612=ORIENTED_EDGE('',*,*,#1554,.F.);
#1613=EDGE_LOOP('',(#1609,#1610,#1611,#1612));
#1614=FACE_OUTER_BOUND('',#1613,.T.);
#1615=ADVANCED_FACE('',(#1614),#1608,.T.);
#1616=CARTESIAN_POINT('',(0.,0.,1.524));
#1617=DIRECTION('',(0.,0.,1.));
#1618=DIRECTION('',(1.,0.,0.));
#1619=AXIS2_PLACEMENT_3D('',#1616,#1617,#1618);
#1620=CYLINDRICAL_SURFACE('',#1619,73.152);
#1621=ORIENTED_EDGE('',*,*,#1560,.T.);
#1622=ORIENTED_EDGE('',*,*,#1586,.T.);
#1623=ORIENTED_EDGE('',*,*,#1566,.F.);
#1624=ORIENTED_EDGE('',*,*,#1571,.F.);
#1625=EDGE_LOOP('',(#1621,#1622,#1623,#1624));
#1626=FACE_OUTER_BOUND('',#1625,.T.);
#1627=ADVANCED_FACE('',(#1626),#1620,.T.);
#1628=CARTESIAN_POINT('',(-49.276,54.06561687,1.524));
#1629=DIRECTION('',(-1.,0.,0.));
#1630=DIRECTION('',(0.,-1.,0.));
#1631=AXIS2_PLACEMENT_3D('',#1628,#1629,#1630);
#1632=PLANE('',#1631);
#1633=ORIENTED_EDGE('',*,*,#1576,.T.);
#1634=ORIENTED_EDGE('',*,*,#1603,.T.);
#1635=ORIENTED_EDGE('',*,*,#1581,.F.);
#1636=ORIENTED_EDGE('',*,*,#1586,.F.);
#1637=EDGE_LOOP('',(#1633,#1634,#1635,#1636));
#1638=FACE_OUTER_BOUND('',#1637,.T.);
#1639=ADVANCED_FACE('',(#1638),#1632,.T.);
#1640=CARTESIAN_POINT('',(0.,0.,1.524));
#1641=DIRECTION('',(0.,0.,1.));
#1642=DIRECTION('',(1.,0.,0.));
#1643=AXIS2_PLACEMENT_3D('',#1640,#1641,#1642);
#1644=CYLINDRICAL_SURFACE('',#1643,73.152);
#1645=ORIENTED_EDGE('',*,*,#1592,.T.);
#1646=ORIENTED_EDGE('',*,*,#1554,.T.);
#1647=ORIENTED_EDGE('',*,*,#1598,.F.);
#1648=ORIENTED_EDGE('',*,*,#1603,.F.);
#1649=EDGE_LOOP('',(#1645,#1646,#1647,#1648));
#1650=FACE_OUTER_BOUND('',#1649,.T.);
#1651=ADVANCED_FACE('',(#1650),#1644,.T.);
#1652=CARTESIAN_POINT('',(49.276,-54.06561687,1.524));
#1653=VERTEX_POINT('',#1652);
#1654=CARTESIAN_POINT('',(49.276,54.06561687,1.524));
#1655=VERTEX_POINT('',#1654);
#1656=CARTESIAN_POINT('',(44.704,57.90308703,1.524));
#1657=VERTEX_POINT('',#1656);
#1658=CARTESIAN_POINT('',(44.704,-57.90308703,1.524));
#1659=VERTEX_POINT('',#1658);
#1660=CARTESIAN_POINT('',(49.276,-54.06561687,12.827));
#1661=VERTEX_POINT('',#1660);
#1662=CARTESIAN_POINT('',(49.276,54.06561687,12.827));
#1663=VERTEX_POINT('',#1662);
#1664=CARTESIAN_POINT('',(44.704,57.90308703,12.827));
#1665=VERTEX_POINT('',#1664);
#1666=CARTESIAN_POINT('',(44.704,-57.90308703,12.827));
#1667=VERTEX_POINT('',#1666);
#1668=DIRECTION('',(0.,1.,0.));
#1669=VECTOR('',#1668,108.1312337);
#1670=CARTESIAN_POINT('',(49.276,-54.06561687,1.524));
#1671=LINE('',#1670,#1669);
#1672=EDGE_CURVE('',#1653,#1655,#1671,.T.);
#1673=DIRECTION('',(0.,1.,0.));
#1674=VECTOR('',#1673,108.1312337);
#1675=CARTESIAN_POINT('',(49.276,-54.06561687,12.827));
#1676=LINE('',#1675,#1674);
#1677=EDGE_CURVE('',#1661,#1663,#1676,.T.);
#1678=DIRECTION('',(0.,0.,1.));
#1679=VECTOR('',#1678,11.303);
#1680=CARTESIAN_POINT('',(49.276,-54.06561687,1.524));
#1681=LINE('',#1680,#1679);
#1682=EDGE_CURVE('',#1653,#1661,#1681,.T.);
#1683=CARTESIAN_POINT('',(0.,0.,1.524));
#1684=DIRECTION('',(0.,0.,1.));
#1685=DIRECTION('',(1.,0.,0.));
#1686=AXIS2_PLACEMENT_3D('',#1683,#1684,#1685);
#1687=CIRCLE('',#1686,73.152);
#1688=EDGE_CURVE('',#1655,#1657,#1687,.T.);
#1689=CARTESIAN_POINT('',(0.,0.,12.827));
#1690=DIRECTION('',(0.,0.,1.));
#1691=DIRECTION('',(1.,0.,0.));
#1692=AXIS2_PLACEMENT_3D('',#1689,#1690,#1691);
#1693=CIRCLE('',#1692,73.152);
#1694=EDGE_CURVE('',#1663,#1665,#1693,.T.);
#1695=DIRECTION('',(0.,0.,1.));
#1696=VECTOR('',#1695,11.303);
#1697=CARTESIAN_POINT('',(49.276,54.06561687,1.524));
#1698=LINE('',#1697,#1696);
#1699=EDGE_CURVE('',#1655,#1663,#1698,.T.);
#1700=DIRECTION('',(0.,-1.,0.));
#1701=VECTOR('',#1700,115.8061741);
#1702=CARTESIAN_POINT('',(44.704,57.90308703,1.524));
#1703=LINE('',#1702,#1701);
#1704=EDGE_CURVE('',#1657,#1659,#1703,.T.);
#1705=DIRECTION('',(0.,-1.,0.));
#1706=VECTOR('',#1705,115.8061741);
#1707=CARTESIAN_POINT('',(44.704,57.90308703,12.827));
#1708=LINE('',#1707,#1706);
#1709=EDGE_CURVE('',#1665,#1667,#1708,.T.);
#1710=DIRECTION('',(0.,0.,1.));
#1711=VECTOR('',#1710,11.303);
#1712=CARTESIAN_POINT('',(44.704,57.90308703,1.524));
#1713=LINE('',#1712,#1711);
#1714=EDGE_CURVE('',#1657,#1665,#1713,.T.);
#1715=CARTESIAN_POINT('',(0.,0.,1.524));
#1716=DIRECTION('',(0.,0.,1.));
#1717=DIRECTION('',(1.,0.,0.));
#1718=AXIS2_PLACEMENT_3D('',#1715,#1716,#1717);
#1719=CIRCLE('',#1718,73.152);
#1720=EDGE_CURVE('',#1659,#1653,#1719,.T.);
#1721=CARTESIAN_POINT('',(0.,0.,12.827));
#1722=DIRECTION('',(0.,0.,1.));
#1723=DIRECTION('',(1.,0.,0.));
#1724=AXIS2_PLACEMENT_3D('',#1721,#1722,#1723);
#1725=CIRCLE('',#1724,73.152);
#1726=EDGE_CURVE('',#1667,#1661,#1725,.T.);
#1727=DIRECTION('',(0.,0.,1.));
#1728=VECTOR('',#1727,11.303);
#1729=CARTESIAN_POINT('',(44.704,-57.90308703,1.524));
#1730=LINE('',#1729,#1728);
#1731=EDGE_CURVE('',#1659,#1667,#1730,.T.);
#1732=CARTESIAN_POINT('',(49.276,-54.06561687,1.524));
#1733=DIRECTION('',(1.,0.,0.));
#1734=DIRECTION('',(0.,1.,0.));
#1735=AXIS2_PLACEMENT_3D('',#1732,#1733,#1734);
#1736=PLANE('',#1735);
#1737=ORIENTED_EDGE('',*,*,#1672,.T.);
#1738=ORIENTED_EDGE('',*,*,#1699,.T.);
#1739=ORIENTED_EDGE('',*,*,#1677,.F.);
#1740=ORIENTED_EDGE('',*,*,#1682,.F.);
#1741=EDGE_LOOP('',(#1737,#1738,#1739,#1740));
#1742=FACE_OUTER_BOUND('',#1741,.T.);
#1743=ADVANCED_FACE('',(#1742),#1736,.T.);
#1744=CARTESIAN_POINT('',(0.,0.,1.524));
#1745=DIRECTION('',(0.,0.,1.));
#1746=DIRECTION('',(1.,0.,0.));
#1747=AXIS2_PLACEMENT_3D('',#1744,#1745,#1746);
#1748=CYLINDRICAL_SURFACE('',#1747,73.152);
#1749=ORIENTED_EDGE('',*,*,#1688,.T.);
#1750=ORIENTED_EDGE('',*,*,#1714,.T.);
#1751=ORIENTED_EDGE('',*,*,#1694,.F.);
#1752=ORIENTED_EDGE('',*,*,#1699,.F.);
#1753=EDGE_LOOP('',(#1749,#1750,#1751,#1752));
#1754=FACE_OUTER_BOUND('',#1753,.T.);
#1755=ADVANCED_FACE('',(#1754),#1748,.T.);
#1756=CARTESIAN_POINT('',(44.704,57.90308703,1.524));
#1757=DIRECTION('',(-1.,0.,0.));
#1758=DIRECTION('',(0.,-1.,0.));
#1759=AXIS2_PLACEMENT_3D('',#1756,#1757,#1758);
#1760=PLANE('',#1759);
#1761=ORIENTED_EDGE('',*,*,#1704,.T.);
#1762=ORIENTED_EDGE('',*,*,#1731,.T.);
#1763=ORIENTED_EDGE('',*,*,#1709,.F.);
#1764=ORIENTED_EDGE('',*,*,#1714,.F.);
#1765=EDGE_LOOP('',(#1761,#1762,#1763,#1764));
#1766=FACE_OUTER_BOUND('',#1765,.T.);
#1767=ADVANCED_FACE('',(#1766),#1760,.T.);
#1768=CARTESIAN_POINT('',(0.,0.,1.524));
#1769=DIRECTION('',(0.,0.,1.));
#1770=DIRECTION('',(1.,0.,0.));
#1771=AXIS2_PLACEMENT_3D('',#1768,#1769,#1770);
#1772=CYLINDRICAL_SURFACE('',#1771,73.152);
#1773=ORIENTED_EDGE('',*,*,#1720,.T.);
#1774=ORIENTED_EDGE('',*,*,#1682,.T.);
#1775=ORIENTED_EDGE('',*,*,#1726,.F.);
#1776=ORIENTED_EDGE('',*,*,#1731,.F.);
#1777=EDGE_LOOP('',(#1773,#1774,#1775,#1776));
#1778=FACE_OUTER_BOUND('',#1777,.T.);
#1779=ADVANCED_FACE('',(#1778),#1772,.T.);
#1780=CARTESIAN_POINT('',(0.,0.,1.524));
#1781=DIRECTION('',(0.,0.,1.));
#1782=DIRECTION('',(1.,0.,0.));
#1783=AXIS2_PLACEMENT_3D('',#1780,#1781,#1782);
#1784=PLANE('',#1783);
#1785=ORIENTED_EDGE('',*,*,#1355,.T.);
#1786=ORIENTED_EDGE('',*,*,#1372,.T.);
#1787=ORIENTED_EDGE('',*,*,#1387,.T.);
#1788=ORIENTED_EDGE('',*,*,#1404,.T.);
#1789=EDGE_LOOP('',(#1785,#1786,#1787,#1788));
#1790=FACE_OUTER_BOUND('',#1789,.T.);
#1791=ORIENTED_EDGE('',*,*,#1477,.T.);
#1792=ORIENTED_EDGE('',*,*,#1494,.T.);
#1793=EDGE_LOOP('',(#1791,#1792));
#1794=FACE_BOUND('',#1793,.T.);
#1795=ORIENTED_EDGE('',*,*,#1592,.F.);
#1796=ORIENTED_EDGE('',*,*,#1576,.F.);
#1797=ORIENTED_EDGE('',*,*,#1560,.F.);
#1798=ORIENTED_EDGE('',*,*,#1544,.F.);
#1799=EDGE_LOOP('',(#1795,#1796,#1797,#1798));
#1800=FACE_BOUND('',#1799,.T.);
#1801=ORIENTED_EDGE('',*,*,#1720,.F.);
#1802=ORIENTED_EDGE('',*,*,#1704,.F.);
#1803=ORIENTED_EDGE('',*,*,#1688,.F.);
#1804=ORIENTED_EDGE('',*,*,#1672,.F.);
#1805=EDGE_LOOP('',(#1801,#1802,#1803,#1804));
#1806=FACE_BOUND('',#1805,.T.);
#1807=ADVANCED_FACE('',(#1790,#1794,#1800,#1806),#1784,.T.);
#1808=CARTESIAN_POINT('',(0.,0.,0.));
#1809=DIRECTION('',(0.,0.,-1.));
#1810=DIRECTION('',(1.,0.,0.));
#1811=AXIS2_PLACEMENT_3D('',#1808,#1809,#1810);
#1812=PLANE('',#1811);
#1813=ORIENTED_EDGE('',*,*,#1398,.F.);
#1814=ORIENTED_EDGE('',*,*,#1382,.F.);
#1815=ORIENTED_EDGE('',*,*,#1366,.F.);
#1816=ORIENTED_EDGE('',*,*,#1350,.F.);
#1817=EDGE_LOOP('',(#1813,#1814,#1815,#1816));
#1818=FACE_OUTER_BOUND('',#1817,.T.);
#1819=ORIENTED_EDGE('',*,*,#1488,.F.);
#1820=ORIENTED_EDGE('',*,*,#1471,.F.);
#1821=EDGE_LOOP('',(#1819,#1820));
#1822=FACE_BOUND('',#1821,.T.);
#1823=ADVANCED_FACE('',(#1818,#1822),#1812,.T.);
#1824=CARTESIAN_POINT('',(0.,0.,12.827));
#1825=DIRECTION('',(0.,0.,1.));
#1826=DIRECTION('',(1.,0.,0.));
#1827=AXIS2_PLACEMENT_3D('',#1824,#1825,#1826);
#1828=PLANE('',#1827);
#1829=ORIENTED_EDGE('',*,*,#1549,.T.);
#1830=ORIENTED_EDGE('',*,*,#1566,.T.);
#1831=ORIENTED_EDGE('',*,*,#1581,.T.);
#1832=ORIENTED_EDGE('',*,*,#1598,.T.);
#1833=EDGE_LOOP('',(#1829,#1830,#1831,#1832));
#1834=FACE_OUTER_BOUND('',#1833,.T.);
#1835=ADVANCED_FACE('',(#1834),#1828,.T.);
#1836=CARTESIAN_POINT('',(0.,0.,12.827));
#1837=DIRECTION('',(0.,0.,1.));
#1838=DIRECTION('',(1.,0.,0.));
#1839=AXIS2_PLACEMENT_3D('',#1836,#1837,#1838);
#1840=PLANE('',#1839);
#1841=ORIENTED_EDGE('',*,*,#1677,.T.);
#1842=ORIENTED_EDGE('',*,*,#1694,.T.);
#1843=ORIENTED_EDGE('',*,*,#1709,.T.);
#1844=ORIENTED_EDGE('',*,*,#1726,.T.);
#1845=EDGE_LOOP('',(#1841,#1842,#1843,#1844));
#1846=FACE_OUTER_BOUND('',#1845,.T.);
#1847=ADVANCED_FACE('',(#1846),#1840,.T.);
#1848=CLOSED_SHELL('',(#1421,#1433,#1445,#1457,#1511,#1523,#1615,#1627,#1639,#1651,#1743,#1755,#1767,#1779,#1807,#1823,#1835,#1847));
#1849=MANIFOLD_SOLID_BREP('tray',#1848);
#1850=ADVANCED_BREP_SHAPE_REPRESENTATION('tray',(#1329,#1849),#9);
#1851=SHAPE_DEFINITION_REPRESENTATION(#1325,#1850);
#1852=PRODUCT('hex_connector','hex_connector','',(#3));
#1853=PRODUCT_RELATED_PRODUCT_CATEGORY('part',$,(#1852));
#1854=PRODUCT_DEFINITION_FORMATION('','',#1852);
#1855=PRODUCT_DEFINITION('design','',#1854,#4);
#1856=PRODUCT_DEFINITION_SHAPE('','',#1855);
#1857=CARTESIAN_POINT('',(0.,0.,0.));
#1858=DIRECTION('',(0.,0.,1.));
#1859=DIRECTION('',(1.,0.,0.));
#1860=AXIS2_PLACEMENT_3D('',#1857,#1858,#1859);
#1861=CARTESIAN_POINT('',(-36.19664052,6.35,0.));
#1862=VERTEX_POINT('',#1861);
#1863=CARTESIAN_POINT('',(-36.19664052,-6.35,0.));
#1864=VERTEX_POINT('',#1863);
#1865=CARTESIAN_POINT('',(36.19664052,-6.35,0.));
#1866=VERTEX_POINT('',#1865);
#1867=CARTESIAN_POINT('',(36.19664052,6.35,0.));
#1868=VERTEX_POINT('',#1867);
#1869=CARTESIAN_POINT('',(-36.19664052,6.35,3.175));
#1870=VERTEX_POINT('',#1869);
#1871=CARTESIAN_POINT('',(-36.19664052,-6.35,3.175));
#1872=VERTEX_POINT('',#1871);
#1873=CARTESIAN_POINT('',(36.19664052,-6.35,3.175));
#1874=VERTEX_POINT('',#1873);
#1875=CARTESIAN_POINT('',(36.19664052,6.35,3.175));
#1876=VERTEX_POINT('',#1875);
#1877=CARTESIAN_POINT('',(-36.19664052,0.,0.));
#1878=DIRECTION('',(0.,0.,1.));
#1879=DIRECTION('',(1.,0.,0.));
#1880=AXIS2_PLACEMENT_3D('',#1877,#1878,#1879);
#1881=CIRCLE('',#1880,6.35);
#1882=EDGE_CURVE('',#1862,#1864,#1881,.T.);
#1883=CARTESIAN_POINT('',(-36.19664052,0.,3.175));
#1884=DIRECTION('',(0.,0.,1.));
#1885=DIRECTION('',(1.,0.,0.));
#1886=AXIS2_PLACEMENT_3D('',#1883,#1884,#1885);
#1887=CIRCLE('',#1886,6.35);
#1888=EDGE_CURVE('',#1870,#1872,#1887,.T.);
#1889=DIRECTION('',(0.,0.,1.));
#1890=VECTOR('',#1889,3.175);
#1891=CARTESIAN_POINT('',(-36.19664052,6.35,0.));
#1892=LINE('',#1891,#1890);
#1893=EDGE_CURVE('',#1862,#1870,#1892,.T.);
#1894=DIRECTION('',(1.,0.,0.));
#1895=VECTOR('',#1894,72.39328104);
#1896=CARTESIAN_POINT('',(-36.19664052,-6.35,0.));
#1897=LINE('',#1896,#1895);
#1898=EDGE_CURVE('',#1864,#1866,#1897,.T.);
#1899=DIRECTION('',(1.,0.,0.));
#1900=VECTOR('',#1899,72.39328104);
#1901=CARTESIAN_POINT('',(-36.19664052,-6.35,3.175));
#1902=LINE('',#1901,#1900);
#1903=EDGE_CURVE('',#1872,#1874,#1902,.T.);
#1904=DIRECTION('',(0.,0.,1.));
#1905=VECTOR('',#1904,3.175);
#1906=CARTESIAN_POINT('',(-36.19664052,-6.35,0.));
#1907=LINE('',#1906,#1905);
#1908=EDGE_CURVE('',#1864,#1872,#1907,.T.);
#1909=CARTESIAN_POINT('',(36.19664052,0.,0.));
#1910=DIRECTION('',(0.,0.,1.));
#1911=DIRECTION('',(1.,0.,0.));
#1912=AXIS2_PLACEMENT_3D('',#1909,#1910,#1911);
#1913=CIRCLE('',#1912,6.35);
#1914=EDGE_CURVE('',#1866,#1868,#1913,.T.);
#1915=CARTESIAN_POINT('',(36.19664052,0.,3.175));
#1916=DIRECTION('',(0.,0.,1.));
#1917=DIRECTION('',(1.,0.,0.));
#1918=AXIS2_PLACEMENT_3D('',#1915,#1916,#1917);
#1919=CIRCLE('',#1918,6.35);
#1920=EDGE_CURVE('',#1874,#1876,#1919,.T.);
#1921=DIRECTION('',(0.,0.,1.));
#1922=VECTOR('',#1921,3.175);
#1923=CARTESIAN_POINT('',(36.19664052,-6.35,0.));
#1924=LINE('',#1923,#1922);
#1925=EDGE_CURVE('',#1866,#1874,#1924,.T.);
#1926=DIRECTION('',(-1.,0.,0.));
#1927=VECTOR('',#1926,72.39328104);
#1928=CARTESIAN_POINT('',(36.19664052,6.35,0.));
#1929=LINE('',#1928,#1927);
#1930=EDGE_CURVE('',#1868,#1862,#1929,.T.);
#1931=DIRECTION('',(-1.,0.,0.));
#1932=VECTOR('',#1931,72.39328104);
#1933=CARTESIAN_POINT('',(36.19664052,6.35,3.175));
#1934=LINE('',#1933,#1932);
#1935=EDGE_CURVE('',#1876,#1870,#1934,.T.);
#1936=DIRECTION('',(0.,0.,1.));
#1937=VECTOR('',#1936,3.175);
#1938=CARTESIAN_POINT('',(36.19664052,6.35,0.));
#1939=LINE('',#1938,#1937);
#1940=EDGE_CURVE('',#1868,#1876,#1939,.T.);
#1941=CARTESIAN_POINT('',(-36.19664052,0.,0.));
#1942=DIRECTION('',(0.,0.,1.));
#1943=DIRECTION('',(1.,0.,0.));
#1944=AXIS2_PLACEMENT_3D('',#1941,#1942,#1943);
#1945=CYLINDRICAL_SURFACE('',#1944,6.35);
#1946=ORIENTED_EDGE('',*,*,#1882,.T.);
#1947=ORIENTED_EDGE('',*,*,#1908,.T.);
#1948=ORIENTED_EDGE('',*,*,#1888,.F.);
#1949=ORIENTED_EDGE('',*,*,#1893,.F.);
#1950=EDGE_LOOP('',(#1946,#1947,#1948,#1949));
#1951=FACE_OUTER_BOUND('',#1950,.T.);
#1952=ADVANCED_FACE('',(#1951),#1945,.T.);
#1953=CARTESIAN_POINT('',(-36.19664052,-6.35,0.));
#1954=DIRECTION('',(0.,-1.,0.));
#1955=DIRECTION('',(1.,0.,0.));
#1956=AXIS2_PLACEMENT_3D('',#1953,#1954,#1955);
#1957=PLANE('',#1956);
#1958=ORIENTED_EDGE('',*,*,#1898,.T.);
#1959=ORIENTED_EDGE('',*,*,#1925,.T.);
#1960=ORIENTED_EDGE('',*,*,#1903,.F.);
#1961=ORIENTED_EDGE('',*,*,#1908,.F.);
#1962=EDGE_LOOP('',(#1958,#1959,#1960,#1961));
#1963=FACE_OUTER_BOUND('',#1962,.T.);
#1964=ADVANCED_FACE('',(#1963),#1957,.T.);
#1965=CARTESIAN_POINT('',(36.19664052,0.,0.));
#1966=DIRECTION('',(0.,0.,1.));
#1967=DIRECTION('',(1.,0.,0.));
#1968=AXIS2_PLACEMENT_3D('',#1965,#1966,#1967);
#1969=CYLINDRICAL_SURFACE('',#1968,6.35);
#1970=ORIENTED_EDGE('',*,*,#1914,.T.);
#1971=ORIENTED_EDGE('',*,*,#1940,.T.);
#1972=ORIENTED_EDGE('',*,*,#1920,.F.);
#1973=ORIENTED_EDGE('',*,*,#1925,.F.);
#1974=EDGE_LOOP('',(#1970,#1971,#1972,#1973));
#1975=FACE_OUTER_BOUND('',#1974,.T.);
#1976=ADVANCED_FACE('',(#1975),#1969,.T.);
#1977=CARTESIAN_POINT('',(36.19664052,6.35,0.));
#1978=DIRECTION('',(0.,1.,0.));
#1979=DIRECTION('',(-1.,0.,0.));
#1980=AXIS2_PLACEMENT_3D('',#1977,#1978,#1979);
#1981=PLANE('',#1980);
#1982=ORIENTED_EDGE('',*,*,#1930,.T.);
#1983=ORIENTED_EDGE('',*,*,#1893,.T.);
#1984=ORIENTED_EDGE('',*,*,#1935,.F.);
#1985=ORIENTED_EDGE('',*,*,#1940,.F.);
#1986=EDGE_LOOP('',(#1982,#1983,#1984,#1985));
#1987=FACE_OUTER_BOUND('',#1986,.T.);
#1988=ADVANCED_FACE('',(#1987),#1981,.T.);
#1989=CARTESIAN_POINT('',(3.812821178,0.,0.));
#1990=VERTEX_POINT('',#1989);
#1991=CARTESIAN_POINT('',(1.906410589,-3.302,0.));
#1992=VERTEX_POINT('',#1991);
#1993=CARTESIAN_POINT('',(-1.906410589,-3.302,0.));
#1994=VERTEX_POINT('',#1993);
#1995=CARTESIAN_POINT('',(-3.812821178,0.,0.));
#1996=VERTEX_POINT('',#1995);
#1997=CARTESIAN_POINT('',(-1.906410589,3.302,0.));
#1998=VERTEX_POINT('',#1997);
#1999=CARTESIAN_POINT('',(1.906410589,3.302,0.));
#2000=VERTEX_POINT('',#1999);
#2001=CARTESIAN_POINT('',(3.812821178,0.,3.175));
#2002=VERTEX_POINT('',#2001);
#2003=CARTESIAN_POINT('',(1.906410589,-3.302,3.175));
#2004=VERTEX_POINT('',#2003);
#2005=CARTESIAN_POINT('',(-1.906410589,-3.302,3.175));
#2006=VERTEX_POINT('',#2005);
#2007=CARTESIAN_POINT('',(-3.812821178,0.,3.175));
#2008=VERTEX_POINT('',#2007);
#2009=CARTESIAN_POINT('',(-1.906410589,3.302,3.175));
#2010=VERTEX_POINT('',#2009);
#2011=CARTESIAN_POINT('',(1.906410589,3.302,3.175));
#2012=VERTEX_POINT('',#2011);
#2013=DIRECTION('',(-0.5,-0.8660254038,0.));
#2014=VECTOR('',#2013,3.812821178);
#2015=CARTESIAN_POINT('',(3.812821178,0.,0.));
#2016=LINE('',#2015,#2014);
#2017=EDGE_CURVE('',#1990,#1992,#2016,.T.);
#2018=DIRECTION('',(-0.5,-0.8660254038,0.));
#2019=VECTOR('',#2018,3.812821178);
#2020=CARTESIAN_POINT('',(3.812821178,0.,3.175));
#2021=LINE('',#2020,#2019);
#2022=EDGE_CURVE('',#2002,#2004,#2021,.T.);
#2023=DIRECTION('',(0.,0.,1.));
#2024=VECTOR('',#2023,3.175);
#2025=CARTESIAN_POINT('',(3.812821178,0.,0.));
#2026=LINE('',#2025,#2024);
#2027=EDGE_CURVE('',#1990,#2002,#2026,.T.);
#2028=DIRECTION('',(-1.,0.,0.));
#2029=VECTOR('',#2028,3.812821178);
#2030=CARTESIAN_POINT('',(1.906410589,-3.302,0.));
#2031=LINE('',#2030,#2029);
#2032=EDGE_CURVE('',#1992,#1994,#2031,.T.);
#2033=DIRECTION('',(-1.,0.,0.));
#2034=VECTOR('',#2033,3.812821178);
#2035=CARTESIAN_POINT('',(1.906410589,-3.302,3.175));
#2036=LINE('',#2035,#2034);
#2037=EDGE_CURVE('',#2004,#2006,#2036,.T.);
#2038=DIRECTION('',(0.,0.,1.));
#2039=VECTOR('',#2038,3.175);
#2040=CARTESIAN_POINT('',(1.906410589,-3.302,0.));
#2041=LINE('',#2040,#2039);
#2042=EDGE_CURVE('',#1992,#2004,#2041,.T.);
#2043=DIRECTION('',(-0.5,0.8660254038,0.));
#2044=VECTOR('',#2043,3.812821178);
#2045=CARTESIAN_POINT('',(-1.906410589,-3.302,0.));
#2046=LINE('',#2045,#2044);
#2047=EDGE_CURVE('',#1994,#1996,#2046,.T.);
#2048=DIRECTION('',(-0.5,0.8660254038,0.));
#2049=VECTOR('',#2048,3.812821178);
#2050=CARTESIAN_POINT('',(-1.906410589,-3.302,3.175));
#2051=LINE('',#2050,#2049);
#2052=EDGE_CURVE('',#2006,#2008,#2051,.T.);
#2053=DIRECTION('',(0.,0.,1.));
#2054=VECTOR('',#2053,3.175);
#2055=CARTESIAN_POINT('',(-1.906410589,-3.302,0.));
#2056=LINE('',#2055,#2054);
#2057=EDGE_CURVE('',#1994,#2006,#2056,.T.);
#2058=DIRECTION('',(0.5,0.8660254038,0.));
#2059=VECTOR('',#2058,3.812821178);
#2060=CARTESIAN_POINT('',(-3.812821178,0.,0.));
#2061=LINE('',#2060,#2059);
#2062=EDGE_CURVE('',#1996,#1998,#2061,.T.);
#2063=DIRECTION('',(0.5,0.8660254038,0.));
#2064=VECTOR('',#2063,3.812821178);
#2065=CARTESIAN_POINT('',(-3.812821178,0.,3.175));
#2066=LINE('',#2065,#2064);
#2067=EDGE_CURVE('',#2008,#2010,#2066,.T.);
#2068=DIRECTION('',(0.,0.,1.));
#2069=VECTOR('',#2068,3.175);
#2070=CARTESIAN_POINT('',(-3.812821178,0.,0.));
#2071=LINE('',#2070,#2069);
#2072=EDGE_CURVE('',#1996,#2008,#2071,.T.);
#2073=DIRECTION('',(1.,0.,0.));
#2074=VECTOR('',#2073,3.812821178);
#2075=CARTESIAN_POINT('',(-1.906410589,3.302,0.));
#2076=LINE('',#2075,#2074);
#2077=EDGE_CURVE('',#1998,#2000,#2076,.T.);
#2078=DIRECTION('',(1.,0.,0.));
#2079=VECTOR('',#2078,3.812821178);
#2080=CARTESIAN_POINT('',(-1.906410589,3.302,3.175));
#2081=LINE('',#2080,#2079);
#2082=EDGE_CURVE('',#2010,#2012,#2081,.T.);
#2083=DIRECTION('',(0.,0.,1.));
#2084=VECTOR('',#2083,3.175);
#2085=CARTESIAN_POINT('',(-1.906410589,3.302,0.));
#2086=LINE('',#2085,#2084);
#2087=EDGE_CURVE('',#1998,#2010,#2086,.T.);
#2088=DIRECTION('',(0.5,-0.8660254038,0.));
#2089=VECTOR('',#2088,3.812821178);
#2090=CARTESIAN_POINT('',(1.906410589,3.302,0.));
#2091=LINE('',#2090,#2089);
#2092=EDGE_CURVE('',#2000,#1990,#2091,.T.);
#2093=DIRECTION('',(0.5,-0.8660254038,0.));
#2094=VECTOR('',#2093,3.812821178);
#2095=CARTESIAN_POINT('',(1.906410589,3.302,3.175));
#2096=LINE('',#2095,#2094);
#2097=EDGE_CURVE('',#2012,#2002,#2096,.T.);
#2098=DIRECTION('',(0.,0.,1.));
#2099=VECTOR('',#2098,3.175);
#2100=CARTESIAN_POINT('',(1.906410589,3.302,0.));
#2101=LINE('',#2100,#2099);
#2102=EDGE_CURVE('',#2000,#2012,#2101,.T.);
#2103=CARTESIAN_POINT('',(3.812821178,0.,0.));
#2104=DIRECTION('',(-0.8660254038,0.5,0.));
#2105=DIRECTION('',(-0.5,-0.8660254038,0.));
#2106=AXIS2_PLACEMENT_3D('',#2103,#2104,#2105);
#2107=PLANE('',#2106);
#2108=ORIENTED_EDGE('',*,*,#2017,.T.);
#2109=ORIENTED_EDGE('',*,*,#2042,.T.);
#2110=ORIENTED_EDGE('',*,*,#2022,.F.);
#2111=ORIENTED_EDGE('',*,*,#2027,.F.);
#2112=EDGE_LOOP('',(#2108,#2109,#2110,#2111));
#2113=FACE_OUTER_BOUND('',#2112,.T.);
#2114=ADVANCED_FACE('',(#2113),#2107,.T.);
#2115=CARTESIAN_POINT('',(1.906410589,-3.302,0.));
#2116=DIRECTION('',(0.,1.,0.));
#2117=DIRECTION('',(-1.,0.,0.));
#2118=AXIS2_PLACEMENT_3D('',#2115,#2116,#2117);
#2119=PLANE('',#2118);
#2120=ORIENTED_EDGE('',*,*,#2032,.T.);
#2121=ORIENTED_EDGE('',*,*,#2057,.T.);
#2122=ORIENTED_EDGE('',*,*,#2037,.F.);
#2123=ORIENTED_EDGE('',*,*,#2042,.F.);
#2124=EDGE_LOOP('',(#2120,#2121,#2122,#2123));
#2125=FACE_OUTER_BOUND('',#2124,.T.);
#2126=ADVANCED_FACE('',(#2125),#2119,.T.);
#2127=CARTESIAN_POINT('',(-1.906410589,-3.302,0.));
#2128=DIRECTION('',(0.8660254038,0.5,0.));
#2129=DIRECTION('',(-0.5,0.8660254038,0.));
#2130=AXIS2_PLACEMENT_3D('',#2127,#2128,#2129);
#2131=PLANE('',#2130);
#2132=ORIENTED_EDGE('',*,*,#2047,.T.);
#2133=ORIENTED_EDGE('',*,*,#2072,.T.);
#2134=ORIENTED_EDGE('',*,*,#2052,.F.);
#2135=ORIENTED_EDGE('',*,*,#2057,.F.);
#2136=EDGE_LOOP('',(#2132,#2133,#2134,#2135));
#2137=FACE_OUTER_BOUND('',#2136,.T.);
#2138=ADVANCED_FACE('',(#2137),#2131,.T.);
#2139=CARTESIAN_POINT('',(-3.812821178,0.,0.));
#2140=DIRECTION('',(0.8660254038,-0.5,0.));
#2141=DIRECTION('',(0.5,0.8660254038,0.));
#2142=AXIS2_PLACEMENT_3D('',#2139,#2140,#2141);
#2143=PLANE('',#2142);
#2144=ORIENTED_EDGE('',*,*,#2062,.T.);
#2145=ORIENTED_EDGE('',*,*,#2087,.T.);
#2146=ORIENTED_EDGE('',*,*,#2067,.F.);
#2147=ORIENTED_EDGE('',*,*,#2072,.F.);
#2148=EDGE_LOOP('',(#2144,#2145,#2146,#2147));
#2149=FACE_OUTER_BOUND('',#2148,.T.);
#2150=ADVANCED_FACE('',(#2149),#2143,.T.);
#2151=CARTESIAN_POINT('',(-1.906410589,3.302,0.));
#2152=DIRECTION('',(0.,-1.,0.));
#2153=DIRECTION('',(1.,0.,0.));
#2154=AXIS2_PLACEMENT_3D('',#2151,#2152,#2153);
#2155=PLANE('',#2154);
#2156=ORIENTED_EDGE('',*,*,#2077,.T.);
#2157=ORIENTED_EDGE('',*,*,#2102,.T.);
#2158=ORIENTED_EDGE('',*,*,#2082,.F.);
#2159=ORIENTED_EDGE('',*,*,#2087,.F.);
#2160=EDGE_LOOP('',(#2156,#2157,#2158,#2159));
#2161=FACE_OUTER_BOUND('',#2160,.T.);
#2162=ADVANCED_FACE('',(#2161),#2155,.T.);
#2163=CARTESIAN_POINT('',(1.906410589,3.302,0.));
#2164=DIRECTION('',(-0.8660254038,-0.5,0.));
#2165=DIRECTION('',(0.5,-0.8660254038,0.));
#2166=AXIS2_PLACEMENT_3D('',#2163,#2164,#2165);
#2167=PLANE('',#2166);
#2168=ORIENTED_EDGE('',*,*,#2092,.T.);
#2169=ORIENTED_EDGE('',*,*,#2027,.T.);
#2170=ORIENTED_EDGE('',*,*,#2097,.F.);
#2171=ORIENTED_EDGE('',*,*,#2102,.F.);
#2172=EDGE_LOOP('',(#2168,#2169,#2170,#2171));
#2173=FACE_OUTER_BOUND('',#2172,.T.);
#2174=ADVANCED_FACE('',(#2173),#2167,.T.);
#2175=CARTESIAN_POINT('',(38.73664052,0.,0.));
#2176=VERTEX_POINT('',#2175);
#2177=CARTESIAN_POINT('',(33.65664052,0.,0.));
#2178=VERTEX_POINT('',#2177);
#2179=CARTESIAN_POINT('',(38.73664052,0.,3.175));
#2180=VERTEX_POINT('',#2179);
#2181=CARTESIAN_POINT('',(33.65664052,0.,3.175));
#2182=VERTEX_POINT('',#2181);
#2183=CARTESIAN_POINT('',(36.19664052,0.,0.));
#2184=DIRECTION('',(0.,0.,1.));
#2185=DIRECTION('',(1.,0.,0.));
#2186=AXIS2_PLACEMENT_3D('',#2183,#2184,#2185);
#2187=CIRCLE('',#2186,2.54);
#2188=EDGE_CURVE('',#2176,#2178,#2187,.F.);
#2189=CARTESIAN_POINT('',(36.19664052,0.,3.175));
#2190=DIRECTION('',(0.,0.,1.));
#2191=DIRECTION('',(1.,0.,0.));
#2192=AXIS2_PLACEMENT_3D('',#2189,#2190,#2191);
#2193=CIRCLE('',#2192,2.54);
#2194=EDGE_CURVE('',#2180,#2182,#2193,.F.);
#2195=DIRECTION('',(0.,0.,1.));
#2196=VECTOR('',#2195,3.175);
#2197=CARTESIAN_POINT('',(38.73664052,0.,0.));
#2198=LINE('',#2197,#2196);
#2199=EDGE_CURVE('',#2176,#2180,#2198,.T.);
#2200=CARTESIAN_POINT('',(36.19664052,0.,0.));
#2201=DIRECTION('',(0.,0.,1.));
#2202=DIRECTION('',(1.,0.,0.));
#2203=AXIS2_PLACEMENT_3D('',#2200,#2201,#2202);
#2204=CIRCLE('',#2203,2.54);
#2205=EDGE_CURVE('',#2178,#2176,#2204,.F.);
#2206=CARTESIAN_POINT('',(36.19664052,0.,3.175));
#2207=DIRECTION('',(0.,0.,1.));
#2208=DIRECTION('',(1.,0.,0.));
#2209=AXIS2_PLACEMENT_3D('',#2206,#2207,#2208);
#2210=CIRCLE('',#2209,2.54);
#2211=EDGE_CURVE('',#2182,#2180,#2210,.F.);
#2212=DIRECTION('',(0.,0.,1.));
#2213=VECTOR('',#2212,3.175);
#2214=CARTESIAN_POINT('',(33.65664052,0.,0.));
#2215=LINE('',#2214,#2213);
#2216=EDGE_CURVE('',#2178,#2182,#2215,.T.);
#2217=CARTESIAN_POINT('',(36.19664052,0.,0.));
#2218=DIRECTION('',(0.,0.,1.));
#2219=DIRECTION('',(1.,0.,0.));
#2220=AXIS2_PLACEMENT_3D('',#2217,#2218,#2219);
#2221=CYLINDRICAL_SURFACE('',#2220,2.54);
#2222=ORIENTED_EDGE('',*,*,#2188,.T.);
#2223=ORIENTED_EDGE('',*,*,#2216,.T.);
#2224=ORIENTED_EDGE('',*,*,#2194,.F.);
#2225=ORIENTED_EDGE('',*,*,#2199,.F.);
#2226=EDGE_LOOP('',(#2222,#2223,#2224,#2225));
#2227=FACE_OUTER_BOUND('',#2226,.T.);
#2228=ADVANCED_FACE('',(#2227),#2221,.F.);
#2229=CARTESIAN_POINT('',(36.19664052,0.,0.));
#2230=DIRECTION('',(0.,0.,1.));
#2231=DIRECTION('',(1.,0.,0.));
#2232=AXIS2_PLACEMENT_3D('',#2229,#2230,#2231);
#2233=CYLINDRICAL_SURFACE('',#2232,2.54);
#2234=ORIENTED_EDGE('',*,*,#2205,.T.);
#2235=ORIENTED_EDGE('',*,*,#2199,.T.);
#2236=ORIENTED_EDGE('',*,*,#2211,.F.);
#2237=ORIENTED_EDGE('',*,*,#2216,.F.);
#2238=EDGE_LOOP('',(#2234,#2235,#2236,#2237));
#2239=FACE_OUTER_BOUND('',#2238,.T.);
#2240=ADVANCED_FACE('',(#2239),#2233,.F.);
#2241=CARTESIAN_POINT('',(-33.65664052,0.,0.));
#2242=VERTEX_POINT('',#2241);
#2243=CARTESIAN_POINT('',(-38.73664052,0.,0.));
#2244=VERTEX_POINT('',#2243);
#2245=CARTESIAN_POINT('',(-33.65664052,0.,3.175));
#2246=VERTEX_POINT('',#2245);
#2247=CARTESIAN_POINT('',(-38.73664052,0.,3.175));
#2248=VERTEX_POINT('',#2247);
#2249=CARTESIAN_POINT('',(-36.19664052,0.,0.));
#2250=DIRECTION('',(0.,0.,1.));
#2251=DIRECTION('',(1.,0.,0.));
#2252=AXIS2_PLACEMENT_3D('',#2249,#2250,#2251);
#2253=CIRCLE('',#2252,2.54);
#2254=EDGE_CURVE('',#2242,#2244,#2253,.F.);
#2255=CARTESIAN_POINT('',(-36.19664052,0.,3.175));
#2256=DIRECTION('',(0.,0.,1.));
#2257=DIRECTION('',(1.,0.,0.));
#2258=AXIS2_PLACEMENT_3D('',#2255,#2256,#2257);
#2259=CIRCLE('',#2258,2.54);
#2260=EDGE_CURVE('',#2246,#2248,#2259,.F.);
#2261=DIRECTION('',(0.,0.,1.));
#2262=VECTOR('',#2261,3.175);
#2263=CARTESIAN_POINT('',(-33.65664052,0.,0.));
#2264=LINE('',#2263,#2262);
#2265=EDGE_CURVE('',#2242,#2246,#2264,.T.);
#2266=CARTESIAN_POINT('',(-36.19664052,0.,0.));
#2267=DIRECTION('',(0.,0.,1.));
#2268=DIRECTION('',(1.,0.,0.));
#2269=AXIS2_PLACEMENT_3D('',#2266,#2267,#2268);
#2270=CIRCLE('',#2269,2.54);
#2271=EDGE_CURVE('',#2244,#2242,#2270,.F.);
#2272=CARTESIAN_POINT('',(-36.19664052,0.,3.175));
#2273=DIRECTION('',(0.,0.,1.));
#2274=DIRECTION('',(1.,0.,0.));
#2275=AXIS2_PLACEMENT_3D('',#2272,#2273,#2274);
#2276=CIRCLE('',#2275,2.54);
#2277=EDGE_CURVE('',#2248,#2246,#2276,.F.);
#2278=DIRECTION('',(0.,0.,1.));
#2279=VECTOR('',#2278,3.175);
#2280=CARTESIAN_POINT('',(-38.73664052,0.,0.));
#2281=LINE('',#2280,#2279);
#2282=EDGE_CURVE('',#2244,#2248,#2281,.T.);
#2283=CARTESIAN_POINT('',(-36.19664052,0.,0.));
#2284=DIRECTION('',(0.,0.,1.));
#2285=DIRECTION('',(1.,0.,0.));
#2286=AXIS2_PLACEMENT_3D('',#2283,#2284,#2285);
#2287=CYLINDRICAL_SURFACE('',#2286,2.54);
#2288=ORIENTED_EDGE('',*,*,#2254,.T.);
#2289=ORIENTED_EDGE('',*,*,#2282,.T.);
#2290=ORIENTED_EDGE('',*,*,#2260,.F.);
#2291=ORIENTED_EDGE('',*,*,#2265,.F.);
#2292=EDGE_LOOP('',(#2288,#2289,#2290,#2291));
#2293=FACE_OUTER_BOUND('',#2292,.T.);
#2294=ADVANCED_FACE('',(#2293),#2287,.F.);
#2295=CARTESIAN_POINT('',(-36.19664052,0.,0.));
#2296=DIRECTION('',(0.,0.,1.));
#2297=DIRECTION('',(1.,0.,0.));
#2298=AXIS2_PLACEMENT_3D('',#2295,#2296,#2297);
#2299=CYLINDRICAL_SURFACE('',#2298,2.54);
#2300=ORIENTED_EDGE('',*,*,#2271,.T.);
#2301=ORIENTED_EDGE('',*,*,#2265,.T.);
#2302=ORIENTED_EDGE('',*,*,#2277,.F.);
#2303=ORIENTED_EDGE('',*,*,#2282,.F.);
#2304=EDGE_LOOP('',(#2300,#2301,#2302,#2303));
#2305=FACE_OUTER_BOUND('',#2304,.T.);
#2306=ADVANCED_FACE('',(#2305),#2299,.F.);
#2307=CARTESIAN_POINT('',(0.,0.,3.175));
#2308=DIRECTION('',(0.,0.,1.));
#2309=DIRECTION('',(1.,0.,0.));
#2310=AXIS2_PLACEMENT_3D('',#2307,#2308,#2309);
#2311=PLANE('',#2310);
#2312=ORIENTED_EDGE('',*,*,#1888,.T.);
#2313=ORIENTED_EDGE('',*,*,#1903,.T.);
#2314=ORIENTED_EDGE('',*,*,#1920,.T.);
#2315=ORIENTED_EDGE('',*,*,#1935,.T.);
#2316=EDGE_LOOP('',(#2312,#2313,#2314,#2315));
#2317=FACE_OUTER_BOUND('',#2316,.T.);
#2318=ORIENTED_EDGE('',*,*,#2022,.T.);
#2319=ORIENTED_EDGE('',*,*,#2037,.T.);
#2320=ORIENTED_EDGE('',*,*,#2052,.T.);
#2321=ORIENTED_EDGE('',*,*,#2067,.T.);
#2322=ORIENTED_EDGE('',*,*,#2082,.T.);
#2323=ORIENTED_EDGE('',*,*,#2097,.T.);
#2324=EDGE_LOOP('',(#2318,#2319,#2320,#2321,#2322,#2323));
#2325=FACE_BOUND('',#2324,.T.);
#2326=ORIENTED_EDGE('',*,*,#2194,.T.);
#2327=ORIENTED_EDGE('',*,*,#2211,.T.);
#2328=EDGE_LOOP('',(#2326,#2327));
#2329=FACE_BOUND('',#2328,.T.);
#2330=ORIENTED_EDGE('',*,*,#2260,.T.);
#2331=ORIENTED_EDGE('',*,*,#2277,.T.);
#2332=EDGE_LOOP('',(#2330,#2331));
#2333=FACE_BOUND('',#2332,.T.);
#2334=ADVANCED_FACE('',(#2317,#2325,#2329,#2333),#2311,.T.);
#2335=CARTESIAN_POINT('',(0.,0.,0.));
#2336=DIRECTION('',(0.,0.,-1.));
#2337=DIRECTION('',(1.,0.,0.));
#2338=AXIS2_PLACEMENT_3D('',#2335,#2336,#2337);
#2339=PLANE('',#2338);
#2340=ORIENTED_EDGE('',*,*,#1930,.F.);
#2341=ORIENTED_EDGE('',*,*,#1914,.F.);
#2342=ORIENTED_EDGE('',*,*,#1898,.F.);
#2343=ORIENTED_EDGE('',*,*,#1882,.F.);
#2344=EDGE_LOOP('',(#2340,#2341,#2342,#2343));
#2345=FACE_OUTER_BOUND('',#2344,.T.);
#2346=ORIENTED_EDGE('',*,*,#2092,.F.);
#2347=ORIENTED_EDGE('',*,*,#2077,.F.);
#2348=ORIENTED_EDGE('',*,*,#2062,.F.);
#2349=ORIENTED_EDGE('',*,*,#2047,.F.);
#2350=ORIENTED_EDGE('',*,*,#2032,.F.);
#2351=ORIENTED_EDGE('',*,*,#2017,.F.);
#2352=EDGE_LOOP('',(#2346,#2347,#2348,#2349,#2350,#2351));
#2353=FACE_BOUND('',#2352,.T.);
#2354=ORIENTED_EDGE('',*,*,#2205,.F.);
#2355=ORIENTED_EDGE('',*,*,#2188,.F.);
#2356=EDGE_LOOP('',(#2354,#2355));
#2357=FACE_BOUND('',#2356,.T.);
#2358=ORIENTED_EDGE('',*,*,#2271,.F.);
#2359=ORIENTED_EDGE('',*,*,#2254,.F.);
#2360=EDGE_LOOP('',(#2358,#2359));
#2361=FACE_BOUND('',#2360,.T.);
#2362=ADVANCED_FACE('',(#2345,#2353,#2357,#2361),#2339,.T.);
#2363=CLOSED_SHELL('',(#1952,#1964,#1976,#1988,#2114,#2126,#2138,#2150,#2162,#2174,#2228,#2240,#2294,#2306,#2334,#2362));
#2364=MANIFOLD_SOLID_BREP('hex_connector',#2363);
#2365=ADVANCED_BREP_SHAPE_REPRESENTATION('hex_connector',(#1860,#2364),#9);
#2366=SHAPE_DEFINITION_REPRESENTATION(#1856,#2365);
#2367=PRODUCT('leaf','leaf','',(#3));
#2368=PRODUCT_RELATED_PRODUCT_CATEGORY('part',$,(#2367));
#2369=PRODUCT_DEFINITION_FORMATION('','',#2367);
#2370=PRODUCT_DEFINITION('design','',#2369,#4);
#2371=PRODUCT_DEFINITION_SHAPE('','',#2370);
#2372=CARTESIAN_POINT('',(0.,0.,0.));
#2373=DIRECTION('',(0.,0.,1.));
#2374=DIRECTION('',(1.,0.,0.));
#2375=AXIS2_PLACEMENT_3D('',#2372,#2373,#2374);
#2376=CARTESIAN_POINT('',(44.45,61.89214409,0.));
#2377=VERTEX_POINT('',#2376);
#2378=CARTESIAN_POINT('',(-44.45,61.89214409,0.));
#2379=VERTEX_POINT('',#2378);
#2380=CARTESIAN_POINT('',(-44.45,0.762,0.));
#2381=VERTEX_POINT('',#2380);
#2382=CARTESIAN_POINT('',(-4.318,0.762,0.));
#2383=VERTEX_POINT('',#2382);
#2384=CARTESIAN_POINT('',(4.318,0.762,0.));
#2385=VERTEX_POINT('',#2384);
#2386=CARTESIAN_POINT('',(44.45,0.762,0.));
#2387=VERTEX_POINT('',#2386);
#2388=CARTESIAN_POINT('',(44.45,61.89214409,3.175));
#2389=VERTEX_POINT('',#2388);
#2390=CARTESIAN_POINT('',(-44.45,61.89214409,3.175));
#2391=VERTEX_POINT('',#2390);
#2392=CARTESIAN_POINT('',(-44.45,0.762,3.175));
#2393=VERTEX_POINT('',#2392);
#2394=CARTESIAN_POINT('',(-4.318,0.762,3.175));
#2395=VERTEX_POINT('',#2394);
#2396=CARTESIAN_POINT('',(4.318,0.762,3.175));
#2397=VERTEX_POINT('',#2396);
#2398=CARTESIAN_POINT('',(44.45,0.762,3.175));
#2399=VERTEX_POINT('',#2398);
#2400=CARTESIAN_POINT('',(0.,0.,0.));
#2401=DIRECTION('',(0.,0.,1.));
#2402=DIRECTION('',(1.,0.,0.));
#2403=AXIS2_PLACEMENT_3D('',#2400,#2401,#2402);
#2404=CIRCLE('',#2403,76.2);
#2405=EDGE_CURVE('',#2377,#2379,#2404,.T.);
#2406=CARTESIAN_POINT('',(0.,0.,3.175));
#2407=DIRECTION('',(0.,0.,1.));
#2408=DIRECTION('',(1.,0.,0.));
#2409=AXIS2_PLACEMENT_3D('',#2406,#2407,#2408);
#2410=CIRCLE('',#2409,76.2);
#2411=EDGE_CURVE('',#2389,#2391,#2410,.T.);
#2412=DIRECTION('',(0.,0.,1.));
#2413=VECTOR('',#2412,3.175);
#2414=CARTESIAN_POINT('',(44.45,61.89214409,0.));
#2415=LINE('',#2414,#2413);
#2416=EDGE_CURVE('',#2377,#2389,#2415,.T.);
#2417=DIRECTION('',(0.,-1.,0.));
#2418=VECTOR('',#2417,61.13014409);
#2419=CARTESIAN_POINT('',(-44.45,61.89214409,0.));
#2420=LINE('',#2419,#2418);
#2421=EDGE_CURVE('',#2379,#2381,#2420,.T.);
#2422=DIRECTION('',(0.,-1.,0.));
#2423=VECTOR('',#2422,61.13014409);
#2424=CARTESIAN_POINT('',(-44.45,61.89214409,3.175));
#2425=LINE('',#2424,#2423);
#2426=EDGE_CURVE('',#2391,#2393,#2425,.T.);
#2427=DIRECTION('',(0.,0.,1.));
#2428=VECTOR('',#2427,3.175);
#2429=CARTESIAN_POINT('',(-44.45,61.89214409,0.));
#2430=LINE('',#2429,#2428);
#2431=EDGE_CURVE('',#2379,#2391,#2430,.T.);
#2432=DIRECTION('',(1.,0.,0.));
#2433=VECTOR('',#2432,40.132);
#2434=CARTESIAN_POINT('',(-44.45,0.762,0.));
#2435=LINE('',#2434,#2433);
#2436=EDGE_CURVE('',#2381,#2383,#2435,.T.);
#2437=DIRECTION('',(1.,0.,0.));
#2438=VECTOR('',#2437,40.132);
#2439=CARTESIAN_POINT('',(-44.45,0.762,3.175));
#2440=LINE('',#2439,#2438);
#2441=EDGE_CURVE('',#2393,#2395,#2440,.T.);
#2442=DIRECTION('',(0.,0.,1.));
#2443=VECTOR('',#2442,3.175);
#2444=CARTESIAN_POINT('',(-44.45,0.762,0.));
#2445=LINE('',#2444,#2443);
#2446=EDGE_CURVE('',#2381,#2393,#2445,.T.);
#2447=CARTESIAN_POINT('',(0.,0.762,0.));
#2448=DIRECTION('',(0.,0.,1.));
#2449=DIRECTION('',(1.,0.,0.));
#2450=AXIS2_PLACEMENT_3D('',#2447,#2448,#2449);
#2451=CIRCLE('',#2450,4.318);
#2452=EDGE_CURVE('',#2383,#2385,#2451,.F.);
#2453=CARTESIAN_POINT('',(0.,0.762,3.175));
#2454=DIRECTION('',(0.,0.,1.));
#2455=DIRECTION('',(1.,0.,0.));
#2456=AXIS2_PLACEMENT_3D('',#2453,#2454,#2455);
#2457=CIRCLE('',#2456,4.318);
#2458=EDGE_CURVE('',#2395,#2397,#2457,.F.);
#2459=DIRECTION('',(0.,0.,1.));
#2460=VECTOR('',#2459,3.175);
#2461=CARTESIAN_POINT('',(-4.318,0.762,0.));
#2462=LINE('',#2461,#2460);
#2463=EDGE_CURVE('',#2383,#2395,#2462,.T.);
#2464=DIRECTION('',(1.,0.,0.));
#2465=VECTOR('',#2464,40.132);
#2466=CARTESIAN_POINT('',(4.318,0.762,0.));
#2467=LINE('',#2466,#2465);
#2468=EDGE_CURVE('',#2385,#2387,#2467,.T.);
#2469=DIRECTION('',(1.,0.,0.));
#2470=VECTOR('',#2469,40.132);
#2471=CARTESIAN_POINT('',(4.318,0.762,3.175));
#2472=LINE('',#2471,#2470);
#2473=EDGE_CURVE('',#2397,#2399,#2472,.T.);
#2474=DIRECTION('',(0.,0.,1.));
#2475=VECTOR('',#2474,3.175);
#2476=CARTESIAN_POINT('',(4.318,0.762,0.));
#2477=LINE('',#2476,#2475);
#2478=EDGE_CURVE('',#2385,#2397,#2477,.T.);
#2479=DIRECTION('',(0.,1.,0.));
#2480=VECTOR('',#2479,61.13014409);
#2481=CARTESIAN_POINT('',(44.45,0.762,0.));
#2482=LINE('',#2481,#2480);
#2483=EDGE_CURVE('',#2387,#2377,#2482,.T.);
#2484=DIRECTION('',(0.,1.,0.));
#2485=VECTOR('',#2484,61.13014409);
#2486=CARTESIAN_POINT('',(44.45,0.762,3.175));
#2487=LINE('',#2486,#2485);
#2488=EDGE_CURVE('',#2399,#2389,#2487,.T.);
#2489=DIRECTION('',(0.,0.,1.));
#2490=VECTOR('',#2489,3.175);
#2491=CARTESIAN_POINT('',(44.45,0.762,0.));
#2492=LINE('',#2491,#2490);
#2493=EDGE_CURVE('',#2387,#2399,#2492,.T.);
#2494=CARTESIAN_POINT('',(0.,0.,0.));
#2495=DIRECTION('',(0.,0.,1.));
#2496=DIRECTION('',(1.,0.,0.));
#2497=AXIS2_PLACEMENT_3D('',#2494,#2495,#2496);
#2498=CYLINDRICAL_SURFACE('',#2497,76.2);
#2499=ORIENTED_EDGE('',*,*,#2405,.T.);
#2500=ORIENTED_EDGE('',*,*,#2431,.T.);
#2501=ORIENTED_EDGE('',*,*,#2411,.F.);
#2502=ORIENTED_EDGE('',*,*,#2416,.F.);
#2503=EDGE_LOOP('',(#2499,#2500,#2501,#2502));
#2504=FACE_OUTER_BOUND('',#2503,.T.);
#2505=ADVANCED_FACE('',(#2504),#2498,.T.);
#2506=CARTESIAN_POINT('',(-44.45,61.89214409,0.));
#2507=DIRECTION('',(-1.,0.,0.));
#2508=DIRECTION('',(0.,-1.,0.));
#2509=AXIS2_PLACEMENT_3D('',#2506,#2507,#2508);
#2510=PLANE('',#2509);
#2511=ORIENTED_EDGE('',*,*,#2421,.T.);
#2512=ORIENTED_EDGE('',*,*,#2446,.T.);
#2513=ORIENTED_EDGE('',*,*,#2426,.F.);
#2514=ORIENTED_EDGE('',*,*,#2431,.F.);
#2515=EDGE_LOOP('',(#2511,#2512,#2513,#2514));
#2516=FACE_OUTER_BOUND('',#2515,.T.);
#2517=ADVANCED_FACE('',(#2516),#2510,.T.);
#2518=CARTESIAN_POINT('',(-44.45,0.762,0.));
#2519=DIRECTION('',(0.,-1.,0.));
#2520=DIRECTION('',(1.,0.,0.));
#2521=AXIS2_PLACEMENT_3D('',#2518,#2519,#2520);
#2522=PLANE('',#2521);
#2523=ORIENTED_EDGE('',*,*,#2436,.T.);
#2524=ORIENTED_EDGE('',*,*,#2463,.T.);
#2525=ORIENTED_EDGE('',*,*,#2441,.F.);
#2526=ORIENTED_EDGE('',*,*,#2446,.F.);
#2527=EDGE_LOOP('',(#2523,#2524,#2525,#2526));
#2528=FACE_OUTER_BOUND('',#2527,.T.);
#2529=ADVANCED_FACE('',(#2528),#2522,.T.);
#2530=CARTESIAN_POINT('',(0.,0.762,0.));
#2531=DIRECTION('',(0.,0.,1.));
#2532=DIRECTION('',(1.,0.,0.));
#2533=AXIS2_PLACEMENT_3D('',#2530,#2531,#2532);
#2534=CYLINDRICAL_SURFACE('',#2533,4.318);
#2535=ORIENTED_EDGE('',*,*,#2452,.T.);
#2536=ORIENTED_EDGE('',*,*,#2478,.T.);
#2537=ORIENTED_EDGE('',*,*,#2458,.F.);
#2538=ORIENTED_EDGE('',*,*,#2463,.F.);
#2539=EDGE_LOOP('',(#2535,#2536,#2537,#2538));
#2540=FACE_OUTER_BOUND('',#2539,.T.);
#2541=ADVANCED_FACE('',(#2540),#2534,.F.);
#2542=CARTESIAN_POINT('',(4.318,0.762,0.));
#2543=DIRECTION('',(0.,-1.,0.));
#2544=DIRECTION('',(1.,0.,0.));
#2545=AXIS2_PLACEMENT_3D('',#2542,#2543,#2544);
#2546=PLANE('',#2545);
#2547=ORIENTED_EDGE('',*,*,#2468,.T.);
#2548=ORIENTED_EDGE('',*,*,#2493,.T.);
#2549=ORIENTED_EDGE('',*,*,#2473,.F.);
#2550=ORIENTED_EDGE('',*,*,#2478,.F.);
#2551=EDGE_LOOP('',(#2547,#2548,#2549,#2550));
#2552=FACE_OUTER_BOUND('',#2551,.T.);
#2553=ADVANCED_FACE('',(#2552),#2546,.T.);
#2554=CARTESIAN_POINT('',(44.45,0.762,0.));
#2555=DIRECTION('',(1.,0.,0.));
#2556=DIRECTION('',(0.,1.,0.));
#2557=AXIS2_PLACEMENT_3D('',#2554,#2555,#2556);
#2558=PLANE('',#2557);
#2559=ORIENTED_EDGE('',*,*,#2483,.T.);
#2560=ORIENTED_EDGE('',*,*,#2416,.T.);
#2561=ORIENTED_EDGE('',*,*,#2488,.F.);
#2562=ORIENTED_EDGE('',*,*,#2493,.F.);
#2563=EDGE_LOOP('',(#2559,#2560,#2561,#2562));
#2564=FACE_OUTER_BOUND('',#2563,.T.);
#2565=ADVANCED_FACE('',(#2564),#2558,.T.);
#2566=CARTESIAN_POINT('',(12.7,8.382,0.));
#2567=VERTEX_POINT('',#2566);
#2568=CARTESIAN_POINT('',(7.62,8.382,0.));
#2569=VERTEX_POINT('',#2568);
#2570=CARTESIAN_POINT('',(12.7,8.382,3.175));
#2571=VERTEX_POINT('',#2570);
#2572=CARTESIAN_POINT('',(7.62,8.382,3.175));
#2573=VERTEX_POINT('',#2572);
#2574=CARTESIAN_POINT('',(10.16,8.382,0.));
#2575=DIRECTION('',(0.,0.,1.));
#2576=DIRECTION('',(1.,0.,0.));
#2577=AXIS2_PLACEMENT_3D('',#2574,#2575,#2576);
#2578=CIRCLE('',#2577,2.54);
#2579=EDGE_CURVE('',#2567,#2569,#2578,.F.);
#2580=CARTESIAN_POINT('',(10.16,8.382,3.175));
#2581=DIRECTION('',(0.,0.,1.));
#2582=DIRECTION('',(1.,0.,0.));
#2583=AXIS2_PLACEMENT_3D('',#2580,#2581,#2582);
#2584=CIRCLE('',#2583,2.54);
#2585=EDGE_CURVE('',#2571,#2573,#2584,.F.);
#2586=DIRECTION('',(0.,0.,1.));
#2587=VECTOR('',#2586,3.175);
#2588=CARTESIAN_POINT('',(12.7,8.382,0.));
#2589=LINE('',#2588,#2587);
#2590=EDGE_CURVE('',#2567,#2571,#2589,.T.);
#2591=CARTESIAN_POINT('',(10.16,8.382,0.));
#2592=DIRECTION('',(0.,0.,1.));
#2593=DIRECTION('',(1.,0.,0.));
#2594=AXIS2_PLACEMENT_3D('',#2591,#2592,#2593);
#2595=CIRCLE('',#2594,2.54);
#2596=EDGE_CURVE('',#2569,#2567,#2595,.F.);
#2597=CARTESIAN_POINT('',(10.16,8.382,3.175));
#2598=DIRECTION('',(0.,0.,1.));
#2599=DIRECTION('',(1.,0.,0.));
#2600=AXIS2_PLACEMENT_3D('',#2597,#2598,#2599);
#2601=CIRCLE('',#2600,2.54);
#2602=EDGE_CURVE('',#2573,#2571,#2601,.F.);
#2603=DIRECTION('',(0.,0.,1.));
#2604=VECTOR('',#2603,3.175);
#2605=CARTESIAN_POINT('',(7.62,8.382,0.));
#2606=LINE('',#2605,#2604);
#2607=EDGE_CURVE('',#2569,#2573,#2606,.T.);
#2608=CARTESIAN_POINT('',(10.16,8.382,0.));
#2609=DIRECTION('',(0.,0.,1.));
#2610=DIRECTION('',(1.,0.,0.));
#2611=AXIS2_PLACEMENT_3D('',#2608,#2609,#2610);
#2612=CYLINDRICAL_SURFACE('',#2611,2.54);
#2613=ORIENTED_EDGE('',*,*,#2579,.T.);
#2614=ORIENTED_EDGE('',*,*,#2607,.T.);
#2615=ORIENTED_EDGE('',*,*,#2585,.F.);
#2616=ORIENTED_EDGE('',*,*,#2590,.F.);
#2617=EDGE_LOOP('',(#2613,#2614,#2615,#2616));
#2618=FACE_OUTER_BOUND('',#2617,.T.);
#2619=ADVANCED_FACE('',(#2618),#2612,.F.);
#2620=CARTESIAN_POINT('',(10.16,8.382,0.));
#2621=DIRECTION('',(0.,0.,1.));
#2622=DIRECTION('',(1.,0.,0.));
#2623=AXIS2_PLACEMENT_3D('',#2620,#2621,#2622);
#2624=CYLINDRICAL_SURFACE('',#2623,2.54);
#2625=ORIENTED_EDGE('',*,*,#2596,.T.);
#2626=ORIENTED_EDGE('',*,*,#2590,.T.);
#2627=ORIENTED_EDGE('',*,*,#2602,.F.);
#2628=ORIENTED_EDGE('',*,*,#2607,.F.);
#2629=EDGE_LOOP('',(#2625,#2626,#2627,#2628));
#2630=FACE_OUTER_BOUND('',#2629,.T.);
#2631=ADVANCED_FACE('',(#2630),#2624,.F.);
#2632=CARTESIAN_POINT('',(40.64,5.060073905,3.175));
#2633=VERTEX_POINT('',#2632);
#2634=CARTESIAN_POINT('',(-40.64,5.060073905,3.175));
#2635=VERTEX_POINT('',#2634);
#2636=CARTESIAN_POINT('',(-40.64,2.520073905,3.175));
#2637=VERTEX_POINT('',#2636);
#2638=CARTESIAN_POINT('',(40.64,2.520073905,3.175));
#2639=VERTEX_POINT('',#2638);
#2640=CARTESIAN_POINT('',(40.64,5.060073905,4.699));
#2641=VERTEX_POINT('',#2640);
#2642=CARTESIAN_POINT('',(-40.64,5.060073905,4.699));
#2643=VERTEX_POINT('',#2642);
#2644=CARTESIAN_POINT('',(-40.64,2.520073905,4.699));
#2645=VERTEX_POINT('',#2644);
#2646=CARTESIAN_POINT('',(40.64,2.520073905,4.699));
#2647=VERTEX_POINT('',#2646);
#2648=CARTESIAN_POINT('',(0.,-59.3979,3.175));
#2649=DIRECTION('',(0.,0.,1.));
#2650=DIRECTION('',(1.,0.,0.));
#2651=AXIS2_PLACEMENT_3D('',#2648,#2649,#2650);
#2652=CIRCLE('',#2651,76.2);
#2653=EDGE_CURVE('',#2633,#2635,#2652,.T.);
#2654=CARTESIAN_POINT('',(0.,-59.3979,4.699));
#2655=DIRECTION('',(0.,0.,1.));
#2656=DIRECTION('',(1.,0.,0.));
#2657=AXIS2_PLACEMENT_3D('',#2654,#2655,#2656);
#2658=CIRCLE('',#2657,76.2);
#2659=EDGE_CURVE('',#2641,#2643,#2658,.T.);
#2660=DIRECTION('',(0.,0.,1.));
#2661=VECTOR('',#2660,1.524);
#2662=CARTESIAN_POINT('',(40.64,5.060073905,3.175));
#2663=LINE('',#2662,#2661);
#2664=EDGE_CURVE('',#2633,#2641,#2663,.T.);
#2665=DIRECTION('',(0.,-1.,0.));
#2666=VECTOR('',#2665,2.54);
#2667=CARTESIAN_POINT('',(-40.64,5.060073905,3.175));
#2668=LINE('',#2667,#2666);
#2669=EDGE_CURVE('',#2635,#2637,#2668,.T.);
#2670=DIRECTION('',(0.,-1.,0.));
#2671=VECTOR('',#2670,2.54);
#2672=CARTESIAN_POINT('',(-40.64,5.060073905,4.699));
#2673=LINE('',#2672,#2671);
#2674=EDGE_CURVE('',#2643,#2645,#2673,.T.);
#2675=DIRECTION('',(0.,0.,1.));
#2676=VECTOR('',#2675,1.524);
#2677=CARTESIAN_POINT('',(-40.64,5.060073905,3.175));
#2678=LINE('',#2677,#2676);
#2679=EDGE_CURVE('',#2635,#2643,#2678,.T.);
#2680=CARTESIAN_POINT('',(0.,-61.9379,3.175));
#2681=DIRECTION('',(0.,0.,1.));
#2682=DIRECTION('',(1.,0.,0.));
#2683=AXIS2_PLACEMENT_3D('',#2680,#2681,#2682);
#2684=CIRCLE('',#2683,76.2);
#2685=EDGE_CURVE('',#2637,#2639,#2684,.F.);
#2686=CARTESIAN_POINT('',(0.,-61.9379,4.699));
#2687=DIRECTION('',(0.,0.,1.));
#2688=DIRECTION('',(1.,0.,0.));
#2689=AXIS2_PLACEMENT_3D('',#2686,#2687,#2688);
#2690=CIRCLE('',#2689,76.2);
#2691=EDGE_CURVE('',#2645,#2647,#2690,.F.);
#2692=DIRECTION('',(0.,0.,1.));
#2693=VECTOR('',#2692,1.524);
#2694=CARTESIAN_POINT('',(-40.64,2.520073905,3.175));
#2695=LINE('',#2694,#2693);
#2696=EDGE_CURVE('',#2637,#2645,#2695,.T.);
#2697=DIRECTION('',(0.,1.,0.));
#2698=VECTOR('',#2697,2.54);
#2699=CARTESIAN_POINT('',(40.64,2.520073905,3.175));
#2700=LINE('',#2699,#2698);
#2701=EDGE_CURVE('',#2639,#2633,#2700,.T.);
#2702=DIRECTION('',(0.,1.,0.));
#2703=VECTOR('',#2702,2.54);
#2704=CARTESIAN_POINT('',(40.64,2.520073905,4.699));
#2705=LINE('',#2704,#2703);
#2706=EDGE_CURVE('',#2647,#2641,#2705,.T.);
#2707=DIRECTION('',(0.,0.,1.));
#2708=VECTOR('',#2707,1.524);
#2709=CARTESIAN_POINT('',(40.64,2.520073905,3.175));
#2710=LINE('',#2709,#2708);
#2711=EDGE_CURVE('',#2639,#2647,#2710,.T.);
#2712=CARTESIAN_POINT('',(0.,-59.3979,3.175));
#2713=DIRECTION('',(0.,0.,1.));
#2714=DIRECTION('',(1.,0.,0.));
#2715=AXIS2_PLACEMENT_3D('',#2712,#2713,#2714);
#2716=CYLINDRICAL_SURFACE('',#2715,76.2);
#2717=ORIENTED_EDGE('',*,*,#2653,.T.);
#2718=ORIENTED_EDGE('',*,*,#2679,.T.);
#2719=ORIENTED_EDGE('',*,*,#2659,.F.);
#2720=ORIENTED_EDGE('',*,*,#2664,.F.);
#2721=EDGE_LOOP('',(#2717,#2718,#2719,#2720));
#2722=FACE_OUTER_BOUND('',#2721,.T.);
#2723=ADVANCED_FACE('',(#2722),#2716,.T.);
#2724=CARTESIAN_POINT('',(-40.64,5.060073905,3.175));
#2725=DIRECTION('',(-1.,0.,0.));
#2726=DIRECTION('',(0.,-1.,0.));
#2727=AXIS2_PLACEMENT_3D('',#2724,#2725,#2726);
#2728=PLANE('',#2727);
#2729=ORIENTED_EDGE('',*,*,#2669,.T.);
#2730=ORIENTED_EDGE('',*,*,#2696,.T.);
#2731=ORIENTED_EDGE('',*,*,#2674,.F.);
#2732=ORIENTED_EDGE('',*,*,#2679,.F.);
#2733=EDGE_LOOP('',(#2729,#2730,#2731,#2732));
#2734=FACE_OUTER_BOUND('',#2733,.T.);
#2735=ADVANCED_FACE('',(#2734),#2728,.T.);
#2736=CARTESIAN_POINT('',(0.,-61.9379,3.175));
#2737=DIRECTION('',(0.,0.,1.));
#2738=DIRECTION('',(1.,0.,0.));
#2739=AXIS2_PLACEMENT_3D('',#2736,#2737,#2738);
#2740=CYLINDRICAL_SURFACE('',#2739,76.2);
#2741=ORIENTED_EDGE('',*,*,#2685,.T.);
#2742=ORIENTED_EDGE('',*,*,#2711,.T.);
#2743=ORIENTED_EDGE('',*,*,#2691,.F.);
#2744=ORIENTED_EDGE('',*,*,#2696,.F.);
#2745=EDGE_LOOP('',(#2741,#2742,#2743,#2744));
#2746=FACE_OUTER_BOUND('',#2745,.T.);
#2747=ADVANCED_FACE('',(#2746),#2740,.F.);
#2748=CARTESIAN_POINT('',(40.64,2.520073905,3.175));
#2749=DIRECTION('',(1.,0.,0.));
#2750=DIRECTION('',(0.,1.,0.));
#2751=AXIS2_PLACEMENT_3D('',#2748,#2749,#2750);
#2752=PLANE('',#2751);
#2753=ORIENTED_EDGE('',*,*,#2701,.T.);
#2754=ORIENTED_EDGE('',*,*,#2664,.T.);
#2755=ORIENTED_EDGE('',*,*,#2706,.F.);
#2756=ORIENTED_EDGE('',*,*,#2711,.F.);
#2757=EDGE_LOOP('',(#2753,#2754,#2755,#2756));
#2758=FACE_OUTER_BOUND('',#2757,.T.);
#2759=ADVANCED_FACE('',(#2758),#2752,.T.);
#2760=CARTESIAN_POINT('',(0.,0.,3.175));
#2761=DIRECTION('',(0.,0.,1.));
#2762=DIRECTION('',(1.,0.,0.));
#2763=AXIS2_PLACEMENT_3D('',#2760,#2761,#2762);
#2764=PLANE('',#2763);
#2765=ORIENTED_EDGE('',*,*,#2411,.T.);
#2766=ORIENTED_EDGE('',*,*,#2426,.T.);
#2767=ORIENTED_EDGE('',*,*,#2441,.T.);
#2768=ORIENTED_EDGE('',*,*,#2458,.T.);
#2769=ORIENTED_EDGE('',*,*,#2473,.T.);
#2770=ORIENTED_EDGE('',*,*,#2488,.T.);
#2771=EDGE_LOOP('',(#2765,#2766,#2767,#2768,#2769,#2770));
#2772=FACE_OUTER_BOUND('',#2771,.T.);
#2773=ORIENTED_EDGE('',*,*,#2585,.T.);
#2774=ORIENTED_EDGE('',*,*,#2602,.T.);
#2775=EDGE_LOOP('',(#2773,#2774));
#2776=FACE_BOUND('',#2775,.T.);
#2777=ORIENTED_EDGE('',*,*,#2701,.F.);
#2778=ORIENTED_EDGE('',*,*,#2685,.F.);
#2779=ORIENTED_EDGE('',*,*,#2669,.F.);
#2780=ORIENTED_EDGE('',*,*,#2653,.F.);
#2781=EDGE_LOOP('',(#2777,#2778,#2779,#2780));
#2782=FACE_BOUND('',#2781,.T.);
#2783=ADVANCED_FACE('',(#2772,#2776,#2782),#2764,.T.);
#2784=CARTESIAN_POINT('',(0.,0.,0.));
#2785=DIRECTION('',(0.,0.,-1.));
#2786=DIRECTION('',(1.,0.,0.));
#2787=AXIS2_PLACEMENT_3D('',#2784,#2785,#2786);
#2788=PLANE('',#2787);
#2789=ORIENTED_EDGE('',*,*,#2483,.F.);
#2790=ORIENTED_EDGE('',*,*,#2468,.F.);
#2791=ORIENTED_EDGE('',*,*,#2452,.F.);
#2792=ORIENTED_EDGE('',*,*,#2436,.F.);
#2793=ORIENTED_EDGE('',*,*,#2421,.F.);
#2794=ORIENTED_EDGE('',*,*,#2405,.F.);
#2795=EDGE_LOOP('',(#2789,#2790,#2791,#2792,#2793,#2794));
#2796=FACE_OUTER_BOUND('',#2795,.T.);
#2797=ORIENTED_EDGE('',*,*,#2596,.F.);
#2798=ORIENTED_EDGE('',*,*,#2579,.F.);
#2799=EDGE_LOOP('',(#2797,#2798));
#2800=FACE_BOUND('',#2799,.T.);
#2801=ADVANCED_FACE('',(#2796,#2800),#2788,.T.);
#2802=CARTESIAN_POINT('',(0.,0.,4.699));
#2803=DIRECTION('',(0.,0.,1.));
#2804=DIRECTION('',(1.,0.,0.));
#2805=AXIS2_PLACEMENT_3D('',#2802,#2803,#2804);
#2806=PLANE('',#2805);
#2807=ORIENTED_EDGE('',*,*,#2659,.T.);
#2808=ORIENTED_EDGE('',*,*,#2674,.T.);
#2809=ORIENTED_EDGE('',*,*,#2691,.T.);
#2810=ORIENTED_EDGE('',*,*,#2706,.T.);
#2811=EDGE_LOOP('',(#2807,#2808,#2809,#2810));
#2812=FACE_OUTER_BOUND('',#2811,.T.);
#2813=ADVANCED_FACE('',(#2812),#2806,.T.);
#2814=CLOSED_SHELL('',(#2505,#2517,#2529,#2541,#2553,#2565,#2619,#2631,#2723,#2735,#2747,#2759,#2783,#2801,#2813));
#2815=MANIFOLD_SOLID_BREP('leaf',#2814);
#2816=ADVANCED_BREP_SHAPE_REPRESENTATION('leaf',(#2375,#2815),#9);
#2817=SHAPE_DEFINITION_REPRESENTATION(#2371,#2816);
#2818=PRODUCT('leaf_connector','leaf_connector','',(#3));
#2819=PRODUCT_RELATED_PRODUCT_CATEGORY('part',$,(#2818));
#2820=PRODUCT_DEFINITION_FORMATION('','',#2818);
#2821=PRODUCT_DEFINITION('design','',#2820,#4);
#2822=PRODUCT_DEFINITION_SHAPE('','',#2821);
#2823=CARTESIAN_POINT('',(0.,0.,0.));
#2824=DIRECTION('',(0.,0.,1.));
#2825=DIRECTION('',(1.,0.,0.));
#2826=AXIS2_PLACEMENT_3D('',#2823,#2824,#2825);
#2827=CARTESIAN_POINT('',(0.,3.81,0.));
#2828=VERTEX_POINT('',#2827);
#2829=CARTESIAN_POINT('',(0.,-3.81,0.));
#2830=VERTEX_POINT('',#2829);
#2831=CARTESIAN_POINT('',(30.79050917,-3.81,0.));
#2832=VERTEX_POINT('',#2831);
#2833=CARTESIAN_POINT('',(30.79050917,3.81,0.));
#2834=VERTEX_POINT('',#2833);
#2835=CARTESIAN_POINT('',(0.,3.81,3.175));
#2836=VERTEX_POINT('',#2835);
#2837=CARTESIAN_POINT('',(0.,-3.81,3.175));
#2838=VERTEX_POINT('',#2837);
#2839=CARTESIAN_POINT('',(30.79050917,-3.81,3.175));
#2840=VERTEX_POINT('',#2839);
#2841=CARTESIAN_POINT('',(30.79050917,3.81,3.175));
#2842=VERTEX_POINT('',#2841);
#2843=CARTESIAN_POINT('',(0.,0.,0.));
#2844=DIRECTION('',(0.,0.,1.));
#2845=DIRECTION('',(1.,0.,0.));
#2846=AXIS2_PLACEMENT_3D('',#2843,#2844,#2845);
#2847=CIRCLE('',#2846,3.81);
#2848=EDGE_CURVE('',#2828,#2830,#2847,.T.);
#2849=CARTESIAN_POINT('',(0.,0.,3.175));
#2850=DIRECTION('',(0.,0.,1.));
#2851=DIRECTION('',(1.,0.,0.));
#2852=AXIS2_PLACEMENT_3D('',#2849,#2850,#2851);
#2853=CIRCLE('',#2852,3.81);
#2854=EDGE_CURVE('',#2836,#2838,#2853,.T.);
#2855=DIRECTION('',(0.,0.,1.));
#2856=VECTOR('',#2855,3.175);
#2857=CARTESIAN_POINT('',(0.,3.81,0.));
#2858=LINE('',#2857,#2856);
#2859=EDGE_CURVE('',#2828,#2836,#2858,.T.);
#2860=DIRECTION('',(1.,0.,0.));
#2861=VECTOR('',#2860,30.79050917);
#2862=CARTESIAN_POINT('',(0.,-3.81,0.));
#2863=LINE('',#2862,#2861);
#2864=EDGE_CURVE('',#2830,#2832,#2863,.T.);
#2865=DIRECTION('',(1.,0.,0.));
#2866=VECTOR('',#2865,30.79050917);
#2867=CARTESIAN_POINT('',(0.,-3.81,3.175));
#2868=LINE('',#2867,#2866);
#2869=EDGE_CURVE('',#2838,#2840,#2868,.T.);
#2870=DIRECTION('',(0.,0.,1.));
#2871=VECTOR('',#2870,3.175);
#2872=CARTESIAN_POINT('',(0.,-3.81,0.));
#2873=LINE('',#2872,#2871);
#2874=EDGE_CURVE('',#2830,#2838,#2873,.T.);
#2875=CARTESIAN_POINT('',(30.79050917,0.,0.));
#2876=DIRECTION('',(0.,0.,1.));
#2877=DIRECTION('',(1.,0.,0.));
#2878=AXIS2_PLACEMENT_3D('',#2875,#2876,#2877);
#2879=CIRCLE('',#2878,3.81);
#2880=EDGE_CURVE('',#2832,#2834,#2879,.T.);
#2881=CARTESIAN_POINT('',(30.79050917,0.,3.175));
#2882=DIRECTION('',(0.,0.,1.));
#2883=DIRECTION('',(1.,0.,0.));
#2884=AXIS2_PLACEMENT_3D('',#2881,#2882,#2883);
#2885=CIRCLE('',#2884,3.81);
#2886=EDGE_CURVE('',#2840,#2842,#2885,.T.);
#2887=DIRECTION('',(0.,0.,1.));
#2888=VECTOR('',#2887,3.175);
#2889=CARTESIAN_POINT('',(30.79050917,-3.81,0.));
#2890=LINE('',#2889,#2888);
#2891=EDGE_CURVE('',#2832,#2840,#2890,.T.);
#2892=DIRECTION('',(-1.,0.,0.));
#2893=VECTOR('',#2892,30.79050917);
#2894=CARTESIAN_POINT('',(30.79050917,3.81,0.));
#2895=LINE('',#2894,#2893);
#2896=EDGE_CURVE('',#2834,#2828,#2895,.T.);
#2897=DIRECTION('',(-1.,0.,0.));
#2898=VECTOR('',#2897,30.79050917);
#2899=CARTESIAN_POINT('',(30.79050917,3.81,3.175));
#2900=LINE('',#2899,#2898);
#2901=EDGE_CURVE('',#2842,#2836,#2900,.T.);
#2902=DIRECTION('',(0.,0.,1.));
#2903=VECTOR('',#2902,3.175);
#2904=CARTESIAN_POINT('',(30.79050917,3.81,0.));
#2905=LINE('',#2904,#2903);
#2906=EDGE_CURVE('',#2834,#2842,#2905,.T.);
#2907=CARTESIAN_POINT('',(0.,0.,0.));
#2908=DIRECTION('',(0.,0.,1.));
#2909=DIRECTION('',(1.,0.,0.));
#2910=AXIS2_PLACEMENT_3D('',#2907,#2908,#2909);
#2911=CYLINDRICAL_SURFACE('',#2910,3.81);
#2912=ORIENTED_EDGE('',*,*,#2848,.T.);
#2913=ORIENTED_EDGE('',*,*,#2874,.T.);
#2914=ORIENTED_EDGE('',*,*,#2854,.F.);
#2915=ORIENTED_EDGE('',*,*,#2859,.F.);
#2916=EDGE_LOOP('',(#2912,#2913,#2914,#2915));
#2917=FACE_OUTER_BOUND('',#2916,.T.);
#2918=ADVANCED_FACE('',(#2917),#2911,.T.);
#2919=CARTESIAN_POINT('',(0.,-3.81,0.));
#2920=DIRECTION('',(0.,-1.,0.));
#2921=DIRECTION('',(1.,0.,0.));
#2922=AXIS2_PLACEMENT_3D('',#2919,#2920,#2921);
#2923=PLANE('',#2922);
#2924=ORIENTED_EDGE('',*,*,#2864,.T.);
#2925=ORIENTED_EDGE('',*,*,#2891,.T.);
#2926=ORIENTED_EDGE('',*,*,#2869,.F.);
#2927=ORIENTED_EDGE('',*,*,#2874,.F.);
#2928=EDGE_LOOP('',(#2924,#2925,#2926,#2927));
#2929=FACE_OUTER_BOUND('',#2928,.T.);
#2930=ADVANCED_FACE('',(#2929),#2923,.T.);
#2931=CARTESIAN_POINT('',(30.79050917,0.,0.));
#2932=DIRECTION('',(0.,0.,1.));
#2933=DIRECTION('',(1.,0.,0.));
#2934=AXIS2_PLACEMENT_3D('',#2931,#2932,#2933);
#2935=CYLINDRICAL_SURFACE('',#2934,3.81);
#2936=ORIENTED_EDGE('',*,*,#2880,.T.);
#2937=ORIENTED_EDGE('',*,*,#2906,.T.);
#2938=ORIENTED_EDGE('',*,*,#2886,.F.);
#2939=ORIENTED_EDGE('',*,*,#2891,.F.);
#2940=EDGE_LOOP('',(#2936,#2937,#2938,#2939));
#2941=FACE_OUTER_BOUND('',#2940,.T.);
#2942=ADVANCED_FACE('',(#2941),#2935,.T.);
#2943=CARTESIAN_POINT('',(30.79050917,3.81,0.));
#2944=DIRECTION('',(0.,1.,0.));
#2945=DIRECTION('',(-1.,0.,0.));
#2946=AXIS2_PLACEMENT_3D('',#2943,#2944,#2945);
#2947=PLANE('',#2946);
#2948=ORIENTED_EDGE('',*,*,#2896,.T.);
#2949=ORIENTED_EDGE('',*,*,#2859,.T.);
#2950=ORIENTED_EDGE('',*,*,#2901,.F.);
#2951=ORIENTED_EDGE('',*,*,#2906,.F.);
#2952=EDGE_LOOP('',(#2948,#2949,#2950,#2951));
#2953=FACE_OUTER_BOUND('',#2952,.T.);
#2954=ADVANCED_FACE('',(#2953),#2947,.T.);
#2955=CARTESIAN_POINT('',(2.54,0.,0.));
#2956=VERTEX_POINT('',#2955);
#2957=CARTESIAN_POINT('',(-2.54,0.,0.));
#2958=VERTEX_POINT('',#2957);
#2959=CARTESIAN_POINT('',(2.54,0.,3.175));
#2960=VERTEX_POINT('',#2959);
#2961=CARTESIAN_POINT('',(-2.54,0.,3.175));
#2962=VERTEX_POINT('',#2961);
#2963=CARTESIAN_POINT('',(0.,0.,0.));
#2964=DIRECTION('',(0.,0.,1.));
#2965=DIRECTION('',(1.,0.,0.));
#2966=AXIS2_PLACEMENT_3D('',#2963,#2964,#2965);
#2967=CIRCLE('',#2966,2.54);
#2968=EDGE_CURVE('',#2956,#2958,#2967,.F.);
#2969=CARTESIAN_POINT('',(0.,0.,3.175));
#2970=DIRECTION('',(0.,0.,1.));
#2971=DIRECTION('',(1.,0.,0.));
#2972=AXIS2_PLACEMENT_3D('',#2969,#2970,#2971);
#2973=CIRCLE('',#2972,2.54);
#2974=EDGE_CURVE('',#2960,#2962,#2973,.F.);
#2975=DIRECTION('',(0.,0.,1.));
#2976=VECTOR('',#2975,3.175);
#2977=CARTESIAN_POINT('',(2.54,0.,0.));
#2978=LINE('',#2977,#2976);
#2979=EDGE_CURVE('',#2956,#2960,#2978,.T.);
#2980=CARTESIAN_POINT('',(0.,0.,0.));
#2981=DIRECTION('',(0.,0.,1.));
#2982=DIRECTION('',(1.,0.,0.));
#2983=AXIS2_PLACEMENT_3D('',#2980,#2981,#2982);
#2984=CIRCLE('',#2983,2.54);
#2985=EDGE_CURVE('',#2958,#2956,#2984,.F.);
#2986=CARTESIAN_POINT('',(0.,0.,3.175));
#2987=DIRECTION('',(0.,0.,1.));
#2988=DIRECTION('',(1.,0.,0.));
#2989=AXIS2_PLACEMENT_3D('',#2986,#2987,#2988);
#2990=CIRCLE('',#2989,2.54);
#2991=EDGE_CURVE('',#2962,#2960,#2990,.F.);
#2992=DIRECTION('',(0.,0.,1.));
#2993=VECTOR('',#2992,3.175);
#2994=CARTESIAN_POINT('',(-2.54,0.,0.));
#2995=LINE('',#2994,#2993);
#2996=EDGE_CURVE('',#2958,#2962,#2995,.T.);
#2997=CARTESIAN_POINT('',(0.,0.,0.));
#2998=DIRECTION('',(0.,0.,1.));
#2999=DIRECTION('',(1.,0.,0.));
#3000=AXIS2_PLACEMENT_3D('',#2997,#2998,#2999);
#3001=CYLINDRICAL_SURFACE('',#3000,2.54);
#3002=ORIENTED_EDGE('',*,*,#2968,.T.);
#3003=ORIENTED_EDGE('',*,*,#2996,.T.);
#3004=ORIENTED_EDGE('',*,*,#2974,.F.);
#3005=ORIENTED_EDGE('',*,*,#2979,.F.);
#3006=EDGE_LOOP('',(#3002,#3003,#3004,#3005));
#3007=FACE_OUTER_BOUND('',#3006,.T.);
#3008=ADVANCED_FACE('',(#3007),#3001,.F.);
#3009=CARTESIAN_POINT('',(0.,0.,0.));
#3010=DIRECTION('',(0.,0.,1.));
#3011=DIRECTION('',(1.,0.,0.));
#3012=AXIS2_PLACEMENT_3D('',#3009,#3010,#3011);
#3013=CYLINDRICAL_SURFACE('',#3012,2.54);
#3014=ORIENTED_EDGE('',*,*,#2985,.T.);
#3015=ORIENTED_EDGE('',*,*,#2979,.T.);
#3016=ORIENTED_EDGE('',*,*,#2991,.F.);
#3017=ORIENTED_EDGE('',*,*,#2996,.F.);
#3018=EDGE_LOOP('',(#3014,#3015,#3016,#3017));
#3019=FACE_OUTER_BOUND('',#3018,.T.);
#3020=ADVANCED_FACE('',(#3019),#3013,.F.);
#3021=CARTESIAN_POINT('',(33.33050917,0.,0.));
#3022=VERTEX_POINT('',#3021);
#3023=CARTESIAN_POINT('',(28.25050917,0.,0.));
#3024=VERTEX_POINT('',#3023);
#3025=CARTESIAN_POINT('',(33.33050917,0.,3.175));
#3026=VERTEX_POINT('',#3025);
#3027=CARTESIAN_POINT('',(28.25050917,0.,3.175));
#3028=VERTEX_POINT('',#3027);
#3029=CARTESIAN_POINT('',(30.79050917,0.,0.));
#3030=DIRECTION('',(0.,0.,1.));
#3031=DIRECTION('',(1.,0.,0.));
#3032=AXIS2_PLACEMENT_3D('',#3029,#3030,#3031);
#3033=CIRCLE('',#3032,2.54);
#3034=EDGE_CURVE('',#3022,#3024,#3033,.F.);
#3035=CARTESIAN_POINT('',(30.79050917,0.,3.175));
#3036=DIRECTION('',(0.,0.,1.));
#3037=DIRECTION('',(1.,0.,0.));
#3038=AXIS2_PLACEMENT_3D('',#3035,#3036,#3037);
#3039=CIRCLE('',#3038,2.54);
#3040=EDGE_CURVE('',#3026,#3028,#3039,.F.);
#3041=DIRECTION('',(0.,0.,1.));
#3042=VECTOR('',#3041,3.175);
#3043=CARTESIAN_POINT('',(33.33050917,0.,0.));
#3044=LINE('',#3043,#3042);
#3045=EDGE_CURVE('',#3022,#3026,#3044,.T.);
#3046=CARTESIAN_POINT('',(30.79050917,0.,0.));
#3047=DIRECTION('',(0.,0.,1.));
#3048=DIRECTION('',(1.,0.,0.));
#3049=AXIS2_PLACEMENT_3D('',#3046,#3047,#3048);
#3050=CIRCLE('',#3049,2.54);
#3051=EDGE_CURVE('',#3024,#3022,#3050,.F.);
#3052=CARTESIAN_POINT('',(30.79050917,0.,3.175));
#3053=DIRECTION('',(0.,0.,1.));
#3054=DIRECTION('',(1.,0.,0.));
#3055=AXIS2_PLACEMENT_3D('',#3052,#3053,#3054);
#3056=CIRCLE('',#3055,2.54);
#3057=EDGE_CURVE('',#3028,#3026,#3056,.F.);
#3058=DIRECTION('',(0.,0.,1.));
#3059=VECTOR('',#3058,3.175);
#3060=CARTESIAN_POINT('',(28.25050917,0.,0.));
#3061=LINE('',#3060,#3059);
#3062=EDGE_CURVE('',#3024,#3028,#3061,.T.);
#3063=CARTESIAN_POINT('',(30.79050917,0.,0.));
#3064=DIRECTION('',(0.,0.,1.));
#3065=DIRECTION('',(1.,0.,0.));
#3066=AXIS2_PLACEMENT_3D('',#3063,#3064,#3065);
#3067=CYLINDRICAL_SURFACE('',#3066,2.54);
#3068=ORIENTED_EDGE('',*,*,#3034,.T.);
#3069=ORIENTED_EDGE('',*,*,#3062,.T.);
#3070=ORIENTED_EDGE('',*,*,#3040,.F.);
#3071=ORIENTED_EDGE('',*,*,#3045,.F.);
#3072=EDGE_LOOP('',(#3068,#3069,#3070,#3071));
#3073=FACE_OUTER_BOUND('',#3072,.T.);
#3074=ADVANCED_FACE('',(#3073),#3067,.F.);
#3075=CARTESIAN_POINT('',(30.79050917,0.,0.));
#3076=DIRECTION('',(0.,0.,1.));
#3077=DIRECTION('',(1.,0.,0.));
#3078=AXIS2_PLACEMENT_3D('',#3075,#3076,#3077);
#3079=CYLINDRICAL_SURFACE('',#3078,2.54);
#3080=ORIENTED_EDGE('',*,*,#3051,.T.);
#3081=ORIENTED_EDGE('',*,*,#3045,.T.);
#3082=ORIENTED_EDGE('',*,*,#3057,.F.);
#3083=ORIENTED_EDGE('',*,*,#3062,.F.);
#3084=EDGE_LOOP('',(#3080,#3081,#3082,#3083));
#3085=FACE_OUTER_BOUND('',#3084,.T.);
#3086=ADVANCED_FACE('',(#3085),#3079,.F.);
#3087=CARTESIAN_POINT('',(0.,0.,3.175));
#3088=DIRECTION('',(0.,0.,1.));
#3089=DIRECTION('',(1.,0.,0.));
#3090=AXIS2_PLACEMENT_3D('',#3087,#3088,#3089);
#3091=PLANE('',#3090);
#3092=ORIENTED_EDGE('',*,*,#2854,.T.);
#3093=ORIENTED_EDGE('',*,*,#2869,.T.);
#3094=ORIENTED_EDGE('',*,*,#2886,.T.);
#3095=ORIENTED_EDGE('',*,*,#2901,.T.);
#3096=EDGE_LOOP('',(#3092,#3093,#3094,#3095));
#3097=FACE_OUTER_BOUND('',#3096,.T.);
#3098=ORIENTED_EDGE('',*,*,#2974,.T.);
#3099=ORIENTED_EDGE('',*,*,#2991,.T.);
#3100=EDGE_LOOP('',(#3098,#3099));
#3101=FACE_BOUND('',#3100,.T.);
#3102=ORIENTED_EDGE('',*,*,#3040,.T.);
#3103=ORIENTED_EDGE('',*,*,#3057,.T.);
#3104=EDGE_LOOP('',(#3102,#3103));
#3105=FACE_BOUND('',#3104,.T.);
#3106=ADVANCED_FACE('',(#3097,#3101,#3105),#3091,.T.);
#3107=CARTESIAN_POINT('',(0.,0.,0.));
#3108=DIRECTION('',(0.,0.,-1.));
#3109=DIRECTION('',(1.,0.,0.));
#3110=AXIS2_PLACEMENT_3D('',#3107,#3108,#3109);
#3111=PLANE('',#3110);
#3112=ORIENTED_EDGE('',*,*,#2896,.F.);
#3113=ORIENTED_EDGE('',*,*,#2880,.F.);
#3114=ORIENTED_EDGE('',*,*,#2864,.F.);
#3115=ORIENTED_EDGE('',*,*,#2848,.F.);
#3116=EDGE_LOOP('',(#3112,#3113,#3114,#3115));
#3117=FACE_OUTER_BOUND('',#3116,.T.);
#3118=ORIENTED_EDGE('',*,*,#2985,.F.);
#3119=ORIENTED_EDGE('',*,*,#2968,.F.);
#3120=EDGE_LOOP('',(#3118,#3119));
#3121=FACE_BOUND('',#3120,.T.);
#3122=ORIENTED_EDGE('',*,*,#3051,.F.);
#3123=ORIENTED_EDGE('',*,*,#3034,.F.);
#3124=EDGE_LOOP('',(#3122,#3123));
#3125=FACE_BOUND('',#3124,.T.);
#3126=ADVANCED_FACE('',(#3117,#3121,#3125),#3111,.T.);
#3127=CLOSED_SHELL('',(#2918,#2930,#2942,#2954,#3008,#3020,#3074,#3086,#3106,#3126));
#3128=MANIFOLD_SOLID_BREP('leaf_connector',#3127);
#3129=ADVANCED_BREP_SHAPE_REPRESENTATION('leaf_connector',(#2826,#3128),#9);
#3130=SHAPE_DEFINITION_REPRESENTATION(#2822,#3129);
#3131=PRODUCT('pin_leaf','pin_leaf','',(#3));
#3132=PRODUCT_RELATED_PRODUCT_CATEGORY('part',$,(#3131));
#3133=PRODUCT_DEFINITION_FORMATION('','',#3131);
#3134=PRODUCT_DEFINITION('design','',#3133,#4);
#3135=PRODUCT_DEFINITION_SHAPE('','',#3134);
#3136=CARTESIAN_POINT('',(0.,0.,0.));
#3137=DIRECTION('',(0.,0.,1.));
#3138=DIRECTION('',(1.,0.,0.));
#3139=AXIS2_PLACEMENT_3D('',#3136,#3137,#3138);
#3140=CARTESIAN_POINT('',(2.413,0.,0.));
#3141=VERTEX_POINT('',#3140);
#3142=CARTESIAN_POINT('',(-2.413,0.,0.));
#3143=VERTEX_POINT('',#3142);
#3144=CARTESIAN_POINT('',(2.413,0.,6.858));
#3145=VERTEX_POINT('',#3144);
#3146=CARTESIAN_POINT('',(-2.413,0.,6.858));
#3147=VERTEX_POINT('',#3146);
#3148=CARTESIAN_POINT('',(0.,0.,0.));
#3149=DIRECTION('',(0.,0.,1.));
#3150=DIRECTION('',(1.,0.,0.));
#3151=AXIS2_PLACEMENT_3D('',#3148,#3149,#3150);
#3152=CIRCLE('',#3151,2.413);
#3153=EDGE_CURVE('',#3141,#3143,#3152,.T.);
#3154=CARTESIAN_POINT('',(0.,0.,6.858));
#3155=DIRECTION('',(0.,0.,1.));
#3156=DIRECTION('',(1.,0.,0.));
#3157=AXIS2_PLACEMENT_3D('',#3154,#3155,#3156);
#3158=CIRCLE('',#3157,2.413);
#3159=EDGE_CURVE('',#3145,#3147,#3158,.T.);
#3160=DIRECTION('',(0.,0.,1.));
#3161=VECTOR('',#3160,6.858);
#3162=CARTESIAN_POINT('',(2.413,0.,0.));
#3163=LINE('',#3162,#3161);
#3164=EDGE_CURVE('',#3141,#3145,#3163,.T.);
#3165=CARTESIAN_POINT('',(0.,0.,0.));
#3166=DIRECTION('',(0.,0.,1.));
#3167=DIRECTION('',(1.,0.,0.));
#3168=AXIS2_PLACEMENT_3D('',#3165,#3166,#3167);
#3169=CIRCLE('',#3168,2.413);
#3170=EDGE_CURVE('',#3143,#3141,#3169,.T.);
#3171=CARTESIAN_POINT('',(0.,0.,6.858));
#3172=DIRECTION('',(0.,0.,1.));
#3173=DIRECTION('',(1.,0.,0.));
#3174=AXIS2_PLACEMENT_3D('',#3171,#3172,#3173);
#3175=CIRCLE('',#3174,2.413);
#3176=EDGE_CURVE('',#3147,#3145,#3175,.T.);
#3177=DIRECTION('',(0.,0.,1.));
#3178=VECTOR('',#3177,6.858);
#3179=CARTESIAN_POINT('',(-2.413,0.,0.));
#3180=LINE('',#3179,#3178);
#3181=EDGE_CURVE('',#3143,#3147,#3180,.T.);
#3182=CARTESIAN_POINT('',(0.,0.,0.));
#3183=DIRECTION('',(0.,0.,1.));
#3184=DIRECTION('',(1.,0.,0.));
#3185=AXIS2_PLACEMENT_3D('',#3182,#3183,#3184);
#3186=CYLINDRICAL_SURFACE('',#3185,2.413);
#3187=ORIENTED_EDGE('',*,*,#3153,.T.);
#3188=ORIENTED_EDGE('',*,*,#3181,.T.);
#3189=ORIENTED_EDGE('',*,*,#3159,.F.);
#3190=ORIENTED_EDGE('',*,*,#3164,.F.);
#3191=EDGE_LOOP('',(#3187,#3188,#3189,#3190));
#3192=FACE_OUTER_BOUND('',#3191,.T.);
#3193=ADVANCED_FACE('',(#3192),#3186,.T.);
#3194=CARTESIAN_POINT('',(0.,0.,0.));
#3195=DIRECTION('',(0.,0.,1.));
#3196=DIRECTION('',(1.,0.,0.));
#3197=AXIS2_PLACEMENT_3D('',#3194,#3195,#3196);
#3198=CYLINDRICAL_SURFACE('',#3197,2.413);
#3199=ORIENTED_EDGE('',*,*,#3170,.T.);
#3200=ORIENTED_EDGE('',*,*,#3164,.T.);
#3201=ORIENTED_EDGE('',*,*,#3176,.F.);
#3202=ORIENTED_EDGE('',*,*,#3181,.F.);
#3203=EDGE_LOOP('',(#3199,#3200,#3201,#3202));
#3204=FACE_OUTER_BOUND('',#3203,.T.);
#3205=ADVANCED_FACE('',(#3204),#3198,.T.);
#3206=CARTESIAN_POINT('',(0.,0.,6.858));
#3207=DIRECTION('',(0.,0.,1.));
#3208=DIRECTION('',(1.,0.,0.));
#3209=AXIS2_PLACEMENT_3D('',#3206,#3207,#3208);
#3210=PLANE('',#3209);
#3211=ORIENTED_EDGE('',*,*,#3159,.T.);
#3212=ORIENTED_EDGE('',*,*,#3176,.T.);
#3213=EDGE_LOOP('',(#3211,#3212));
#3214=FACE_OUTER_BOUND('',#3213,.T.);
#3215=ADVANCED_FACE('',(#3214),#3210,.T.);
#3216=CARTESIAN_POINT('',(0.,0.,0.));
#3217=DIRECTION('',(0.,0.,-1.));
#3218=DIRECTION('',(1.,0.,0.));
#3219=AXIS2_PLACEMENT_3D('',#3216,#3217,#3218);
#3220=PLANE('',#3219);
#3221=ORIENTED_EDGE('',*,*,#3170,.F.);
#3222=ORIENTED_EDGE('',*,*,#3153,.F.);
#3223=EDGE_LOOP('',(#3221,#3222));
#3224=FACE_OUTER_BOUND('',#3223,.T.);
#3225=ADVANCED_FACE('',(#3224),#3220,.T.);
#3226=CLOSED_SHELL('',(#3193,#3205,#3215,#3225));
#3227=MANIFOLD_SOLID_BREP('pin_leaf',#3226);
#3228=ADVANCED_BREP_SHAPE_REPRESENTATION('pin_leaf',(#3139,#3227),#9);
#3229=SHAPE_DEFINITION_REPRESENTATION(#3135,#3228);
#3230=PRODUCT('pin_crank','pin_crank','',(#3));
#3231=PRODUCT_RELATED_PRODUCT_CATEGORY('part',$,(#3230));
#3232=PRODUCT_DEFINITION_FORMATION('','',#3230);
#3233=PRODUCT_DEFINITION('design','',#3232,#4);
#3234=PRODUCT_DEFINITION_SHAPE('','',#3233);
#3235=CARTESIAN_POINT('',(0.,0.,0.));
#3236=DIRECTION('',(0.,0.,1.));
#3237=DIRECTION('',(1.,0.,0.));
#3238=AXIS2_PLACEMENT_3D('',#3235,#3236,#3237);
#3239=CARTESIAN_POINT('',(2.413,0.,0.));
#3240=VERTEX_POINT('',#3239);
#3241=CARTESIAN_POINT('',(-2.413,0.,0.));
#3242=VERTEX_POINT('',#3241);
#3243=CARTESIAN_POINT('',(2.413,0.,6.858));
#3244=VERTEX_POINT('',#3243);
#3245=CARTESIAN_POINT('',(-2.413,0.,6.858));
#3246=VERTEX_POINT('',#3245);
#3247=CARTESIAN_POINT('',(0.,0.,0.));
#3248=DIRECTION('',(0.,0.,1.));
#3249=DIRECTION('',(1.,0.,0.));
#3250=AXIS2_PLACEMENT_3D('',#3247,#3248,#3249);
#3251=CIRCLE('',#3250,2.413);
#3252=EDGE_CURVE('',#3240,#3242,#3251,.T.);
#3253=CARTESIAN_POINT('',(0.,0.,6.858));
#3254=DIRECTION('',(0.,0.,1.));
#3255=DIRECTION('',(1.,0.,0.));
#3256=AXIS2_PLACEMENT_3D('',#3253,#3254,#3255);
#3257=CIRCLE('',#3256,2.413);
#3258=EDGE_CURVE('',#3244,#3246,#3257,.T.);
#3259=DIRECTION('',(0.,0.,1.));
#3260=VECTOR('',#3259,6.858);
#3261=CARTESIAN_POINT('',(2.413,0.,0.));
#3262=LINE('',#3261,#3260);
#3263=EDGE_CURVE('',#3240,#3244,#3262,.T.);
#3264=CARTESIAN_POINT('',(0.,0.,0.));
#3265=DIRECTION('',(0.,0.,1.));
#3266=DIRECTION('',(1.,0.,0.));
#3267=AXIS2_PLACEMENT_3D('',#3264,#3265,#3266);
#3268=CIRCLE('',#3267,2.413);
#3269=EDGE_CURVE('',#3242,#3240,#3268,.T.);
#3270=CARTESIAN_POINT('',(0.,0.,6.858));
#3271=DIRECTION('',(0.,0.,1.));
#3272=DIRECTION('',(1.,0.,0.));
#3273=AXIS2_PLACEMENT_3D('',#3270,#3271,#3272);
#3274=CIRCLE('',#3273,2.413);
#3275=EDGE_CURVE('',#3246,#3244,#3274,.T.);
#3276=DIRECTION('',(0.,0.,1.));
#3277=VECTOR('',#3276,6.858);
#3278=CARTESIAN_POINT('',(-2.413,0.,0.));
#3279=LINE('',#3278,#3277);
#3280=EDGE_CURVE('',#3242,#3246,#3279,.T.);
#3281=CARTESIAN_POINT('',(0.,0.,0.));
#3282=DIRECTION('',(0.,0.,1.));
#3283=DIRECTION('',(1.,0.,0.));
#3284=AXIS2_PLACEMENT_3D('',#3281,#3282,#3283);
#3285=CYLINDRICAL_SURFACE('',#3284,2.413);
#3286=ORIENTED_EDGE('',*,*,#3252,.T.);
#3287=ORIENTED_EDGE('',*,*,#3280,.T.);
#3288=ORIENTED_EDGE('',*,*,#3258,.F.);
#3289=ORIENTED_EDGE('',*,*,#3263,.F.);
#3290=EDGE_LOOP('',(#3286,#3287,#3288,#3289));
#3291=FACE_OUTER_BOUND('',#3290,.T.);
#3292=ADVANCED_FACE('',(#3291),#3285,.T.);
#3293=CARTESIAN_POINT('',(0.,0.,0.));
#3294=DIRECTION('',(0.,0.,1.));
#3295=DIRECTION('',(1.,0.,0.));
#3296=AXIS2_PLACEMENT_3D('',#3293,#3294,#3295);
#3297=CYLINDRICAL_SURFACE('',#3296,2.413);
#3298=ORIENTED_EDGE('',*,*,#3269,.T.);
#3299=ORIENTED_EDGE('',*,*,#3263,.T.);
#3300=ORIENTED_EDGE('',*,*,#3275,.F.);
#3301=ORIENTED_EDGE('',*,*,#3280,.F.);
#3302=EDGE_LOOP('',(#3298,#3299,#3300,#3301));
#3303=FACE_OUTER_BOUND('',#3302,.T.);
#3304=ADVANCED_FACE('',(#3303),#3297,.T.);
#3305=CARTESIAN_POINT('',(0.,0.,6.858));
#3306=DIRECTION('',(0.,0.,1.));
#3307=DIRECTION('',(1.,0.,0.));
#3308=AXIS2_PLACEMENT_3D('',#3305,#3306,#3307);
#3309=PLANE('',#3308);
#3310=ORIENTED_EDGE('',*,*,#3258,.T.);
#3311=ORIENTED_EDGE('',*,*,#3275,.T.);
#3312=EDGE_LOOP('',(#3310,#3311));
#3313=FACE_OUTER_BOUND('',#3312,.T.);
#3314=ADVANCED_FACE('',(#3313),#3309,.T.);
#3315=CARTESIAN_POINT('',(0.,0.,0.));
#3316=DIRECTION('',(0.,0.,-1.));
#3317=DIRECTION('',(1.,0.,0.));
#3318=AXIS2_PLACEMENT_3D('',#3315,#3316,#3317);
#3319=PLANE('',#3318);
#3320=ORIENTED_EDGE('',*,*,#3269,.F.);
#3321=ORIENTED_EDGE('',*,*,#3252,.F.);
#3322=EDGE_LOOP('',(#3320,#3321));
#3323=FACE_OUTER_BOUND('',#3322,.T.);
#3324=ADVANCED_FACE('',(#3323),#3319,.T.);
#3325=CLOSED_SHELL('',(#3292,#3304,#3314,#3324));
#3326=MANIFOLD_SOLID_BREP('pin_crank',#3325);
#3327=ADVANCED_BREP_SHAPE_REPRESENTATION('pin_crank',(#3238,#3326),#9);
#3328=SHAPE_DEFINITION_REPRESENTATION(#3234,#3327);
#3329=PRODUCT('washer','washer','',(#3));
#3330=PRODUCT_RELATED_PRODUCT_CATEGORY('part',$,(#3329));
#3331=PRODUCT_DEFINITION_FORMATION('','',#3329);
#3332=PRODUCT_DEFINITION('design','',#3331,#4);
#3333=PRODUCT_DEFINITION_SHAPE('','',#3332);
#3334=CARTESIAN_POINT('',(0.,0.,0.));
#3335=DIRECTION('',(0.,0.,1.));
#3336=DIRECTION('',(1.,0.,0.));
#3337=AXIS2_PLACEMENT_3D('',#3334,#3335,#3336);
#3338=CARTESIAN_POINT('',(4.318,0.,0.));
#3339=VERTEX_POINT('',#3338);
#3340=CARTESIAN_POINT('',(-4.318,0.,0.));
#3341=VERTEX_POINT('',#3340);
#3342=CARTESIAN_POINT('',(4.318,0.,0.508));
#3343=VERTEX_POINT('',#3342);
#3344=CARTESIAN_POINT('',(-4.318,0.,0.508));
#3345=VERTEX_POINT('',#3344);
#3346=CARTESIAN_POINT('',(0.,0.,0.));
#3347=DIRECTION('',(0.,0.,1.));
#3348=DIRECTION('',(1.,0.,0.));
#3349=AXIS2_PLACEMENT_3D('',#3346,#3347,#3348);
#3350=CIRCLE('',#3349,4.318);
#3351=EDGE_CURVE('',#3339,#3341,#3350,.T.);
#3352=CARTESIAN_POINT('',(0.,0.,0.508));
#3353=DIRECTION('',(0.,0.,1.));
#3354=DIRECTION('',(1.,0.,0.));
#3355=AXIS2_PLACEMENT_3D('',#3352,#3353,#3354);
#3356=CIRCLE('',#3355,4.318);
#3357=EDGE_CURVE('',#3343,#3345,#3356,.T.);
#3358=DIRECTION('',(0.,0.,1.));
#3359=VECTOR('',#3358,0.508);
#3360=CARTESIAN_POINT('',(4.318,0.,0.));
#3361=LINE('',#3360,#3359);
#3362=EDGE_CURVE('',#3339,#3343,#3361,.T.);
#3363=CARTESIAN_POINT('',(0.,0.,0.));
#3364=DIRECTION('',(0.,0.,1.));
#3365=DIRECTION('',(1.,0.,0.));
#3366=AXIS2_PLACEMENT_3D('',#3363,#3364,#3365);
#3367=CIRCLE('',#3366,4.318);
#3368=EDGE_CURVE('',#3341,#3339,#3367,.T.);
#3369=CARTESIAN_POINT('',(0.,0.,0.508));
#3370=DIRECTION('',(0.,0.,1.));
#3371=DIRECTION('',(1.,0.,0.));
#3372=AXIS2_PLACEMENT_3D('',#3369,#3370,#3371);
#3373=CIRCLE('',#3372,4.318);
#3374=EDGE_CURVE('',#3345,#3343,#3373,.T.);
#3375=DIRECTION('',(0.,0.,1.));
#3376=VECTOR('',#3375,0.508);
#3377=CARTESIAN_POINT('',(-4.318,0.,0.));
#3378=LINE('',#3377,#3376);
#3379=EDGE_CURVE('',#3341,#3345,#3378,.T.);
#3380=CARTESIAN_POINT('',(0.,0.,0.));
#3381=DIRECTION('',(0.,0.,1.));
#3382=DIRECTION('',(1.,0.,0.));
#3383=AXIS2_PLACEMENT_3D('',#3380,#3381,#3382);
#3384=CYLINDRICAL_SURFACE('',#3383,4.318);
#3385=ORIENTED_EDGE('',*,*,#3351,.T.);
#3386=ORIENTED_EDGE('',*,*,#3379,.T.);
#3387=ORIENTED_EDGE('',*,*,#3357,.F.);
#3388=ORIENTED_EDGE('',*,*,#3362,.F.);
#3389=EDGE_LOOP('',(#3385,#3386,#3387,#3388));
#3390=FACE_OUTER_BOUND('',#3389,.T.);
#3391=ADVANCED_FACE('',(#3390),#3384,.T.);
#3392=CARTESIAN_POINT('',(0.,0.,0.));
#3393=DIRECTION('',(0.,0.,1.));
#3394=DIRECTION('',(1.,0.,0.));
#3395=AXIS2_PLACEMENT_3D('',#3392,#3393,#3394);
#3396=CYLINDRICAL_SURFACE('',#3395,4.318);
#3397=ORIENTED_EDGE('',*,*,#3368,.T.);
#3398=ORIENTED_EDGE('',*,*,#3362,.T.);
#3399=ORIENTED_EDGE('',*,*,#3374,.F.);
#3400=ORIENTED_EDGE('',*,*,#3379,.F.);
#3401=EDGE_LOOP('',(#3397,#3398,#3399,#3400));
#3402=FACE_OUTER_BOUND('',#3401,.T.);
#3403=ADVANCED_FACE('',(#3402),#3396,.T.);
#3404=CARTESIAN_POINT('',(2.54,0.,0.));
#3405=VERTEX_POINT('',#3404);
#3406=CARTESIAN_POINT('',(-2.54,0.,0.));
#3407=VERTEX_POINT('',#3406);
#3408=CARTESIAN_POINT('',(2.54,0.,0.508));
#3409=VERTEX_POINT('',#3408);
#3410=CARTESIAN_POINT('',(-2.54,0.,0.508));
#3411=VERTEX_POINT('',#3410);
#3412=CARTESIAN_POINT('',(0.,0.,0.));
#3413=DIRECTION('',(0.,0.,1.));
#3414=DIRECTION('',(1.,0.,0.));
#3415=AXIS2_PLACEMENT_3D('',#3412,#3413,#3414);
#3416=CIRCLE('',#3415,2.54);
#3417=EDGE_CURVE('',#3405,#3407,#3416,.F.);
#3418=CARTESIAN_POINT('',(0.,0.,0.508));
#3419=DIRECTION('',(0.,0.,1.));
#3420=DIRECTION('',(1.,0.,0.));
#3421=AXIS2_PLACEMENT_3D('',#3418,#3419,#3420);
#3422=CIRCLE('',#3421,2.54);
#3423=EDGE_CURVE('',#3409,#3411,#3422,.F.);
#3424=DIRECTION('',(0.,0.,1.));
#3425=VECTOR('',#3424,0.508);
#3426=CARTESIAN_POINT('',(2.54,0.,0.));
#3427=LINE('',#3426,#3425);
#3428=EDGE_CURVE('',#3405,#3409,#3427,.T.);
#3429=CARTESIAN_POINT('',(0.,0.,0.));
#3430=DIRECTION('',(0.,0.,1.));
#3431=DIRECTION('',(1.,0.,0.));
#3432=AXIS2_PLACEMENT_3D('',#3429,#3430,#3431);
#3433=CIRCLE('',#3432,2.54);
#3434=EDGE_CURVE('',#3407,#3405,#3433,.F.);
#3435=CARTESIAN_POINT('',(0.,0.,0.508));
#3436=DIRECTION('',(0.,0.,1.));
#3437=DIRECTION('',(1.,0.,0.));
#3438=AXIS2_PLACEMENT_3D('',#3435,#3436,#3437);
#3439=CIRCLE('',#3438,2.54);
#3440=EDGE_CURVE('',#3411,#3409,#3439,.F.);
#3441=DIRECTION('',(0.,0.,1.));
#3442=VECTOR('',#3441,0.508);
#3443=CARTESIAN_POINT('',(-2.54,0.,0.));
#3444=LINE('',#3443,#3442);
#3445=EDGE_CURVE('',#3407,#3411,#3444,.T.);
#3446=CARTESIAN_POINT('',(0.,0.,0.));
#3447=DIRECTION('',(0.,0.,1.));
#3448=DIRECTION('',(1.,0.,0.));
#3449=AXIS2_PLACEMENT_3D('',#3446,#3447,#3448);
#3450=CYLINDRICAL_SURFACE('',#3449,2.54);
#3451=ORIENTED_EDGE('',*,*,#3417,.T.);
#3452=ORIENTED_EDGE('',*,*,#3445,.T.);
#3453=ORIENTED_EDGE('',*,*,#3423,.F.);
#3454=ORIENTED_EDGE('',*,*,#3428,.F.);
#3455=EDGE_LOOP('',(#3451,#3452,#3453,#3454));
#3456=FACE_OUTER_BOUND('',#3455,.T.);
#3457=ADVANCED_FACE('',(#3456),#3450,.F.);
#3458=CARTESIAN_POINT('',(0.,0.,0.));
#3459=DIRECTION('',(0.,0.,1.));
#3460=DIRECTION('',(1.,0.,0.));
#3461=AXIS2_PLACEMENT_3D('',#3458,#3459,#3460);
#3462=CYLINDRICAL_SURFACE('',#3461,2.54);
#3463=ORIENTED_EDGE('',*,*,#3434,.T.);
#3464=ORIENTED_EDGE('',*,*,#3428,.T.);
#3465=ORIENTED_EDGE('',*,*,#3440,.F.);
#3466=ORIENTED_EDGE('',*,*,#3445,.F.);
#3467=EDGE_LOOP('',(#3463,#3464,#3465,#3466));
#3468=FACE_OUTER_BOUND('',#3467,.T.);
#3469=ADVANCED_FACE('',(#3468),#3462,.F.);
#3470=CARTESIAN_POINT('',(0.,0.,0.508));
#3471=DIRECTION('',(0.,0.,1.));
#3472=DIRECTION('',(1.,0.,0.));
#3473=AXIS2_PLACEMENT_3D('',#3470,#3471,#3472);
#3474=PLANE('',#3473);
#3475=ORIENTED_EDGE('',*,*,#3357,.T.);
#3476=ORIENTED_EDGE('',*,*,#3374,.T.);
#3477=EDGE_LOOP('',(#3475,#3476));
#3478=FACE_OUTER_BOUND('',#3477,.T.);
#3479=ORIENTED_EDGE('',*,*,#3423,.T.);
#3480=ORIENTED_EDGE('',*,*,#3440,.T.);
#3481=EDGE_LOOP('',(#3479,#3480));
#3482=FACE_BOUND('',#3481,.T.);
#3483=ADVANCED_FACE('',(#3478,#3482),#3474,.T.);
#3484=CARTESIAN_POINT('',(0.,0.,0.));
#3485=DIRECTION('',(0.,0.,-1.));
#3486=DIRECTION('',(1.,0.,0.));
#3487=AXIS2_PLACEMENT_3D('',#3484,#3485,#3486);
#3488=PLANE('',#3487);
#3489=ORIENTED_EDGE('',*,*,#3368,.F.);
#3490=ORIENTED_EDGE('',*,*,#3351,.F.);
#3491=EDGE_LOOP('',(#3489,#3490));
#3492=FACE_OUTER_BOUND('',#3491,.T.);
#3493=ORIENTED_EDGE('',*,*,#3434,.F.);
#3494=ORIENTED_EDGE('',*,*,#3417,.F.);
#3495=EDGE_LOOP('',(#3493,#3494));
#3496=FACE_BOUND('',#3495,.T.);
#3497=ADVANCED_FACE('',(#3492,#3496),#3488,.T.);
#3498=CLOSED_SHELL('',(#3391,#3403,#3457,#3469,#3483,#3497));
#3499=MANIFOLD_SOLID_BREP('washer',#3498);
#3500=ADVANCED_BREP_SHAPE_REPRESENTATION('washer',(#3337,#3499),#9);
#3501=SHAPE_DEFINITION_REPRESENTATION(#3333,#3500);
#3502=PRODUCT('frame_middle','frame_middle','',(#3));
#3503=PRODUCT_RELATED_PRODUCT_CATEGORY('part',$,(#3502));
#3504=PRODUCT_DEFINITION_FORMATION('','',#3502);
#3505=PRODUCT_DEFINITION('design','',#3504,#4);
#3506=PRODUCT_DEFINITION_SHAPE('','',#3505);
#3507=CARTESIAN_POINT('',(0.,0.,0.));
#3508=DIRECTION('',(0.,0.,1.));
#3509=DIRECTION('',(1.,0.,0.));
#3510=AXIS2_PLACEMENT_3D('',#3507,#3508,#3509);
#3511=CARTESIAN_POINT('',(73.66,0.,0.));
#3512=VERTEX_POINT('',#3511);
#3513=CARTESIAN_POINT('',(-73.66,0.,0.));
#3514=VERTEX_POINT('',#3513);
#3515=CARTESIAN_POINT('',(73.66,0.,3.175));
#3516=VERTEX_POINT('',#3515);
#3517=CARTESIAN_POINT('',(-73.66,0.,3.175));
#3518=VERTEX_POINT('',#3517);
#3519=CARTESIAN_POINT('',(0.,0.,0.));
#3520=DIRECTION('',(0.,0.,1.));
#3521=DIRECTION('',(1.,0.,0.));
#3522=AXIS2_PLACEMENT_3D('',#3519,#3520,#3521);
#3523=CIRCLE('',#3522,73.66);
#3524=EDGE_CURVE('',#3512,#3514,#3523,.T.);
#3525=CARTESIAN_POINT('',(0.,0.,3.175));
#3526=DIRECTION('',(0.,0.,1.));
#3527=DIRECTION('',(1.,0.,0.));
#3528=AXIS2_PLACEMENT_3D('',#3525,#3526,#3527);
#3529=CIRCLE('',#3528,73.66);
#3530=EDGE_CURVE('',#3516,#3518,#3529,.T.);
#3531=DIRECTION('',(0.,0.,1.));
#3532=VECTOR('',#3531,3.175);
#3533=CARTESIAN_POINT('',(73.66,0.,0.));
#3534=LINE('',#3533,#3532);
#3535=EDGE_CURVE('',#3512,#3516,#3534,.T.);
#3536=CARTESIAN_POINT('',(0.,0.,0.));
#3537=DIRECTION('',(0.,0.,1.));
#3538=DIRECTION('',(1.,0.,0.));
#3539=AXIS2_PLACEMENT_3D('',#3536,#3537,#3538);
#3540=CIRCLE('',#3539,73.66);
#3541=EDGE_CURVE('',#3514,#3512,#3540,.T.);
#3542=CARTESIAN_POINT('',(0.,0.,3.175));
#3543=DIRECTION('',(0.,0.,1.));
#3544=DIRECTION('',(1.,0.,0.));
#3545=AXIS2_PLACEMENT_3D('',#3542,#3543,#3544);
#3546=CIRCLE('',#3545,73.66);
#3547=EDGE_CURVE('',#3518,#3516,#3546,.T.);
#3548=DIRECTION('',(0.,0.,1.));
#3549=VECTOR('',#3548,3.175);
#3550=CARTESIAN_POINT('',(-73.66,0.,0.));
#3551=LINE('',#3550,#3549);
#3552=EDGE_CURVE('',#3514,#3518,#3551,.T.);
#3553=CARTESIAN_POINT('',(0.,0.,0.));
#3554=DIRECTION('',(0.,0.,1.));
#3555=DIRECTION('',(1.,0.,0.));
#3556=AXIS2_PLACEMENT_3D('',#3553,#3554,#3555);
#3557=CYLINDRICAL_SURFACE('',#3556,73.66);
#3558=ORIENTED_EDGE('',*,*,#3524,.T.);
#3559=ORIENTED_EDGE('',*,*,#3552,.T.);
#3560=ORIENTED_EDGE('',*,*,#3530,.F.);
#3561=ORIENTED_EDGE('',*,*,#3535,.F.);
#3562=EDGE_LOOP('',(#3558,#3559,#3560,#3561));
#3563=FACE_OUTER_BOUND('',#3562,.T.);
#3564=ADVANCED_FACE('',(#3563),#3557,.T.);
#3565=CARTESIAN_POINT('',(0.,0.,0.));
#3566=DIRECTION('',(0.,0.,1.));
#3567=DIRECTION('',(1.,0.,0.));
#3568=AXIS2_PLACEMENT_3D('',#3565,#3566,#3567);
#3569=CYLINDRICAL_SURFACE('',#3568,73.66);
#3570=ORIENTED_EDGE('',*,*,#3541,.T.);
#3571=ORIENTED_EDGE('',*,*,#3535,.T.);
#3572=ORIENTED_EDGE('',*,*,#3547,.F.);
#3573=ORIENTED_EDGE('',*,*,#3552,.F.);
#3574=EDGE_LOOP('',(#3570,#3571,#3572,#3573));
#3575=FACE_OUTER_BOUND('',#3574,.T.);
#3576=ADVANCED_FACE('',(#3575),#3569,.T.);
#3577=CARTESIAN_POINT('',(63.5,0.,0.));
#3578=VERTEX_POINT('',#3577);
#3579=CARTESIAN_POINT('',(-63.5,0.,0.));
#3580=VERTEX_POINT('',#3579);
#3581=CARTESIAN_POINT('',(63.5,0.,3.175));
#3582=VERTEX_POINT('',#3581);
#3583=CARTESIAN_POINT('',(-63.5,0.,3.175));
#3584=VERTEX_POINT('',#3583);
#3585=CARTESIAN_POINT('',(0.,0.,0.));
#3586=DIRECTION('',(0.,0.,1.));
#3587=DIRECTION('',(1.,0.,0.));
#3588=AXIS2_PLACEMENT_3D('',#3585,#3586,#3587);
#3589=CIRCLE('',#3588,63.5);
#3590=EDGE_CURVE('',#3578,#3580,#3589,.F.);
#3591=CARTESIAN_POINT('',(0.,0.,3.175));
#3592=DIRECTION('',(0.,0.,1.));
#3593=DIRECTION('',(1.,0.,0.));
#3594=AXIS2_PLACEMENT_3D('',#3591,#3592,#3593);
#3595=CIRCLE('',#3594,63.5);
#3596=EDGE_CURVE('',#3582,#3584,#3595,.F.);
#3597=DIRECTION('',(0.,0.,1.));
#3598=VECTOR('',#3597,3.175);
#3599=CARTESIAN_POINT('',(63.5,0.,0.));
#3600=LINE('',#3599,#3598);
#3601=EDGE_CURVE('',#3578,#3582,#3600,.T.);
#3602=CARTESIAN_POINT('',(0.,0.,0.));
#3603=DIRECTION('',(0.,0.,1.));
#3604=DIRECTION('',(1.,0.,0.));
#3605=AXIS2_PLACEMENT_3D('',#3602,#3603,#3604);
#3606=CIRCLE('',#3605,63.5);
#3607=EDGE_CURVE('',#3580,#3578,#3606,.F.);
#3608=CARTESIAN_POINT('',(0.,0.,3.175));
#3609=DIRECTION('',(0.,0.,1.));
#3610=DIRECTION('',(1.,0.,0.));
#3611=AXIS2_PLACEMENT_3D('',#3608,#3609,#3610);
#3612=CIRCLE('',#3611,63.5);
#3613=EDGE_CURVE('',#3584,#3582,#3612,.F.);
#3614=DIRECTION('',(0.,0.,1.));
#3615=VECTOR('',#3614,3.175);
#3616=CARTESIAN_POINT('',(-63.5,0.,0.));
#3617=LINE('',#3616,#3615);
#3618=EDGE_CURVE('',#3580,#3584,#3617,.T.);
#3619=CARTESIAN_POINT('',(0.,0.,0.));
#3620=DIRECTION('',(0.,0.,1.));
#3621=DIRECTION('',(1.,0.,0.));
#3622=AXIS2_PLACEMENT_3D('',#3619,#3620,#3621);
#3623=CYLINDRICAL_SURFACE('',#3622,63.5);
#3624=ORIENTED_EDGE('',*,*,#3590,.T.);
#3625=ORIENTED_EDGE('',*,*,#3618,.T.);
#3626=ORIENTED_EDGE('',*,*,#3596,.F.);
#3627=ORIENTED_EDGE('',*,*,#3601,.F.);
#3628=EDGE_LOOP('',(#3624,#3625,#3626,#3627));
#3629=FACE_OUTER_BOUND('',#3628,.T.);
#3630=ADVANCED_FACE('',(#3629),#3623,.F.);
#3631=CARTESIAN_POINT('',(0.,0.,0.));
#3632=DIRECTION('',(0.,0.,1.));
#3633=DIRECTION('',(1.,0.,0.));
#3634=AXIS2_PLACEMENT_3D('',#3631,#3632,#3633);
#3635=CYLINDRICAL_SURFACE('',#3634,63.5);
#3636=ORIENTED_EDGE('',*,*,#3607,.T.);
#3637=ORIENTED_EDGE('',*,*,#3601,.T.);
#3638=ORIENTED_EDGE('',*,*,#3613,.F.);
#3639=ORIENTED_EDGE('',*,*,#3618,.F.);
#3640=EDGE_LOOP('',(#3636,#3637,#3638,#3639));
#3641=FACE_OUTER_BOUND('',#3640,.T.);
#3642=ADVANCED_FACE('',(#3641),#3635,.F.);
#3643=CARTESIAN_POINT('',(0.,0.,3.175));
#3644=DIRECTION('',(0.,0.,1.));
#3645=DIRECTION('',(1.,0.,0.));
#3646=AXIS2_PLACEMENT_3D('',#3643,#3644,#3645);
#3647=PLANE('',#3646);
#3648=ORIENTED_EDGE('',*,*,#3530,.T.);
#3649=ORIENTED_EDGE('',*,*,#3547,.T.);
#3650=EDGE_LOOP('',(#3648,#3649));
#3651=FACE_OUTER_BOUND('',#3650,.T.);
#3652=ORIENTED_EDGE('',*,*,#3596,.T.);
#3653=ORIENTED_EDGE('',*,*,#3613,.T.);
#3654=EDGE_LOOP('',(#3652,#3653));
#3655=FACE_BOUND('',#3654,.T.);
#3656=ADVANCED_FACE('',(#3651,#3655),#3647,.T.);
#3657=CARTESIAN_POINT('',(0.,0.,0.));
#3658=DIRECTION('',(0.,0.,-1.));
#3659=DIRECTION('',(1.,0.,0.));
#3660=AXIS2_PLACEMENT_3D('',#3657,#3658,#3659);
#3661=PLANE('',#3660);
#3662=ORIENTED_EDGE('',*,*,#3541,.F.);
#3663=ORIENTED_EDGE('',*,*,#3524,.F.);
#3664=EDGE_LOOP('',(#3662,#3663));
#3665=FACE_OUTER_BOUND('',#3664,.T.);
#3666=ORIENTED_EDGE('',*,*,#3607,.F.);
#3667=ORIENTED_EDGE('',*,*,#3590,.F.);
#3668=EDGE_LOOP('',(#3666,#3667));
#3669=FACE_BOUND('',#3668,.T.);
#3670=ADVANCED_FACE('',(#3665,#3669),#3661,.T.);
#3671=CLOSED_SHELL('',(#3564,#3576,#3630,#3642,#3656,#3670));
#3672=MANIFOLD_SOLID_BREP('frame_middle',#3671);
#3673=ADVANCED_BREP_SHAPE_REPRESENTATION('frame_middle',(#3510,#3672),#9);
#3674=SHAPE_DEFINITION_REPRESENTATION(#3506,#3673);
#3675=PRODUCT('spacer','spacer','',(#3));
#3676=PRODUCT_RELATED_PRODUCT_CATEGORY('part',$,(#3675));
#3677=PRODUCT_DEFINITION_FORMATION('','',#3675);
#3678=PRODUCT_DEFINITION('design','',#3677,#4);
#3679=PRODUCT_DEFINITION_SHAPE('','',#3678);
#3680=CARTESIAN_POINT('',(0.,0.,0.));
#3681=DIRECTION('',(0.,0.,1.));
#3682=DIRECTION('',(1.,0.,0.));
#3683=AXIS2_PLACEMENT_3D('',#3680,#3681,#3682);
#3684=CARTESIAN_POINT('',(71.15009636,-19.06461086,0.));
#3685=VERTEX_POINT('',#3684);
#3686=CARTESIAN_POINT('',(71.15009636,19.06461086,0.));
#3687=VERTEX_POINT('',#3686);
#3688=CARTESIAN_POINT('',(61.33628997,16.43500936,0.));
#3689=VERTEX_POINT('',#3688);
#3690=CARTESIAN_POINT('',(61.33628997,-16.43500936,0.));
#3691=VERTEX_POINT('',#3690);
#3692=CARTESIAN_POINT('',(71.15009636,-19.06461086,6.35));
#3693=VERTEX_POINT('',#3692);
#3694=CARTESIAN_POINT('',(71.15009636,19.06461086,6.35));
#3695=VERTEX_POINT('',#3694);
#3696=CARTESIAN_POINT('',(61.33628997,16.43500936,6.35));
#3697=VERTEX_POINT('',#3696);
#3698=CARTESIAN_POINT('',(61.33628997,-16.43500936,6.35));
#3699=VERTEX_POINT('',#3698);
#3700=CARTESIAN_POINT('',(0.,0.,0.));
#3701=DIRECTION('',(0.,0.,1.));
#3702=DIRECTION('',(1.,0.,0.));
#3703=AXIS2_PLACEMENT_3D('',#3700,#3701,#3702);
#3704=CIRCLE('',#3703,73.66);
#3705=EDGE_CURVE('',#3685,#3687,#3704,.T.);
#3706=CARTESIAN_POINT('',(0.,0.,6.35));
#3707=DIRECTION('',(0.,0.,1.));
#3708=DIRECTION('',(1.,0.,0.));
#3709=AXIS2_PLACEMENT_3D('',#3706,#3707,#3708);
#3710=CIRCLE('',#3709,73.66);
#3711=EDGE_CURVE('',#3693,#3695,#3710,.T.);
#3712=DIRECTION('',(0.,0.,1.));
#3713=VECTOR('',#3712,6.35);
#3714=CARTESIAN_POINT('',(71.15009636,-19.06461086,0.));
#3715=LINE('',#3714,#3713);
#3716=EDGE_CURVE('',#3685,#3693,#3715,.T.);
#3717=DIRECTION('',(-0.9659258263,-0.2588190451,0.));
#3718=VECTOR('',#3717,10.16);
#3719=CARTESIAN_POINT('',(71.15009636,19.06461086,0.));
#3720=LINE('',#3719,#3718);
#3721=EDGE_CURVE('',#3687,#3689,#3720,.T.);
#3722=DIRECTION('',(-0.9659258263,-0.2588190451,0.));
#3723=VECTOR('',#3722,10.16);
#3724=CARTESIAN_POINT('',(71.15009636,19.06461086,6.35));
#3725=LINE('',#3724,#3723);
#3726=EDGE_CURVE('',#3695,#3697,#3725,.T.);
#3727=DIRECTION('',(0.,0.,1.));
#3728=VECTOR('',#3727,6.35);
#3729=CARTESIAN_POINT('',(71.15009636,19.06461086,0.));
#3730=LINE('',#3729,#3728);
#3731=EDGE_CURVE('',#3687,#3695,#3730,.T.);
#3732=CARTESIAN_POINT('',(0.,0.,0.));
#3733=DIRECTION('',(0.,0.,1.));
#3734=DIRECTION('',(1.,0.,0.));
#3735=AXIS2_PLACEMENT_3D('',#3732,#3733,#3734);
#3736=CIRCLE('',#3735,63.5);
#3737=EDGE_CURVE('',#3689,#3691,#3736,.F.);
#3738=CARTESIAN_POINT('',(0.,0.,6.35));
#3739=DIRECTION('',(0.,0.,1.));
#3740=DIRECTION('',(1.,0.,0.));
#3741=AXIS2_PLACEMENT_3D('',#3738,#3739,#3740);
#3742=CIRCLE('',#3741,63.5);
#3743=EDGE_CURVE('',#3697,#3699,#3742,.F.);
#3744=DIRECTION('',(0.,0.,1.));
#3745=VECTOR('',#3744,6.35);
#3746=CARTESIAN_POINT('',(61.33628997,16.43500936,0.));
#3747=LINE('',#3746,#3745);
#3748=EDGE_CURVE('',#3689,#3697,#3747,.T.);
#3749=DIRECTION('',(0.9659258263,-0.2588190451,0.));
#3750=VECTOR('',#3749,10.16);
#3751=CARTESIAN_POINT('',(61.33628997,-16.43500936,0.));
#3752=LINE('',#3751,#3750);
#3753=EDGE_CURVE('',#3691,#3685,#3752,.T.);
#3754=DIRECTION('',(0.9659258263,-0.2588190451,0.));
#3755=VECTOR('',#3754,10.16);
#3756=CARTESIAN_POINT('',(61.33628997,-16.43500936,6.35));
#3757=LINE('',#3756,#3755);
#3758=EDGE_CURVE('',#3699,#3693,#3757,.T.);
#3759=DIRECTION('',(0.,0.,1.));
#3760=VECTOR('',#3759,6.35);
#3761=CARTESIAN_POINT('',(61.33628997,-16.43500936,0.));
#3762=LINE('',#3761,#3760);
#3763=EDGE_CURVE('',#3691,#3699,#3762,.T.);
#3764=CARTESIAN_POINT('',(0.,0.,0.));
#3765=DIRECTION('',(0.,0.,1.));
#3766=DIRECTION('',(1.,0.,0.));
#3767=AXIS2_PLACEMENT_3D('',#3764,#3765,#3766);
#3768=CYLINDRICAL_SURFACE('',#3767,73.66);
#3769=ORIENTED_EDGE('',*,*,#3705,.T.);
#3770=ORIENTED_EDGE('',*,*,#3731,.T.);
#3771=ORIENTED_EDGE('',*,*,#3711,.F.);
#3772=ORIENTED_EDGE('',*,*,#3716,.F.);
#3773=EDGE_LOOP('',(#3769,#3770,#3771,#3772));
#3774=FACE_OUTER_BOUND('',#3773,.T.);
#3775=ADVANCED_FACE('',(#3774),#3768,.T.);
#3776=CARTESIAN_POINT('',(71.15009636,19.06461086,0.));
#3777=DIRECTION('',(-0.2588190451,0.9659258263,0.));
#3778=DIRECTION('',(-0.9659258263,-0.2588190451,0.));
#3779=AXIS2_PLACEMENT_3D('',#3776,#3777,#3778);
#3780=PLANE('',#3779);
#3781=ORIENTED_EDGE('',*,*,#3721,.T.);
#3782=ORIENTED_EDGE('',*,*,#3748,.T.);
#3783=ORIENTED_EDGE('',*,*,#3726,.F.);
#3784=ORIENTED_EDGE('',*,*,#3731,.F.);
#3785=EDGE_LOOP('',(#3781,#3782,#3783,#3784));
#3786=FACE_OUTER_BOUND('',#3785,.T.);
#3787=ADVANCED_FACE('',(#3786),#3780,.T.);
#3788=CARTESIAN_POINT('',(0.,0.,0.));
#3789=DIRECTION('',(0.,0.,1.));
#3790=DIRECTION('',(1.,0.,0.));
#3791=AXIS2_PLACEMENT_3D('',#3788,#3789,#3790);
#3792=CYLINDRICAL_SURFACE('',#3791,63.5);
#3793=ORIENTED_EDGE('',*,*,#3737,.T.);
#3794=ORIENTED_EDGE('',*,*,#3763,.T.);
#3795=ORIENTED_EDGE('',*,*,#3743,.F.);
#3796=ORIENTED_EDGE('',*,*,#3748,.F.);
#3797=EDGE_LOOP('',(#3793,#3794,#3795,#3796));
#3798=FACE_OUTER_BOUND('',#3797,.T.);
#3799=ADVANCED_FACE('',(#3798),#3792,.F.);
#3800=CARTESIAN_POINT('',(61.33628997,-16.43500936,0.));
#3801=DIRECTION('',(-0.2588190451,-0.9659258263,0.));
#3802=DIRECTION('',(0.9659258263,-0.2588190451,0.));
#3803=AXIS2_PLACEMENT_3D('',#3800,#3801,#3802);
#3804=PLANE('',#3803);
#3805=ORIENTED_EDGE('',*,*,#3753,.T.);
#3806=ORIENTED_EDGE('',*,*,#3716,.T.);
#3807=ORIENTED_EDGE('',*,*,#3758,.F.);
#3808=ORIENTED_EDGE('',*,*,#3763,.F.);
#3809=EDGE_LOOP('',(#3805,#3806,#3807,#3808));
#3810=FACE_OUTER_BOUND('',#3809,.T.);
#3811=ADVANCED_FACE('',(#3810),#3804,.T.);
#3812=CARTESIAN_POINT('',(0.,0.,6.35));
#3813=DIRECTION('',(0.,0.,1.));
#3814=DIRECTION('',(1.,0.,0.));
#3815=AXIS2_PLACEMENT_3D('',#3812,#3813,#3814);
#3816=PLANE('',#3815);
#3817=ORIENTED_EDGE('',*,*,#3711,.T.);
#3818=ORIENTED_EDGE('',*,*,#3726,.T.);
#3819=ORIENTED_EDGE('',*,*,#3743,.T.);
#3820=ORIENTED_EDGE('',*,*,#3758,.T.);
#3821=EDGE_LOOP('',(#3817,#3818,#3819,#3820));
#3822=FACE_OUTER_BOUND('',#3821,.T.);
#3823=ADVANCED_FACE('',(#3822),#3816,.T.);
#3824=CARTESIAN_POINT('',(0.,0.,0.));
#3825=DIRECTION('',(0.,0.,-1.));
#3826=DIRECTION('',(1.,0.,0.));
#3827=AXIS2_PLACEMENT_3D('',#3824,#3825,#3826);
#3828=PLANE('',#3827);
#3829=ORIENTED_EDGE('',*,*,#3753,.F.);
#3830=ORIENTED_EDGE('',*,*,#3737,.F.);
#3831=ORIENTED_EDGE('',*,*,#3721,.F.);
#3832=ORIENTED_EDGE('',*,*,#3705,.F.);
#3833=EDGE_LOOP('',(#3829,#3830,#3831,#3832));
#3834=FACE_OUTER_BOUND('',#3833,.T.);
#3835=ADVANCED_FACE('',(#3834),#3828,.T.);
#3836=CLOSED_SHELL('',(#3775,#3787,#3799,#3811,#3823,#3835));
#3837=MANIFOLD_SOLID_BREP('spacer',#3836);
#3838=ADVANCED_BREP_SHAPE_REPRESENTATION('spacer',(#3683,#3837),#9);
#3839=SHAPE_DEFINITION_REPRESENTATION(#3679,#3838);
#3840=PRODUCT('servo_bulkhead','servo_bulkhead','',(#3));
#3841=PRODUCT_RELATED_PRODUCT_CATEGORY('part',$,(#3840));
#3842=PRODUCT_DEFINITION_FORMATION('','',#3840);
#3843=PRODUCT_DEFINITION('design','',#3842,#4);
#3844=PRODUCT_DEFINITION_SHAPE('','',#3843);
#3845=CARTESIAN_POINT('',(0.,0.,0.));
#3846=DIRECTION('',(0.,0.,1.));
#3847=DIRECTION('',(1.,0.,0.));
#3848=AXIS2_PLACEMENT_3D('',#3845,#3846,#3847);
#3849=CARTESIAN_POINT('',(73.66,0.,0.));
#3850=VERTEX_POINT('',#3849);
#3851=CARTESIAN_POINT('',(-73.66,0.,0.));
#3852=VERTEX_POINT('',#3851);
#3853=CARTESIAN_POINT('',(73.66,0.,5.08));
#3854=VERTEX_POINT('',#3853);
#3855=CARTESIAN_POINT('',(-73.66,0.,5.08));
#3856=VERTEX_POINT('',#3855);
#3857=CARTESIAN_POINT('',(0.,0.,0.));
#3858=DIRECTION('',(0.,0.,1.));
#3859=DIRECTION('',(1.,0.,0.));
#3860=AXIS2_PLACEMENT_3D('',#3857,#3858,#3859);
#3861=CIRCLE('',#3860,73.66);
#3862=EDGE_CURVE('',#3850,#3852,#3861,.T.);
#3863=CARTESIAN_POINT('',(0.,0.,5.08));
#3864=DIRECTION('',(0.,0.,1.));
#3865=DIRECTION('',(1.,0.,0.));
#3866=AXIS2_PLACEMENT_3D('',#3863,#3864,#3865);
#3867=CIRCLE('',#3866,73.66);
#3868=EDGE_CURVE('',#3854,#3856,#3867,.T.);
#3869=DIRECTION('',(0.,0.,1.));
#3870=VECTOR('',#3869,5.08);
#3871=CARTESIAN_POINT('',(73.66,0.,0.));
#3872=LINE('',#3871,#3870);
#3873=EDGE_CURVE('',#3850,#3854,#3872,.T.);
#3874=CARTESIAN_POINT('',(0.,0.,0.));
#3875=DIRECTION('',(0.,0.,1.));
#3876=DIRECTION('',(1.,0.,0.));
#3877=AXIS2_PLACEMENT_3D('',#3874,#3875,#3876);
#3878=CIRCLE('',#3877,73.66);
#3879=EDGE_CURVE('',#3852,#3850,#3878,.T.);
#3880=CARTESIAN_POINT('',(0.,0.,5.08));
#3881=DIRECTION('',(0.,0.,1.));
#3882=DIRECTION('',(1.,0.,0.));
#3883=AXIS2_PLACEMENT_3D('',#3880,#3881,#3882);
#3884=CIRCLE('',#3883,73.66);
#3885=EDGE_CURVE('',#3856,#3854,#3884,.T.);
#3886=DIRECTION('',(0.,0.,1.));
#3887=VECTOR('',#3886,5.08);
#3888=CARTESIAN_POINT('',(-73.66,0.,0.));
#3889=LINE('',#3888,#3887);
#3890=EDGE_CURVE('',#3852,#3856,#3889,.T.);
#3891=CARTESIAN_POINT('',(0.,0.,0.));
#3892=DIRECTION('',(0.,0.,1.));
#3893=DIRECTION('',(1.,0.,0.));
#3894=AXIS2_PLACEMENT_3D('',#3891,#3892,#3893);
#3895=CYLINDRICAL_SURFACE('',#3894,73.66);
#3896=ORIENTED_EDGE('',*,*,#3862,.T.);
#3897=ORIENTED_EDGE('',*,*,#3890,.T.);
#3898=ORIENTED_EDGE('',*,*,#3868,.F.);
#3899=ORIENTED_EDGE('',*,*,#3873,.F.);
#3900=EDGE_LOOP('',(#3896,#3897,#3898,#3899));
#3901=FACE_OUTER_BOUND('',#3900,.T.);
#3902=ADVANCED_FACE('',(#3901),#3895,.T.);
#3903=CARTESIAN_POINT('',(0.,0.,0.));
#3904=DIRECTION('',(0.,0.,1.));
#3905=DIRECTION('',(1.,0.,0.));
#3906=AXIS2_PLACEMENT_3D('',#3903,#3904,#3905);
#3907=CYLINDRICAL_SURFACE('',#3906,73.66);
#3908=ORIENTED_EDGE('',*,*,#3879,.T.);
#3909=ORIENTED_EDGE('',*,*,#3873,.T.);
#3910=ORIENTED_EDGE('',*,*,#3885,.F.);
#3911=ORIENTED_EDGE('',*,*,#3890,.F.);
#3912=EDGE_LOOP('',(#3908,#3909,#3910,#3911));
#3913=FACE_OUTER_BOUND('',#3912,.T.);
#3914=ADVANCED_FACE('',(#3913),#3907,.T.);
#3915=CARTESIAN_POINT('',(8.382,0.,0.));
#3916=VERTEX_POINT('',#3915);
#3917=CARTESIAN_POINT('',(-8.382,0.,0.));
#3918=VERTEX_POINT('',#3917);
#3919=CARTESIAN_POINT('',(8.382,0.,5.08));
#3920=VERTEX_POINT('',#3919);
#3921=CARTESIAN_POINT('',(-8.382,0.,5.08));
#3922=VERTEX_POINT('',#3921);
#3923=CARTESIAN_POINT('',(0.,0.,0.));
#3924=DIRECTION('',(0.,0.,1.));
#3925=DIRECTION('',(1.,0.,0.));
#3926=AXIS2_PLACEMENT_3D('',#3923,#3924,#3925);
#3927=CIRCLE('',#3926,8.382);
#3928=EDGE_CURVE('',#3916,#3918,#3927,.F.);
#3929=CARTESIAN_POINT('',(0.,0.,5.08));
#3930=DIRECTION('',(0.,0.,1.));
#3931=DIRECTION('',(1.,0.,0.));
#3932=AXIS2_PLACEMENT_3D('',#3929,#3930,#3931);
#3933=CIRCLE('',#3932,8.382);
#3934=EDGE_CURVE('',#3920,#3922,#3933,.F.);
#3935=DIRECTION('',(0.,0.,1.));
#3936=VECTOR('',#3935,5.08);
#3937=CARTESIAN_POINT('',(8.382,0.,0.));
#3938=LINE('',#3937,#3936);
#3939=EDGE_CURVE('',#3916,#3920,#3938,.T.);
#3940=CARTESIAN_POINT('',(0.,0.,0.));
#3941=DIRECTION('',(0.,0.,1.));
#3942=DIRECTION('',(1.,0.,0.));
#3943=AXIS2_PLACEMENT_3D('',#3940,#3941,#3942);
#3944=CIRCLE('',#3943,8.382);
#3945=EDGE_CURVE('',#3918,#3916,#3944,.F.);
#3946=CARTESIAN_POINT('',(0.,0.,5.08));
#3947=DIRECTION('',(0.,0.,1.));
#3948=DIRECTION('',(1.,0.,0.));
#3949=AXIS2_PLACEMENT_3D('',#3946,#3947,#3948);
#3950=CIRCLE('',#3949,8.382);
#3951=EDGE_CURVE('',#3922,#3920,#3950,.F.);
#3952=DIRECTION('',(0.,0.,1.));
#3953=VECTOR('',#3952,5.08);
#3954=CARTESIAN_POINT('',(-8.382,0.,0.));
#3955=LINE('',#3954,#3953);
#3956=EDGE_CURVE('',#3918,#3922,#3955,.T.);
#3957=CARTESIAN_POINT('',(0.,0.,0.));
#3958=DIRECTION('',(0.,0.,1.));
#3959=DIRECTION('',(1.,0.,0.));
#3960=AXIS2_PLACEMENT_3D('',#3957,#3958,#3959);
#3961=CYLINDRICAL_SURFACE('',#3960,8.382);
#3962=ORIENTED_EDGE('',*,*,#3928,.T.);
#3963=ORIENTED_EDGE('',*,*,#3956,.T.);
#3964=ORIENTED_EDGE('',*,*,#3934,.F.);
#3965=ORIENTED_EDGE('',*,*,#3939,.F.);
#3966=EDGE_LOOP('',(#3962,#3963,#3964,#3965));
#3967=FACE_OUTER_BOUND('',#3966,.T.);
#3968=ADVANCED_FACE('',(#3967),#3961,.F.);
#3969=CARTESIAN_POINT('',(0.,0.,0.));
#3970=DIRECTION('',(0.,0.,1.));
#3971=DIRECTION('',(1.,0.,0.));
#3972=AXIS2_PLACEMENT_3D('',#3969,#3970,#3971);
#3973=CYLINDRICAL_SURFACE('',#3972,8.382);
#3974=ORIENTED_EDGE('',*,*,#3945,.T.);
#3975=ORIENTED_EDGE('',*,*,#3939,.T.);
#3976=ORIENTED_EDGE('',*,*,#3951,.F.);
#3977=ORIENTED_EDGE('',*,*,#3956,.F.);
#3978=EDGE_LOOP('',(#3974,#3975,#3976,#3977));
#3979=FACE_OUTER_BOUND('',#3978,.T.);
#3980=ADVANCED_FACE('',(#3979),#3973,.F.);
#3981=CARTESIAN_POINT('',(26.035,-57.91743067,0.));
#3982=VERTEX_POINT('',#3981);
#3983=CARTESIAN_POINT('',(26.035,57.91743067,0.));
#3984=VERTEX_POINT('',#3983);
#3985=CARTESIAN_POINT('',(26.035,-57.91743067,5.08));
#3986=VERTEX_POINT('',#3985);
#3987=CARTESIAN_POINT('',(26.035,57.91743067,5.08));
#3988=VERTEX_POINT('',#3987);
#3989=DIRECTION('',(0.,1.,0.));
#3990=VECTOR('',#3989,115.8348613);
#3991=CARTESIAN_POINT('',(26.035,-57.91743067,0.));
#3992=LINE('',#3991,#3990);
#3993=EDGE_CURVE('',#3982,#3984,#3992,.T.);
#3994=DIRECTION('',(0.,1.,0.));
#3995=VECTOR('',#3994,115.8348613);
#3996=CARTESIAN_POINT('',(26.035,-57.91743067,5.08));
#3997=LINE('',#3996,#3995);
#3998=EDGE_CURVE('',#3986,#3988,#3997,.T.);
#3999=DIRECTION('',(0.,0.,1.));
#4000=VECTOR('',#3999,5.08);
#4001=CARTESIAN_POINT('',(26.035,-57.91743067,0.));
#4002=LINE('',#4001,#4000);
#4003=EDGE_CURVE('',#3982,#3986,#4002,.T.);
#4004=CARTESIAN_POINT('',(0.,0.,0.));
#4005=DIRECTION('',(0.,0.,1.));
#4006=DIRECTION('',(1.,0.,0.));
#4007=AXIS2_PLACEMENT_3D('',#4004,#4005,#4006);
#4008=CIRCLE('',#4007,63.5);
#4009=EDGE_CURVE('',#3984,#3982,#4008,.F.);
#4010=CARTESIAN_POINT('',(0.,0.,5.08));
#4011=DIRECTION('',(0.,0.,1.));
#4012=DIRECTION('',(1.,0.,0.));
#4013=AXIS2_PLACEMENT_3D('',#4010,#4011,#4012);
#4014=CIRCLE('',#4013,63.5);
#4015=EDGE_CURVE('',#3988,#3986,#4014,.F.);
#4016=DIRECTION('',(0.,0.,1.));
#4017=VECTOR('',#4016,5.08);
#4018=CARTESIAN_POINT('',(26.035,57.91743067,0.));
#4019=LINE('',#4018,#4017);
#4020=EDGE_CURVE('',#3984,#3988,#4019,.T.);
#4021=CARTESIAN_POINT('',(26.035,-57.91743067,0.));
#4022=DIRECTION('',(1.,0.,0.));
#4023=DIRECTION('',(0.,1.,0.));
#4024=AXIS2_PLACEMENT_3D('',#4021,#4022,#4023);
#4025=PLANE('',#4024);
#4026=ORIENTED_EDGE('',*,*,#3993,.T.);
#4027=ORIENTED_EDGE('',*,*,#4020,.T.);
#4028=ORIENTED_EDGE('',*,*,#3998,.F.);
#4029=ORIENTED_EDGE('',*,*,#4003,.F.);
#4030=EDGE_LOOP('',(#4026,#4027,#4028,#4029));
#4031=FACE_OUTER_BOUND('',#4030,.T.);
#4032=ADVANCED_FACE('',(#4031),#4025,.T.);
#4033=CARTESIAN_POINT('',(0.,0.,0.));
#4034=DIRECTION('',(0.,0.,1.));
#4035=DIRECTION('',(1.,0.,0.));
#4036=AXIS2_PLACEMENT_3D('',#4033,#4034,#4035);
#4037=CYLINDRICAL_SURFACE('',#4036,63.5);
#4038=ORIENTED_EDGE('',*,*,#4009,.T.);
#4039=ORIENTED_EDGE('',*,*,#4003,.T.);
#4040=ORIENTED_EDGE('',*,*,#4015,.F.);
#4041=ORIENTED_EDGE('',*,*,#4020,.F.);
#4042=EDGE_LOOP('',(#4038,#4039,#4040,#4041));
#4043=FACE_OUTER_BOUND('',#4042,.T.);
#4044=ADVANCED_FACE('',(#4043),#4037,.F.);
#4045=CARTESIAN_POINT('',(-17.145,3.81,0.));
#4046=VERTEX_POINT('',#4045);
#4047=CARTESIAN_POINT('',(-17.145,61.14163046,0.));
#4048=VERTEX_POINT('',#4047);
#4049=CARTESIAN_POINT('',(17.145,61.14163046,0.));
#4050=VERTEX_POINT('',#4049);
#4051=CARTESIAN_POINT('',(17.145,3.81,0.));
#4052=VERTEX_POINT('',#4051);
#4053=CARTESIAN_POINT('',(13.44041666,3.81,0.));
#4054=VERTEX_POINT('',#4053);
#4055=CARTESIAN_POINT('',(-13.44041666,3.81,0.));
#4056=VERTEX_POINT('',#4055);
#4057=CARTESIAN_POINT('',(-17.145,3.81,5.08));
#4058=VERTEX_POINT('',#4057);
#4059=CARTESIAN_POINT('',(-17.145,61.14163046,5.08));
#4060=VERTEX_POINT('',#4059);
#4061=CARTESIAN_POINT('',(17.145,61.14163046,5.08));
#4062=VERTEX_POINT('',#4061);
#4063=CARTESIAN_POINT('',(17.145,3.81,5.08));
#4064=VERTEX_POINT('',#4063);
#4065=CARTESIAN_POINT('',(13.44041666,3.81,5.08));
#4066=VERTEX_POINT('',#4065);
#4067=CARTESIAN_POINT('',(-13.44041666,3.81,5.08));
#4068=VERTEX_POINT('',#4067);
#4069=DIRECTION('',(0.,1.,0.));
#4070=VECTOR('',#4069,57.33163046);
#4071=CARTESIAN_POINT('',(-17.145,3.81,0.));
#4072=LINE('',#4071,#4070);
#4073=EDGE_CURVE('',#4046,#4048,#4072,.T.);
#4074=DIRECTION('',(0.,1.,0.));
#4075=VECTOR('',#4074,57.33163046);
#4076=CARTESIAN_POINT('',(-17.145,3.81,5.08));
#4077=LINE('',#4076,#4075);
#4078=EDGE_CURVE('',#4058,#4060,#4077,.T.);
#4079=DIRECTION('',(0.,0.,1.));
#4080=VECTOR('',#4079,5.08);
#4081=CARTESIAN_POINT('',(-17.145,3.81,0.));
#4082=LINE('',#4081,#4080);
#4083=EDGE_CURVE('',#4046,#4058,#4082,.T.);
#4084=CARTESIAN_POINT('',(0.,0.,0.));
#4085=DIRECTION('',(0.,0.,1.));
#4086=DIRECTION('',(1.,0.,0.));
#4087=AXIS2_PLACEMENT_3D('',#4084,#4085,#4086);
#4088=CIRCLE('',#4087,63.5);
#4089=EDGE_CURVE('',#4048,#4050,#4088,.F.);
#4090=CARTESIAN_POINT('',(0.,0.,5.08));
#4091=DIRECTION('',(0.,0.,1.));
#4092=DIRECTION('',(1.,0.,0.));
#4093=AXIS2_PLACEMENT_3D('',#4090,#4091,#4092);
#4094=CIRCLE('',#4093,63.5);
#4095=EDGE_CURVE('',#4060,#4062,#4094,.F.);
#4096=DIRECTION('',(0.,0.,1.));
#4097=VECTOR('',#4096,5.08);
#4098=CARTESIAN_POINT('',(-17.145,61.14163046,0.));
#4099=LINE('',#4098,#4097);
#4100=EDGE_CURVE('',#4048,#4060,#4099,.T.);
#4101=DIRECTION('',(0.,-1.,0.));
#4102=VECTOR('',#4101,57.33163046);
#4103=CARTESIAN_POINT('',(17.145,61.14163046,0.));
#4104=LINE('',#4103,#4102);
#4105=EDGE_CURVE('',#4050,#4052,#4104,.T.);
#4106=DIRECTION('',(0.,-1.,0.));
#4107=VECTOR('',#4106,57.33163046);
#4108=CARTESIAN_POINT('',(17.145,61.14163046,5.08));
#4109=LINE('',#4108,#4107);
#4110=EDGE_CURVE('',#4062,#4064,#4109,.T.);
#4111=DIRECTION('',(0.,0.,1.));
#4112=VECTOR('',#4111,5.08);
#4113=CARTESIAN_POINT('',(17.145,61.14163046,0.));
#4114=LINE('',#4113,#4112);
#4115=EDGE_CURVE('',#4050,#4062,#4114,.T.);
#4116=DIRECTION('',(-1.,0.,0.));
#4117=VECTOR('',#4116,3.70458334);
#4118=CARTESIAN_POINT('',(17.145,3.81,0.));
#4119=LINE('',#4118,#4117);
#4120=EDGE_CURVE('',#4052,#4054,#4119,.T.);
#4121=DIRECTION('',(-1.,0.,0.));
#4122=VECTOR('',#4121,3.70458334);
#4123=CARTESIAN_POINT('',(17.145,3.81,5.08));
#4124=LINE('',#4123,#4122);
#4125=EDGE_CURVE('',#4064,#4066,#4124,.T.);
#4126=DIRECTION('',(0.,0.,1.));
#4127=VECTOR('',#4126,5.08);
#4128=CARTESIAN_POINT('',(17.145,3.81,0.));
#4129=LINE('',#4128,#4127);
#4130=EDGE_CURVE('',#4052,#4064,#4129,.T.);
#4131=CARTESIAN_POINT('',(0.,0.,0.));
#4132=DIRECTION('',(0.,0.,1.));
#4133=DIRECTION('',(1.,0.,0.));
#4134=AXIS2_PLACEMENT_3D('',#4131,#4132,#4133);
#4135=CIRCLE('',#4134,13.97);
#4136=EDGE_CURVE('',#4054,#4056,#4135,.T.);
#4137=CARTESIAN_POINT('',(0.,0.,5.08));
#4138=DIRECTION('',(0.,0.,1.));
#4139=DIRECTION('',(1.,0.,0.));
#4140=AXIS2_PLACEMENT_3D('',#4137,#4138,#4139);
#4141=CIRCLE('',#4140,13.97);
#4142=EDGE_CURVE('',#4066,#4068,#4141,.T.);
#4143=DIRECTION('',(0.,0.,1.));
#4144=VECTOR('',#4143,5.08);
#4145=CARTESIAN_POINT('',(13.44041666,3.81,0.));
#4146=LINE('',#4145,#4144);
#4147=EDGE_CURVE('',#4054,#4066,#4146,.T.);
#4148=DIRECTION('',(-1.,0.,0.));
#4149=VECTOR('',#4148,3.70458334);
#4150=CARTESIAN_POINT('',(-13.44041666,3.81,0.));
#4151=LINE('',#4150,#4149);
#4152=EDGE_CURVE('',#4056,#4046,#4151,.T.);
#4153=DIRECTION('',(-1.,0.,0.));
#4154=VECTOR('',#4153,3.70458334);
#4155=CARTESIAN_POINT('',(-13.44041666,3.81,5.08));
#4156=LINE('',#4155,#4154);
#4157=EDGE_CURVE('',#4068,#4058,#4156,.T.);
#4158=DIRECTION('',(0.,0.,1.));
#4159=VECTOR('',#4158,5.08);
#4160=CARTESIAN_POINT('',(-13.44041666,3.81,0.));
#4161=LINE('',#4160,#4159);
#4162=EDGE_CURVE('',#4056,#4068,#4161,.T.);
#4163=CARTESIAN_POINT('',(-17.145,3.81,0.));
#4164=DIRECTION('',(1.,0.,0.));
#4165=DIRECTION('',(0.,1.,0.));
#4166=AXIS2_PLACEMENT_3D('',#4163,#4164,#4165);
#4167=PLANE('',#4166);
#4168=ORIENTED_EDGE('',*,*,#4073,.T.);
#4169=ORIENTED_EDGE('',*,*,#4100,.T.);
#4170=ORIENTED_EDGE('',*,*,#4078,.F.);
#4171=ORIENTED_EDGE('',*,*,#4083,.F.);
#4172=EDGE_LOOP('',(#4168,#4169,#4170,#4171));
#4173=FACE_OUTER_BOUND('',#4172,.T.);
#4174=ADVANCED_FACE('',(#4173),#4167,.T.);
#4175=CARTESIAN_POINT('',(0.,0.,0.));
#4176=DIRECTION('',(0.,0.,1.));
#4177=DIRECTION('',(1.,0.,0.));
#4178=AXIS2_PLACEMENT_3D('',#4175,#4176,#4177);
#4179=CYLINDRICAL_SURFACE('',#4178,63.5);
#4180=ORIENTED_EDGE('',*,*,#4089,.T.);
#4181=ORIENTED_EDGE('',*,*,#4115,.T.);
#4182=ORIENTED_EDGE('',*,*,#4095,.F.);
#4183=ORIENTED_EDGE('',*,*,#4100,.F.);
#4184=EDGE_LOOP('',(#4180,#4181,#4182,#4183));
#4185=FACE_OUTER_BOUND('',#4184,.T.);
#4186=ADVANCED_FACE('',(#4185),#4179,.F.);
#4187=CARTESIAN_POINT('',(17.145,61.14163046,0.));
#4188=DIRECTION('',(-1.,0.,0.));
#4189=DIRECTION('',(0.,-1.,0.));
#4190=AXIS2_PLACEMENT_3D('',#4187,#4188,#4189);
#4191=PLANE('',#4190);
#4192=ORIENTED_EDGE('',*,*,#4105,.T.);
#4193=ORIENTED_EDGE('',*,*,#4130,.T.);
#4194=ORIENTED_EDGE('',*,*,#4110,.F.);
#4195=ORIENTED_EDGE('',*,*,#4115,.F.);
#4196=EDGE_LOOP('',(#4192,#4193,#4194,#4195));
#4197=FACE_OUTER_BOUND('',#4196,.T.);
#4198=ADVANCED_FACE('',(#4197),#4191,.T.);
#4199=CARTESIAN_POINT('',(17.145,3.81,0.));
#4200=DIRECTION('',(0.,1.,0.));
#4201=DIRECTION('',(-1.,0.,0.));
#4202=AXIS2_PLACEMENT_3D('',#4199,#4200,#4201);
#4203=PLANE('',#4202);
#4204=ORIENTED_EDGE('',*,*,#4120,.T.);
#4205=ORIENTED_EDGE('',*,*,#4147,.T.);
#4206=ORIENTED_EDGE('',*,*,#4125,.F.);
#4207=ORIENTED_EDGE('',*,*,#4130,.F.);
#4208=EDGE_LOOP('',(#4204,#4205,#4206,#4207));
#4209=FACE_OUTER_BOUND('',#4208,.T.);
#4210=ADVANCED_FACE('',(#4209),#4203,.T.);
#4211=CARTESIAN_POINT('',(0.,0.,0.));
#4212=DIRECTION('',(0.,0.,1.));
#4213=DIRECTION('',(1.,0.,0.));
#4214=AXIS2_PLACEMENT_3D('',#4211,#4212,#4213);
#4215=CYLINDRICAL_SURFACE('',#4214,13.97);
#4216=ORIENTED_EDGE('',*,*,#4136,.T.);
#4217=ORIENTED_EDGE('',*,*,#4162,.T.);
#4218=ORIENTED_EDGE('',*,*,#4142,.F.);
#4219=ORIENTED_EDGE('',*,*,#4147,.F.);
#4220=EDGE_LOOP('',(#4216,#4217,#4218,#4219));
#4221=FACE_OUTER_BOUND('',#4220,.T.);
#4222=ADVANCED_FACE('',(#4221),#4215,.T.);
#4223=CARTESIAN_POINT('',(-13.44041666,3.81,0.));
#4224=DIRECTION('',(0.,1.,0.));
#4225=DIRECTION('',(-1.,0.,0.));
#4226=AXIS2_PLACEMENT_3D('',#4223,#4224,#4225);
#4227=PLANE('',#4226);
#4228=ORIENTED_EDGE('',*,*,#4152,.T.);
#4229=ORIENTED_EDGE('',*,*,#4083,.T.);
#4230=ORIENTED_EDGE('',*,*,#4157,.F.);
#4231=ORIENTED_EDGE('',*,*,#4162,.F.);
#4232=EDGE_LOOP('',(#4228,#4229,#4230,#4231));
#4233=FACE_OUTER_BOUND('',#4232,.T.);
#4234=ADVANCED_FACE('',(#4233),#4227,.T.);
#4235=CARTESIAN_POINT('',(-26.035,57.91743067,0.));
#4236=VERTEX_POINT('',#4235);
#4237=CARTESIAN_POINT('',(-26.035,-57.91743067,0.));
#4238=VERTEX_POINT('',#4237);
#4239=CARTESIAN_POINT('',(-26.035,57.91743067,5.08));
#4240=VERTEX_POINT('',#4239);
#4241=CARTESIAN_POINT('',(-26.035,-57.91743067,5.08));
#4242=VERTEX_POINT('',#4241);
#4243=DIRECTION('',(0.,-1.,0.));
#4244=VECTOR('',#4243,115.8348613);
#4245=CARTESIAN_POINT('',(-26.035,57.91743067,0.));
#4246=LINE('',#4245,#4244);
#4247=EDGE_CURVE('',#4236,#4238,#4246,.T.);
#4248=DIRECTION('',(0.,-1.,0.));
#4249=VECTOR('',#4248,115.8348613);
#4250=CARTESIAN_POINT('',(-26.035,57.91743067,5.08));
#4251=LINE('',#4250,#4249);
#4252=EDGE_CURVE('',#4240,#4242,#4251,.T.);
#4253=DIRECTION('',(0.,0.,1.));
#4254=VECTOR('',#4253,5.08);
#4255=CARTESIAN_POINT('',(-26.035,57.91743067,0.));
#4256=LINE('',#4255,#4254);
#4257=EDGE_CURVE('',#4236,#4240,#4256,.T.);
#4258=CARTESIAN_POINT('',(0.,0.,0.));
#4259=DIRECTION('',(0.,0.,1.));
#4260=DIRECTION('',(1.,0.,0.));
#4261=AXIS2_PLACEMENT_3D('',#4258,#4259,#4260);
#4262=CIRCLE('',#4261,63.5);
#4263=EDGE_CURVE('',#4238,#4236,#4262,.F.);
#4264=CARTESIAN_POINT('',(0.,0.,5.08));
#4265=DIRECTION('',(0.,0.,1.));
#4266=DIRECTION('',(1.,0.,0.));
#4267=AXIS2_PLACEMENT_3D('',#4264,#4265,#4266);
#4268=CIRCLE('',#4267,63.5);
#4269=EDGE_CURVE('',#4242,#4240,#4268,.F.);
#4270=DIRECTION('',(0.,0.,1.));
#4271=VECTOR('',#4270,5.08);
#4272=CARTESIAN_POINT('',(-26.035,-57.91743067,0.));
#4273=LINE('',#4272,#4271);
#4274=EDGE_CURVE('',#4238,#4242,#4273,.T.);
#4275=CARTESIAN_POINT('',(-26.035,57.91743067,0.));
#4276=DIRECTION('',(-1.,0.,0.));
#4277=DIRECTION('',(0.,-1.,0.));
#4278=AXIS2_PLACEMENT_3D('',#4275,#4276,#4277);
#4279=PLANE('',#4278);
#4280=ORIENTED_EDGE('',*,*,#4247,.T.);
#4281=ORIENTED_EDGE('',*,*,#4274,.T.);
#4282=ORIENTED_EDGE('',*,*,#4252,.F.);
#4283=ORIENTED_EDGE('',*,*,#4257,.F.);
#4284=EDGE_LOOP('',(#4280,#4281,#4282,#4283));
#4285=FACE_OUTER_BOUND('',#4284,.T.);
#4286=ADVANCED_FACE('',(#4285),#4279,.T.);
#4287=CARTESIAN_POINT('',(0.,0.,0.));
#4288=DIRECTION('',(0.,0.,1.));
#4289=DIRECTION('',(1.,0.,0.));
#4290=AXIS2_PLACEMENT_3D('',#4287,#4288,#4289);
#4291=CYLINDRICAL_SURFACE('',#4290,63.5);
#4292=ORIENTED_EDGE('',*,*,#4263,.T.);
#4293=ORIENTED_EDGE('',*,*,#4257,.T.);
#4294=ORIENTED_EDGE('',*,*,#4269,.F.);
#4295=ORIENTED_EDGE('',*,*,#4274,.F.);
#4296=EDGE_LOOP('',(#4292,#4293,#4294,#4295));
#4297=FACE_OUTER_BOUND('',#4296,.T.);
#4298=ADVANCED_FACE('',(#4297),#4291,.F.);
#4299=CARTESIAN_POINT('',(17.145,-3.81,0.));
#4300=VERTEX_POINT('',#4299);
#4301=CARTESIAN_POINT('',(17.145,-61.14163046,0.));
#4302=VERTEX_POINT('',#4301);
#4303=CARTESIAN_POINT('',(-17.145,-61.14163046,0.));
#4304=VERTEX_POINT('',#4303);
#4305=CARTESIAN_POINT('',(-17.145,-3.81,0.));
#4306=VERTEX_POINT('',#4305);
#4307=CARTESIAN_POINT('',(-13.44041666,-3.81,0.));
#4308=VERTEX_POINT('',#4307);
#4309=CARTESIAN_POINT('',(13.44041666,-3.81,0.));
#4310=VERTEX_POINT('',#4309);
#4311=CARTESIAN_POINT('',(17.145,-3.81,5.08));
#4312=VERTEX_POINT('',#4311);
#4313=CARTESIAN_POINT('',(17.145,-61.14163046,5.08));
#4314=VERTEX_POINT('',#4313);
#4315=CARTESIAN_POINT('',(-17.145,-61.14163046,5.08));
#4316=VERTEX_POINT('',#4315);
#4317=CARTESIAN_POINT('',(-17.145,-3.81,5.08));
#4318=VERTEX_POINT('',#4317);
#4319=CARTESIAN_POINT('',(-13.44041666,-3.81,5.08));
#4320=VERTEX_POINT('',#4319);
#4321=CARTESIAN_POINT('',(13.44041666,-3.81,5.08));
#4322=VERTEX_POINT('',#4321);
#4323=DIRECTION('',(0.,-1.,0.));
#4324=VECTOR('',#4323,57.33163046);
#4325=CARTESIAN_POINT('',(17.145,-3.81,0.));
#4326=LINE('',#4325,#4324);
#4327=EDGE_CURVE('',#4300,#4302,#4326,.T.);
#4328=DIRECTION('',(0.,-1.,0.));
#4329=VECTOR('',#4328,57.33163046);
#4330=CARTESIAN_POINT('',(17.145,-3.81,5.08));
#4331=LINE('',#4330,#4329);
#4332=EDGE_CURVE('',#4312,#4314,#4331,.T.);
#4333=DIRECTION('',(0.,0.,1.));
#4334=VECTOR('',#4333,5.08);
#4335=CARTESIAN_POINT('',(17.145,-3.81,0.));
#4336=LINE('',#4335,#4334);
#4337=EDGE_CURVE('',#4300,#4312,#4336,.T.);
#4338=CARTESIAN_POINT('',(0.,0.,0.));
#4339=DIRECTION('',(0.,0.,1.));
#4340=DIRECTION('',(1.,0.,0.));
#4341=AXIS2_PLACEMENT_3D('',#4338,#4339,#4340);
#4342=CIRCLE('',#4341,63.5);
#4343=EDGE_CURVE('',#4302,#4304,#4342,.F.);
#4344=CARTESIAN_POINT('',(0.,0.,5.08));
#4345=DIRECTION('',(0.,0.,1.));
#4346=DIRECTION('',(1.,0.,0.));
#4347=AXIS2_PLACEMENT_3D('',#4344,#4345,#4346);
#4348=CIRCLE('',#4347,63.5);
#4349=EDGE_CURVE('',#4314,#4316,#4348,.F.);
#4350=DIRECTION('',(0.,0.,1.));
#4351=VECTOR('',#4350,5.08);
#4352=CARTESIAN_POINT('',(17.145,-61.14163046,0.));
#4353=LINE('',#4352,#4351);
#4354=EDGE_CURVE('',#4302,#4314,#4353,.T.);
#4355=DIRECTION('',(0.,1.,0.));
#4356=VECTOR('',#4355,57.33163046);
#4357=CARTESIAN_POINT('',(-17.145,-61.14163046,0.));
#4358=LINE('',#4357,#4356);
#4359=EDGE_CURVE('',#4304,#4306,#4358,.T.);
#4360=DIRECTION('',(0.,1.,0.));
#4361=VECTOR('',#4360,57.33163046);
#4362=CARTESIAN_POINT('',(-17.145,-61.14163046,5.08));
#4363=LINE('',#4362,#4361);
#4364=EDGE_CURVE('',#4316,#4318,#4363,.T.);
#4365=DIRECTION('',(0.,0.,1.));
#4366=VECTOR('',#4365,5.08);
#4367=CARTESIAN_POINT('',(-17.145,-61.14163046,0.));
#4368=LINE('',#4367,#4366);
#4369=EDGE_CURVE('',#4304,#4316,#4368,.T.);
#4370=DIRECTION('',(1.,0.,0.));
#4371=VECTOR('',#4370,3.70458334);
#4372=CARTESIAN_POINT('',(-17.145,-3.81,0.));
#4373=LINE('',#4372,#4371);
#4374=EDGE_CURVE('',#4306,#4308,#4373,.T.);
#4375=DIRECTION('',(1.,0.,0.));
#4376=VECTOR('',#4375,3.70458334);
#4377=CARTESIAN_POINT('',(-17.145,-3.81,5.08));
#4378=LINE('',#4377,#4376);
#4379=EDGE_CURVE('',#4318,#4320,#4378,.T.);
#4380=DIRECTION('',(0.,0.,1.));
#4381=VECTOR('',#4380,5.08);
#4382=CARTESIAN_POINT('',(-17.145,-3.81,0.));
#4383=LINE('',#4382,#4381);
#4384=EDGE_CURVE('',#4306,#4318,#4383,.T.);
#4385=CARTESIAN_POINT('',(0.,0.,0.));
#4386=DIRECTION('',(0.,0.,1.));
#4387=DIRECTION('',(1.,0.,0.));
#4388=AXIS2_PLACEMENT_3D('',#4385,#4386,#4387);
#4389=CIRCLE('',#4388,13.97);
#4390=EDGE_CURVE('',#4308,#4310,#4389,.T.);
#4391=CARTESIAN_POINT('',(0.,0.,5.08));
#4392=DIRECTION('',(0.,0.,1.));
#4393=DIRECTION('',(1.,0.,0.));
#4394=AXIS2_PLACEMENT_3D('',#4391,#4392,#4393);
#4395=CIRCLE('',#4394,13.97);
#4396=EDGE_CURVE('',#4320,#4322,#4395,.T.);
#4397=DIRECTION('',(0.,0.,1.));
#4398=VECTOR('',#4397,5.08);
#4399=CARTESIAN_POINT('',(-13.44041666,-3.81,0.));
#4400=LINE('',#4399,#4398);
#4401=EDGE_CURVE('',#4308,#4320,#4400,.T.);
#4402=DIRECTION('',(1.,0.,0.));
#4403=VECTOR('',#4402,3.70458334);
#4404=CARTESIAN_POINT('',(13.44041666,-3.81,0.));
#4405=LINE('',#4404,#4403);
#4406=EDGE_CURVE('',#4310,#4300,#4405,.T.);
#4407=DIRECTION('',(1.,0.,0.));
#4408=VECTOR('',#4407,3.70458334);
#4409=CARTESIAN_POINT('',(13.44041666,-3.81,5.08));
#4410=LINE('',#4409,#4408);
#4411=EDGE_CURVE('',#4322,#4312,#4410,.T.);
#4412=DIRECTION('',(0.,0.,1.));
#4413=VECTOR('',#4412,5.08);
#4414=CARTESIAN_POINT('',(13.44041666,-3.81,0.));
#4415=LINE('',#4414,#4413);
#4416=EDGE_CURVE('',#4310,#4322,#4415,.T.);
#4417=CARTESIAN_POINT('',(17.145,-3.81,0.));
#4418=DIRECTION('',(-1.,0.,0.));
#4419=DIRECTION('',(0.,-1.,0.));
#4420=AXIS2_PLACEMENT_3D('',#4417,#4418,#4419);
#4421=PLANE('',#4420);
#4422=ORIENTED_EDGE('',*,*,#4327,.T.);
#4423=ORIENTED_EDGE('',*,*,#4354,.T.);
#4424=ORIENTED_EDGE('',*,*,#4332,.F.);
#4425=ORIENTED_EDGE('',*,*,#4337,.F.);
#4426=EDGE_LOOP('',(#4422,#4423,#4424,#4425));
#4427=FACE_OUTER_BOUND('',#4426,.T.);
#4428=ADVANCED_FACE('',(#4427),#4421,.T.);
#4429=CARTESIAN_POINT('',(0.,0.,0.));
#4430=DIRECTION('',(0.,0.,1.));
#4431=DIRECTION('',(1.,0.,0.));
#4432=AXIS2_PLACEMENT_3D('',#4429,#4430,#4431);
#4433=CYLINDRICAL_SURFACE('',#4432,63.5);
#4434=ORIENTED_EDGE('',*,*,#4343,.T.);
#4435=ORIENTED_EDGE('',*,*,#4369,.T.);
#4436=ORIENTED_EDGE('',*,*,#4349,.F.);
#4437=ORIENTED_EDGE('',*,*,#4354,.F.);
#4438=EDGE_LOOP('',(#4434,#4435,#4436,#4437));
#4439=FACE_OUTER_BOUND('',#4438,.T.);
#4440=ADVANCED_FACE('',(#4439),#4433,.F.);
#4441=CARTESIAN_POINT('',(-17.145,-61.14163046,0.));
#4442=DIRECTION('',(1.,0.,0.));
#4443=DIRECTION('',(0.,1.,0.));
#4444=AXIS2_PLACEMENT_3D('',#4441,#4442,#4443);
#4445=PLANE('',#4444);
#4446=ORIENTED_EDGE('',*,*,#4359,.T.);
#4447=ORIENTED_EDGE('',*,*,#4384,.T.);
#4448=ORIENTED_EDGE('',*,*,#4364,.F.);
#4449=ORIENTED_EDGE('',*,*,#4369,.F.);
#4450=EDGE_LOOP('',(#4446,#4447,#4448,#4449));
#4451=FACE_OUTER_BOUND('',#4450,.T.);
#4452=ADVANCED_FACE('',(#4451),#4445,.T.);
#4453=CARTESIAN_POINT('',(-17.145,-3.81,0.));
#4454=DIRECTION('',(0.,-1.,0.));
#4455=DIRECTION('',(1.,0.,0.));
#4456=AXIS2_PLACEMENT_3D('',#4453,#4454,#4455);
#4457=PLANE('',#4456);
#4458=ORIENTED_EDGE('',*,*,#4374,.T.);
#4459=ORIENTED_EDGE('',*,*,#4401,.T.);
#4460=ORIENTED_EDGE('',*,*,#4379,.F.);
#4461=ORIENTED_EDGE('',*,*,#4384,.F.);
#4462=EDGE_LOOP('',(#4458,#4459,#4460,#4461));
#4463=FACE_OUTER_BOUND('',#4462,.T.);
#4464=ADVANCED_FACE('',(#4463),#4457,.T.);
#4465=CARTESIAN_POINT('',(0.,0.,0.));
#4466=DIRECTION('',(0.,0.,1.));
#4467=DIRECTION('',(1.,0.,0.));
#4468=AXIS2_PLACEMENT_3D('',#4465,#4466,#4467);
#4469=CYLINDRICAL_SURFACE('',#4468,13.97);
#4470=ORIENTED_EDGE('',*,*,#4390,.T.);
#4471=ORIENTED_EDGE('',*,*,#4416,.T.);
#4472=ORIENTED_EDGE('',*,*,#4396,.F.);
#4473=ORIENTED_EDGE('',*,*,#4401,.F.);
#4474=EDGE_LOOP('',(#4470,#4471,#4472,#4473));
#4475=FACE_OUTER_BOUND('',#4474,.T.);
#4476=ADVANCED_FACE('',(#4475),#4469,.T.);
#4477=CARTESIAN_POINT('',(13.44041666,-3.81,0.));
#4478=DIRECTION('',(0.,-1.,0.));
#4479=DIRECTION('',(1.,0.,0.));
#4480=AXIS2_PLACEMENT_3D('',#4477,#4478,#4479);
#4481=PLANE('',#4480);
#4482=ORIENTED_EDGE('',*,*,#4406,.T.);
#4483=ORIENTED_EDGE('',*,*,#4337,.T.);
#4484=ORIENTED_EDGE('',*,*,#4411,.F.);
#4485=ORIENTED_EDGE('',*,*,#4416,.F.);
#4486=EDGE_LOOP('',(#4482,#4483,#4484,#4485));
#4487=FACE_OUTER_BOUND('',#4486,.T.);
#4488=ADVANCED_FACE('',(#4487),#4481,.T.);
#4489=CARTESIAN_POINT('',(0.,0.,5.08));
#4490=DIRECTION('',(0.,0.,1.));
#4491=DIRECTION('',(1.,0.,0.));
#4492=AXIS2_PLACEMENT_3D('',#4489,#4490,#4491);
#4493=PLANE('',#4492);
#4494=ORIENTED_EDGE('',*,*,#3868,.T.);
#4495=ORIENTED_EDGE('',*,*,#3885,.T.);
#4496=EDGE_LOOP('',(#4494,#4495));
#4497=FACE_OUTER_BOUND('',#4496,.T.);
#4498=ORIENTED_EDGE('',*,*,#3934,.T.);
#4499=ORIENTED_EDGE('',*,*,#3951,.T.);
#4500=EDGE_LOOP('',(#4498,#4499));
#4501=FACE_BOUND('',#4500,.T.);
#4502=ORIENTED_EDGE('',*,*,#3998,.T.);
#4503=ORIENTED_EDGE('',*,*,#4015,.T.);
#4504=EDGE_LOOP('',(#4502,#4503));
#4505=FACE_BOUND('',#4504,.T.);
#4506=ORIENTED_EDGE('',*,*,#4078,.T.);
#4507=ORIENTED_EDGE('',*,*,#4095,.T.);
#4508=ORIENTED_EDGE('',*,*,#4110,.T.);
#4509=ORIENTED_EDGE('',*,*,#4125,.T.);
#4510=ORIENTED_EDGE('',*,*,#4142,.T.);
#4511=ORIENTED_EDGE('',*,*,#4157,.T.);
#4512=EDGE_LOOP('',(#4506,#4507,#4508,#4509,#4510,#4511));
#4513=FACE_BOUND('',#4512,.T.);
#4514=ORIENTED_EDGE('',*,*,#4252,.T.);
#4515=ORIENTED_EDGE('',*,*,#4269,.T.);
#4516=EDGE_LOOP('',(#4514,#4515));
#4517=FACE_BOUND('',#4516,.T.);
#4518=ORIENTED_EDGE('',*,*,#4332,.T.);
#4519=ORIENTED_EDGE('',*,*,#4349,.T.);
#4520=ORIENTED_EDGE('',*,*,#4364,.T.);
#4521=ORIENTED_EDGE('',*,*,#4379,.T.);
#4522=ORIENTED_EDGE('',*,*,#4396,.T.);
#4523=ORIENTED_EDGE('',*,*,#4411,.T.);
#4524=EDGE_LOOP('',(#4518,#4519,#4520,#4521,#4522,#4523));
#4525=FACE_BOUND('',#4524,.T.);
#4526=ADVANCED_FACE('',(#4497,#4501,#4505,#4513,#4517,#4525),#4493,.T.);
#4527=CARTESIAN_POINT('',(0.,0.,0.));
#4528=DIRECTION('',(0.,0.,-1.));
#4529=DIRECTION('',(1.,0.,0.));
#4530=AXIS2_PLACEMENT_3D('',#4527,#4528,#4529);
#4531=PLANE('',#4530);
#4532=ORIENTED_EDGE('',*,*,#3879,.F.);
#4533=ORIENTED_EDGE('',*,*,#3862,.F.);
#4534=EDGE_LOOP('',(#4532,#4533));
#4535=FACE_OUTER_BOUND('',#4534,.T.);
#4536=ORIENTED_EDGE('',*,*,#3945,.F.);
#4537=ORIENTED_EDGE('',*,*,#3928,.F.);
#4538=EDGE_LOOP('',(#4536,#4537));
#4539=FACE_BOUND('',#4538,.T.);
#4540=ORIENTED_EDGE('',*,*,#4009,.F.);
#4541=ORIENTED_EDGE('',*,*,#3993,.F.);
#4542=EDGE_LOOP('',(#4540,#4541));
#4543=FACE_BOUND('',#4542,.T.);
#4544=ORIENTED_EDGE('',*,*,#4152,.F.);
#4545=ORIENTED_EDGE('',*,*,#4136,.F.);
#4546=ORIENTED_EDGE('',*,*,#4120,.F.);
#4547=ORIENTED_EDGE('',*,*,#4105,.F.);
#4548=ORIENTED_EDGE('',*,*,#4089,.F.);
#4549=ORIENTED_EDGE('',*,*,#4073,.F.);
#4550=EDGE_LOOP('',(#4544,#4545,#4546,#4547,#4548,#4549));
#4551=FACE_BOUND('',#4550,.T.);
#4552=ORIENTED_EDGE('',*,*,#4263,.F.);
#4553=ORIENTED_EDGE('',*,*,#4247,.F.);
#4554=EDGE_LOOP('',(#4552,#4553));
#4555=FACE_BOUND('',#4554,.T.);
#4556=ORIENTED_EDGE('',*,*,#4406,.F.);
#4557=ORIENTED_EDGE('',*,*,#4390,.F.);
#4558=ORIENTED_EDGE('',*,*,#4374,.F.);
#4559=ORIENTED_EDGE('',*,*,#4359,.F.);
#4560=ORIENTED_EDGE('',*,*,#4343,.F.);
#4561=ORIENTED_EDGE('',*,*,#4327,.F.);
#4562=EDGE_LOOP('',(#4556,#4557,#4558,#4559,#4560,#4561));
#4563=FACE_BOUND('',#4562,.T.);
#4564=ADVANCED_FACE('',(#4535,#4539,#4543,#4551,#4555,#4563),#4531,.T.);
#4565=CLOSED_SHELL('',(#3902,#3914,#3968,#3980,#4032,#4044,#4174,#4186,#4198,#4210,#4222,#4234,#4286,#4298,#4428,#4440,#4452,#4464,#4476,#4488,#4526,#4564));
#4566=MANIFOLD_SOLID_BREP('servo_bulkhead',#4565);
#4567=ADVANCED_BREP_SHAPE_REPRESENTATION('servo_bulkhead',(#3848,#4566),#9);
#4568=SHAPE_DEFINITION_REPRESENTATION(#3844,#4567);
#4569=PRODUCT('servo_bracket','servo_bracket','',(#3));
#4570=PRODUCT_RELATED_PRODUCT_CATEGORY('part',$,(#4569));
#4571=PRODUCT_DEFINITION_FORMATION('','',#4569);
#4572=PRODUCT_DEFINITION('design','',#4571,#4);
#4573=PRODUCT_DEFINITION_SHAPE('','',#4572);
#4574=CARTESIAN_POINT('',(0.,0.,0.));
#4575=DIRECTION('',(0.,0.,1.));
#4576=DIRECTION('',(1.,0.,0.));
#4577=AXIS2_PLACEMENT_3D('',#4574,#4575,#4576);
#4578=CARTESIAN_POINT('',(-5.08,-19.05,0.));
#4579=VERTEX_POINT('',#4578);
#4580=CARTESIAN_POINT('',(5.08,-19.05,0.));
#4581=VERTEX_POINT('',#4580);
#4582=CARTESIAN_POINT('',(5.08,19.05,0.));
#4583=VERTEX_POINT('',#4582);
#4584=CARTESIAN_POINT('',(-5.08,19.05,0.));
#4585=VERTEX_POINT('',#4584);
#4586=CARTESIAN_POINT('',(-5.08,-19.05,3.048));
#4587=VERTEX_POINT('',#4586);
#4588=CARTESIAN_POINT('',(5.08,-19.05,3.048));
#4589=VERTEX_POINT('',#4588);
#4590=CARTESIAN_POINT('',(5.08,19.05,3.048));
#4591=VERTEX_POINT('',#4590);
#4592=CARTESIAN_POINT('',(-5.08,19.05,3.048));
#4593=VERTEX_POINT('',#4592);
#4594=DIRECTION('',(1.,0.,0.));
#4595=VECTOR('',#4594,10.16);
#4596=CARTESIAN_POINT('',(-5.08,-19.05,0.));
#4597=LINE('',#4596,#4595);
#4598=EDGE_CURVE('',#4579,#4581,#4597,.T.);
#4599=DIRECTION('',(1.,0.,0.));
#4600=VECTOR('',#4599,10.16);
#4601=CARTESIAN_POINT('',(-5.08,-19.05,3.048));
#4602=LINE('',#4601,#4600);
#4603=EDGE_CURVE('',#4587,#4589,#4602,.T.);
#4604=DIRECTION('',(0.,0.,1.));
#4605=VECTOR('',#4604,3.048);
#4606=CARTESIAN_POINT('',(-5.08,-19.05,0.));
#4607=LINE('',#4606,#4605);
#4608=EDGE_CURVE('',#4579,#4587,#4607,.T.);
#4609=DIRECTION('',(0.,1.,0.));
#4610=VECTOR('',#4609,38.1);
#4611=CARTESIAN_POINT('',(5.08,-19.05,0.));
#4612=LINE('',#4611,#4610);
#4613=EDGE_CURVE('',#4581,#4583,#4612,.T.);
#4614=DIRECTION('',(0.,1.,0.));
#4615=VECTOR('',#4614,38.1);
#4616=CARTESIAN_POINT('',(5.08,-19.05,3.048));
#4617=LINE('',#4616,#4615);
#4618=EDGE_CURVE('',#4589,#4591,#4617,.T.);
#4619=DIRECTION('',(0.,0.,1.));
#4620=VECTOR('',#4619,3.048);
#4621=CARTESIAN_POINT('',(5.08,-19.05,0.));
#4622=LINE('',#4621,#4620);
#4623=EDGE_CURVE('',#4581,#4589,#4622,.T.);
#4624=DIRECTION('',(-1.,0.,0.));
#4625=VECTOR('',#4624,10.16);
#4626=CARTESIAN_POINT('',(5.08,19.05,0.));
#4627=LINE('',#4626,#4625);
#4628=EDGE_CURVE('',#4583,#4585,#4627,.T.);
#4629=DIRECTION('',(-1.,0.,0.));
#4630=VECTOR('',#4629,10.16);
#4631=CARTESIAN_POINT('',(5.08,19.05,3.048));
#4632=LINE('',#4631,#4630);
#4633=EDGE_CURVE('',#4591,#4593,#4632,.T.);
#4634=DIRECTION('',(0.,0.,1.));
#4635=VECTOR('',#4634,3.048);
#4636=CARTESIAN_POINT('',(5.08,19.05,0.));
#4637=LINE('',#4636,#4635);
#4638=EDGE_CURVE('',#4583,#4591,#4637,.T.);
#4639=DIRECTION('',(0.,-1.,0.));
#4640=VECTOR('',#4639,38.1);
#4641=CARTESIAN_POINT('',(-5.08,19.05,0.));
#4642=LINE('',#4641,#4640);
#4643=EDGE_CURVE('',#4585,#4579,#4642,.T.);
#4644=DIRECTION('',(0.,-1.,0.));
#4645=VECTOR('',#4644,38.1);
#4646=CARTESIAN_POINT('',(-5.08,19.05,3.048));
#4647=LINE('',#4646,#4645);
#4648=EDGE_CURVE('',#4593,#4587,#4647,.T.);
#4649=DIRECTION('',(0.,0.,1.));
#4650=VECTOR('',#4649,3.048);
#4651=CARTESIAN_POINT('',(-5.08,19.05,0.));
#4652=LINE('',#4651,#4650);
#4653=EDGE_CURVE('',#4585,#4593,#4652,.T.);
#4654=CARTESIAN_POINT('',(-5.08,-19.05,0.));
#4655=DIRECTION('',(0.,-1.,0.));
#4656=DIRECTION('',(1.,0.,0.));
#4657=AXIS2_PLACEMENT_3D('',#4654,#4655,#4656);
#4658=PLANE('',#4657);
#4659=ORIENTED_EDGE('',*,*,#4598,.T.);
#4660=ORIENTED_EDGE('',*,*,#4623,.T.);
#4661=ORIENTED_EDGE('',*,*,#4603,.F.);
#4662=ORIENTED_EDGE('',*,*,#4608,.F.);
#4663=EDGE_LOOP('',(#4659,#4660,#4661,#4662));
#4664=FACE_OUTER_BOUND('',#4663,.T.);
#4665=ADVANCED_FACE('',(#4664),#4658,.T.);
#4666=CARTESIAN_POINT('',(5.08,-19.05,0.));
#4667=DIRECTION('',(1.,0.,0.));
#4668=DIRECTION('',(0.,1.,0.));
#4669=AXIS2_PLACEMENT_3D('',#4666,#4667,#4668);
#4670=PLANE('',#4669);
#4671=ORIENTED_EDGE('',*,*,#4613,.T.);
#4672=ORIENTED_EDGE('',*,*,#4638,.T.);
#4673=ORIENTED_EDGE('',*,*,#4618,.F.);
#4674=ORIENTED_EDGE('',*,*,#4623,.F.);
#4675=EDGE_LOOP('',(#4671,#4672,#4673,#4674));
#4676=FACE_OUTER_BOUND('',#4675,.T.);
#4677=ADVANCED_FACE('',(#4676),#4670,.T.);
#4678=CARTESIAN_POINT('',(5.08,19.05,0.));
#4679=DIRECTION('',(0.,1.,0.));
#4680=DIRECTION('',(-1.,0.,0.));
#4681=AXIS2_PLACEMENT_3D('',#4678,#4679,#4680);
#4682=PLANE('',#4681);
#4683=ORIENTED_EDGE('',*,*,#4628,.T.);
#4684=ORIENTED_EDGE('',*,*,#4653,.T.);
#4685=ORIENTED_EDGE('',*,*,#4633,.F.);
#4686=ORIENTED_EDGE('',*,*,#4638,.F.);
#4687=EDGE_LOOP('',(#4683,#4684,#4685,#4686));
#4688=FACE_OUTER_BOUND('',#4687,.T.);
#4689=ADVANCED_FACE('',(#4688),#4682,.T.);
#4690=CARTESIAN_POINT('',(-5.08,19.05,0.));
#4691=DIRECTION('',(-1.,0.,0.));
#4692=DIRECTION('',(0.,-1.,0.));
#4693=AXIS2_PLACEMENT_3D('',#4690,#4691,#4692);
#4694=PLANE('',#4693);
#4695=ORIENTED_EDGE('',*,*,#4643,.T.);
#4696=ORIENTED_EDGE('',*,*,#4608,.T.);
#4697=ORIENTED_EDGE('',*,*,#4648,.F.);
#4698=ORIENTED_EDGE('',*,*,#4653,.F.);
#4699=EDGE_LOOP('',(#4695,#4696,#4697,#4698));
#4700=FACE_OUTER_BOUND('',#4699,.T.);
#4701=ADVANCED_FACE('',(#4700),#4694,.T.);
#4702=CARTESIAN_POINT('',(3.048,-12.7,3.048));
#4703=VERTEX_POINT('',#4702);
#4704=CARTESIAN_POINT('',(-3.048,-12.7,3.048));
#4705=VERTEX_POINT('',#4704);
#4706=CARTESIAN_POINT('',(3.048,-12.7,29.21));
#4707=VERTEX_POINT('',#4706);
#4708=CARTESIAN_POINT('',(-3.048,-12.7,29.21));
#4709=VERTEX_POINT('',#4708);
#4710=CARTESIAN_POINT('',(0.,-12.7,3.048));
#4711=DIRECTION('',(0.,0.,1.));
#4712=DIRECTION('',(1.,0.,0.));
#4713=AXIS2_PLACEMENT_3D('',#4710,#4711,#4712);
#4714=CIRCLE('',#4713,3.048);
#4715=EDGE_CURVE('',#4703,#4705,#4714,.T.);
#4716=CARTESIAN_POINT('',(0.,-12.7,29.21));
#4717=DIRECTION('',(0.,0.,1.));
#4718=DIRECTION('',(1.,0.,0.));
#4719=AXIS2_PLACEMENT_3D('',#4716,#4717,#4718);
#4720=CIRCLE('',#4719,3.048);
#4721=EDGE_CURVE('',#4707,#4709,#4720,.T.);
#4722=DIRECTION('',(0.,0.,1.));
#4723=VECTOR('',#4722,26.162);
#4724=CARTESIAN_POINT('',(3.048,-12.7,3.048));
#4725=LINE('',#4724,#4723);
#4726=EDGE_CURVE('',#4703,#4707,#4725,.T.);
#4727=CARTESIAN_POINT('',(0.,-12.7,3.048));
#4728=DIRECTION('',(0.,0.,1.));
#4729=DIRECTION('',(1.,0.,0.));
#4730=AXIS2_PLACEMENT_3D('',#4727,#4728,#4729);
#4731=CIRCLE('',#4730,3.048);
#4732=EDGE_CURVE('',#4705,#4703,#4731,.T.);
#4733=CARTESIAN_POINT('',(0.,-12.7,29.21));
#4734=DIRECTION('',(0.,0.,1.));
#4735=DIRECTION('',(1.,0.,0.));
#4736=AXIS2_PLACEMENT_3D('',#4733,#4734,#4735);
#4737=CIRCLE('',#4736,3.048);
#4738=EDGE_CURVE('',#4709,#4707,#4737,.T.);
#4739=DIRECTION('',(0.,0.,1.));
#4740=VECTOR('',#4739,26.162);
#4741=CARTESIAN_POINT('',(-3.048,-12.7,3.048));
#4742=LINE('',#4741,#4740);
#4743=EDGE_CURVE('',#4705,#4709,#4742,.T.);
#4744=CARTESIAN_POINT('',(0.,-12.7,3.048));
#4745=DIRECTION('',(0.,0.,1.));
#4746=DIRECTION('',(1.,0.,0.));
#4747=AXIS2_PLACEMENT_3D('',#4744,#4745,#4746);
#4748=CYLINDRICAL_SURFACE('',#4747,3.048);
#4749=ORIENTED_EDGE('',*,*,#4715,.T.);
#4750=ORIENTED_EDGE('',*,*,#4743,.T.);
#4751=ORIENTED_EDGE('',*,*,#4721,.F.);
#4752=ORIENTED_EDGE('',*,*,#4726,.F.);
#4753=EDGE_LOOP('',(#4749,#4750,#4751,#4752));
#4754=FACE_OUTER_BOUND('',#4753,.T.);
#4755=ADVANCED_FACE('',(#4754),#4748,.T.);
#4756=CARTESIAN_POINT('',(0.,-12.7,3.048));
#4757=DIRECTION('',(0.,0.,1.));
#4758=DIRECTION('',(1.,0.,0.));
#4759=AXIS2_PLACEMENT_3D('',#4756,#4757,#4758);
#4760=CYLINDRICAL_SURFACE('',#4759,3.048);
#4761=ORIENTED_EDGE('',*,*,#4732,.T.);
#4762=ORIENTED_EDGE('',*,*,#4726,.T.);
#4763=ORIENTED_EDGE('',*,*,#4738,.F.);
#4764=ORIENTED_EDGE('',*,*,#4743,.F.);
#4765=EDGE_LOOP('',(#4761,#4762,#4763,#4764));
#4766=FACE_OUTER_BOUND('',#4765,.T.);
#4767=ADVANCED_FACE('',(#4766),#4760,.T.);
#4768=CARTESIAN_POINT('',(3.048,12.7,3.048));
#4769=VERTEX_POINT('',#4768);
#4770=CARTESIAN_POINT('',(-3.048,12.7,3.048));
#4771=VERTEX_POINT('',#4770);
#4772=CARTESIAN_POINT('',(3.048,12.7,29.21));
#4773=VERTEX_POINT('',#4772);
#4774=CARTESIAN_POINT('',(-3.048,12.7,29.21));
#4775=VERTEX_POINT('',#4774);
#4776=CARTESIAN_POINT('',(0.,12.7,3.048));
#4777=DIRECTION('',(0.,0.,1.));
#4778=DIRECTION('',(1.,0.,0.));
#4779=AXIS2_PLACEMENT_3D('',#4776,#4777,#4778);
#4780=CIRCLE('',#4779,3.048);
#4781=EDGE_CURVE('',#4769,#4771,#4780,.T.);
#4782=CARTESIAN_POINT('',(0.,12.7,29.21));
#4783=DIRECTION('',(0.,0.,1.));
#4784=DIRECTION('',(1.,0.,0.));
#4785=AXIS2_PLACEMENT_3D('',#4782,#4783,#4784);
#4786=CIRCLE('',#4785,3.048);
#4787=EDGE_CURVE('',#4773,#4775,#4786,.T.);
#4788=DIRECTION('',(0.,0.,1.));
#4789=VECTOR('',#4788,26.162);
#4790=CARTESIAN_POINT('',(3.048,12.7,3.048));
#4791=LINE('',#4790,#4789);
#4792=EDGE_CURVE('',#4769,#4773,#4791,.T.);
#4793=CARTESIAN_POINT('',(0.,12.7,3.048));
#4794=DIRECTION('',(0.,0.,1.));
#4795=DIRECTION('',(1.,0.,0.));
#4796=AXIS2_PLACEMENT_3D('',#4793,#4794,#4795);
#4797=CIRCLE('',#4796,3.048);
#4798=EDGE_CURVE('',#4771,#4769,#4797,.T.);
#4799=CARTESIAN_POINT('',(0.,12.7,29.21));
#4800=DIRECTION('',(0.,0.,1.));
#4801=DIRECTION('',(1.,0.,0.));
#4802=AXIS2_PLACEMENT_3D('',#4799,#4800,#4801);
#4803=CIRCLE('',#4802,3.048);
#4804=EDGE_CURVE('',#4775,#4773,#4803,.T.);
#4805=DIRECTION('',(0.,0.,1.));
#4806=VECTOR('',#4805,26.162);
#4807=CARTESIAN_POINT('',(-3.048,12.7,3.048));
#4808=LINE('',#4807,#4806);
#4809=EDGE_CURVE('',#4771,#4775,#4808,.T.);
#4810=CARTESIAN_POINT('',(0.,12.7,3.048));
#4811=DIRECTION('',(0.,0.,1.));
#4812=DIRECTION('',(1.,0.,0.));
#4813=AXIS2_PLACEMENT_3D('',#4810,#4811,#4812);
#4814=CYLINDRICAL_SURFACE('',#4813,3.048);
#4815=ORIENTED_EDGE('',*,*,#4781,.T.);
#4816=ORIENTED_EDGE('',*,*,#4809,.T.);
#4817=ORIENTED_EDGE('',*,*,#4787,.F.);
#4818=ORIENTED_EDGE('',*,*,#4792,.F.);
#4819=EDGE_LOOP('',(#4815,#4816,#4817,#4818));
#4820=FACE_OUTER_BOUND('',#4819,.T.);
#4821=ADVANCED_FACE('',(#4820),#4814,.T.);
#4822=CARTESIAN_POINT('',(0.,12.7,3.048));
#4823=DIRECTION('',(0.,0.,1.));
#4824=DIRECTION('',(1.,0.,0.));
#4825=AXIS2_PLACEMENT_3D('',#4822,#4823,#4824);
#4826=CYLINDRICAL_SURFACE('',#4825,3.048);
#4827=ORIENTED_EDGE('',*,*,#4798,.T.);
#4828=ORIENTED_EDGE('',*,*,#4792,.T.);
#4829=ORIENTED_EDGE('',*,*,#4804,.F.);
#4830=ORIENTED_EDGE('',*,*,#4809,.F.);
#4831=EDGE_LOOP('',(#4827,#4828,#4829,#4830));
#4832=FACE_OUTER_BOUND('',#4831,.T.);
#4833=ADVANCED_FACE('',(#4832),#4826,.T.);
#4834=CARTESIAN_POINT('',(0.,0.,3.048));
#4835=DIRECTION('',(0.,0.,1.));
#4836=DIRECTION('',(1.,0.,0.));
#4837=AXIS2_PLACEMENT_3D('',#4834,#4835,#4836);
#4838=PLANE('',#4837);
#4839=ORIENTED_EDGE('',*,*,#4603,.T.);
#4840=ORIENTED_EDGE('',*,*,#4618,.T.);
#4841=ORIENTED_EDGE('',*,*,#4633,.T.);
#4842=ORIENTED_EDGE('',*,*,#4648,.T.);
#4843=EDGE_LOOP('',(#4839,#4840,#4841,#4842));
#4844=FACE_OUTER_BOUND('',#4843,.T.);
#4845=ORIENTED_EDGE('',*,*,#4732,.F.);
#4846=ORIENTED_EDGE('',*,*,#4715,.F.);
#4847=EDGE_LOOP('',(#4845,#4846));
#4848=FACE_BOUND('',#4847,.T.);
#4849=ORIENTED_EDGE('',*,*,#4798,.F.);
#4850=ORIENTED_EDGE('',*,*,#4781,.F.);
#4851=EDGE_LOOP('',(#4849,#4850));
#4852=FACE_BOUND('',#4851,.T.);
#4853=ADVANCED_FACE('',(#4844,#4848,#4852),#4838,.T.);
#4854=CARTESIAN_POINT('',(0.,0.,0.));
#4855=DIRECTION('',(0.,0.,-1.));
#4856=DIRECTION('',(1.,0.,0.));
#4857=AXIS2_PLACEMENT_3D('',#4854,#4855,#4856);
#4858=PLANE('',#4857);
#4859=ORIENTED_EDGE('',*,*,#4643,.F.);
#4860=ORIENTED_EDGE('',*,*,#4628,.F.);
#4861=ORIENTED_EDGE('',*,*,#4613,.F.);
#4862=ORIENTED_EDGE('',*,*,#4598,.F.);
#4863=EDGE_LOOP('',(#4859,#4860,#4861,#4862));
#4864=FACE_OUTER_BOUND('',#4863,.T.);
#4865=ADVANCED_FACE('',(#4864),#4858,.T.);
#4866=CARTESIAN_POINT('',(0.,0.,29.21));
#4867=DIRECTION('',(0.,0.,1.));
#4868=DIRECTION('',(1.,0.,0.));
#4869=AXIS2_PLACEMENT_3D('',#4866,#4867,#4868);
#4870=PLANE('',#4869);
#4871=ORIENTED_EDGE('',*,*,#4721,.T.);
#4872=ORIENTED_EDGE('',*,*,#4738,.T.);
#4873=EDGE_LOOP('',(#4871,#4872));
#4874=FACE_OUTER_BOUND('',#4873,.T.);
#4875=ADVANCED_FACE('',(#4874),#4870,.T.);
#4876=CARTESIAN_POINT('',(0.,0.,29.21));
#4877=DIRECTION('',(0.,0.,1.));
#4878=DIRECTION('',(1.,0.,0.));
#4879=AXIS2_PLACEMENT_3D('',#4876,#4877,#4878);
#4880=PLANE('',#4879);
#4881=ORIENTED_EDGE('',*,*,#4787,.T.);
#4882=ORIENTED_EDGE('',*,*,#4804,.T.);
#4883=EDGE_LOOP('',(#4881,#4882));
#4884=FACE_OUTER_BOUND('',#4883,.T.);
#4885=ADVANCED_FACE('',(#4884),#4880,.T.);
#4886=CLOSED_SHELL('',(#4665,#4677,#4689,#4701,#4755,#4767,#4821,#4833,#4853,#4865,#4875,#4885));
#4887=MANIFOLD_SOLID_BREP('servo_bracket',#4886);
#4888=ADVANCED_BREP_SHAPE_REPRESENTATION('servo_bracket',(#4577,#4887),#9);
#4889=SHAPE_DEFINITION_REPRESENTATION(#4573,#4888);
#4890=PRODUCT('servo','servo','',(#3));
#4891=PRODUCT_RELATED_PRODUCT_CATEGORY('part',$,(#4890));
#4892=PRODUCT_DEFINITION_FORMATION('','',#4890);
#4893=PRODUCT_DEFINITION('design','',#4892,#4);
#4894=PRODUCT_DEFINITION_SHAPE('','',#4893);
#4895=CARTESIAN_POINT('',(0.,0.,0.));
#4896=DIRECTION('',(0.,0.,1.));
#4897=DIRECTION('',(1.,0.,0.));
#4898=AXIS2_PLACEMENT_3D('',#4895,#4896,#4897);
#4899=CARTESIAN_POINT('',(-16.51,-19.05,0.));
#4900=VERTEX_POINT('',#4899);
#4901=CARTESIAN_POINT('',(49.53,-19.05,0.));
#4902=VERTEX_POINT('',#4901);
#4903=CARTESIAN_POINT('',(49.53,19.05,0.));
#4904=VERTEX_POINT('',#4903);
#4905=CARTESIAN_POINT('',(-16.51,19.05,0.));
#4906=VERTEX_POINT('',#4905);
#4907=CARTESIAN_POINT('',(-16.51,-19.05,13.97));
#4908=VERTEX_POINT('',#4907);
#4909=CARTESIAN_POINT('',(49.53,-19.05,13.97));
#4910=VERTEX_POINT('',#4909);
#4911=CARTESIAN_POINT('',(49.53,19.05,13.97));
#4912=VERTEX_POINT('',#4911);
#4913=CARTESIAN_POINT('',(-16.51,19.05,13.97));
#4914=VERTEX_POINT('',#4913);
#4915=DIRECTION('',(1.,0.,0.));
#4916=VECTOR('',#4915,66.04);
#4917=CARTESIAN_POINT('',(-16.51,-19.05,0.));
#4918=LINE('',#4917,#4916);
#4919=EDGE_CURVE('',#4900,#4902,#4918,.T.);
#4920=DIRECTION('',(1.,0.,0.));
#4921=VECTOR('',#4920,66.04);
#4922=CARTESIAN_POINT('',(-16.51,-19.05,13.97));
#4923=LINE('',#4922,#4921);
#4924=EDGE_CURVE('',#4908,#4910,#4923,.T.);
#4925=DIRECTION('',(0.,0.,1.));
#4926=VECTOR('',#4925,13.97);
#4927=CARTESIAN_POINT('',(-16.51,-19.05,0.));
#4928=LINE('',#4927,#4926);
#4929=EDGE_CURVE('',#4900,#4908,#4928,.T.);
#4930=DIRECTION('',(0.,1.,0.));
#4931=VECTOR('',#4930,38.1);
#4932=CARTESIAN_POINT('',(49.53,-19.05,0.));
#4933=LINE('',#4932,#4931);
#4934=EDGE_CURVE('',#4902,#4904,#4933,.T.);
#4935=DIRECTION('',(0.,1.,0.));
#4936=VECTOR('',#4935,38.1);
#4937=CARTESIAN_POINT('',(49.53,-19.05,13.97));
#4938=LINE('',#4937,#4936);
#4939=EDGE_CURVE('',#4910,#4912,#4938,.T.);
#4940=DIRECTION('',(0.,0.,1.));
#4941=VECTOR('',#4940,13.97);
#4942=CARTESIAN_POINT('',(49.53,-19.05,0.));
#4943=LINE('',#4942,#4941);
#4944=EDGE_CURVE('',#4902,#4910,#4943,.T.);
#4945=DIRECTION('',(-1.,0.,0.));
#4946=VECTOR('',#4945,66.04);
#4947=CARTESIAN_POINT('',(49.53,19.05,0.));
#4948=LINE('',#4947,#4946);
#4949=EDGE_CURVE('',#4904,#4906,#4948,.T.);
#4950=DIRECTION('',(-1.,0.,0.));
#4951=VECTOR('',#4950,66.04);
#4952=CARTESIAN_POINT('',(49.53,19.05,13.97));
#4953=LINE('',#4952,#4951);
#4954=EDGE_CURVE('',#4912,#4914,#4953,.T.);
#4955=DIRECTION('',(0.,0.,1.));
#4956=VECTOR('',#4955,13.97);
#4957=CARTESIAN_POINT('',(49.53,19.05,0.));
#4958=LINE('',#4957,#4956);
#4959=EDGE_CURVE('',#4904,#4912,#4958,.T.);
#4960=DIRECTION('',(0.,-1.,0.));
#4961=VECTOR('',#4960,38.1);
#4962=CARTESIAN_POINT('',(-16.51,19.05,0.));
#4963=LINE('',#4962,#4961);
#4964=EDGE_CURVE('',#4906,#4900,#4963,.T.);
#4965=DIRECTION('',(0.,-1.,0.));
#4966=VECTOR('',#4965,38.1);
#4967=CARTESIAN_POINT('',(-16.51,19.05,13.97));
#4968=LINE('',#4967,#4966);
#4969=EDGE_CURVE('',#4914,#4908,#4968,.T.);
#4970=DIRECTION('',(0.,0.,1.));
#4971=VECTOR('',#4970,13.97);
#4972=CARTESIAN_POINT('',(-16.51,19.05,0.));
#4973=LINE('',#4972,#4971);
#4974=EDGE_CURVE('',#4906,#4914,#4973,.T.);
#4975=CARTESIAN_POINT('',(-16.51,-19.05,0.));
#4976=DIRECTION('',(0.,-1.,0.));
#4977=DIRECTION('',(1.,0.,0.));
#4978=AXIS2_PLACEMENT_3D('',#4975,#4976,#4977);
#4979=PLANE('',#4978);
#4980=ORIENTED_EDGE('',*,*,#4919,.T.);
#4981=ORIENTED_EDGE('',*,*,#4944,.T.);
#4982=ORIENTED_EDGE('',*,*,#4924,.F.);
#4983=ORIENTED_EDGE('',*,*,#4929,.F.);
#4984=EDGE_LOOP('',(#4980,#4981,#4982,#4983));
#4985=FACE_OUTER_BOUND('',#4984,.T.);
#4986=ADVANCED_FACE('',(#4985),#4979,.T.);
#4987=CARTESIAN_POINT('',(49.53,-19.05,0.));
#4988=DIRECTION('',(1.,0.,0.));
#4989=DIRECTION('',(0.,1.,0.));
#4990=AXIS2_PLACEMENT_3D('',#4987,#4988,#4989);
#4991=PLANE('',#4990);
#4992=ORIENTED_EDGE('',*,*,#4934,.T.);
#4993=ORIENTED_EDGE('',*,*,#4959,.T.);
#4994=ORIENTED_EDGE('',*,*,#4939,.F.);
#4995=ORIENTED_EDGE('',*,*,#4944,.F.);
#4996=EDGE_LOOP('',(#4992,#4993,#4994,#4995));
#4997=FACE_OUTER_BOUND('',#4996,.T.);
#4998=ADVANCED_FACE('',(#4997),#4991,.T.);
#4999=CARTESIAN_POINT('',(49.53,19.05,0.));
#5000=DIRECTION('',(0.,1.,0.));
#5001=DIRECTION('',(-1.,0.,0.));
#5002=AXIS2_PLACEMENT_3D('',#4999,#5000,#5001);
#5003=PLANE('',#5002);
#5004=ORIENTED_EDGE('',*,*,#4949,.T.);
#5005=ORIENTED_EDGE('',*,*,#4974,.T.);
#5006=ORIENTED_EDGE('',*,*,#4954,.F.);
#5007=ORIENTED_EDGE('',*,*,#4959,.F.);
#5008=EDGE_LOOP('',(#5004,#5005,#5006,#5007));
#5009=FACE_OUTER_BOUND('',#5008,.T.);
#5010=ADVANCED_FACE('',(#5009),#5003,.T.);
#5011=CARTESIAN_POINT('',(-16.51,19.05,0.));
#5012=DIRECTION('',(-1.,0.,0.));
#5013=DIRECTION('',(0.,-1.,0.));
#5014=AXIS2_PLACEMENT_3D('',#5011,#5012,#5013);
#5015=PLANE('',#5014);
#5016=ORIENTED_EDGE('',*,*,#4964,.T.);
#5017=ORIENTED_EDGE('',*,*,#4929,.T.);
#5018=ORIENTED_EDGE('',*,*,#4969,.F.);
#5019=ORIENTED_EDGE('',*,*,#4974,.F.);
#5020=EDGE_LOOP('',(#5016,#5017,#5018,#5019));
#5021=FACE_OUTER_BOUND('',#5020,.T.);
#5022=ADVANCED_FACE('',(#5021),#5015,.T.);
#5023=CARTESIAN_POINT('',(-25.4,-19.558,13.97));
#5024=VERTEX_POINT('',#5023);
#5025=CARTESIAN_POINT('',(58.42,-19.558,13.97));
#5026=VERTEX_POINT('',#5025);
#5027=CARTESIAN_POINT('',(58.42,19.558,13.97));
#5028=VERTEX_POINT('',#5027);
#5029=CARTESIAN_POINT('',(-25.4,19.558,13.97));
#5030=VERTEX_POINT('',#5029);
#5031=CARTESIAN_POINT('',(-25.4,-19.558,17.018));
#5032=VERTEX_POINT('',#5031);
#5033=CARTESIAN_POINT('',(58.42,-19.558,17.018));
#5034=VERTEX_POINT('',#5033);
#5035=CARTESIAN_POINT('',(58.42,19.558,17.018));
#5036=VERTEX_POINT('',#5035);
#5037=CARTESIAN_POINT('',(-25.4,19.558,17.018));
#5038=VERTEX_POINT('',#5037);
#5039=DIRECTION('',(1.,0.,0.));
#5040=VECTOR('',#5039,83.82);
#5041=CARTESIAN_POINT('',(-25.4,-19.558,13.97));
#5042=LINE('',#5041,#5040);
#5043=EDGE_CURVE('',#5024,#5026,#5042,.T.);
#5044=DIRECTION('',(1.,0.,0.));
#5045=VECTOR('',#5044,83.82);
#5046=CARTESIAN_POINT('',(-25.4,-19.558,17.018));
#5047=LINE('',#5046,#5045);
#5048=EDGE_CURVE('',#5032,#5034,#5047,.T.);
#5049=DIRECTION('',(0.,0.,1.));
#5050=VECTOR('',#5049,3.048);
#5051=CARTESIAN_POINT('',(-25.4,-19.558,13.97));
#5052=LINE('',#5051,#5050);
#5053=EDGE_CURVE('',#5024,#5032,#5052,.T.);
#5054=DIRECTION('',(0.,1.,0.));
#5055=VECTOR('',#5054,39.116);
#5056=CARTESIAN_POINT('',(58.42,-19.558,13.97));
#5057=LINE('',#5056,#5055);
#5058=EDGE_CURVE('',#5026,#5028,#5057,.T.);
#5059=DIRECTION('',(0.,1.,0.));
#5060=VECTOR('',#5059,39.116);
#5061=CARTESIAN_POINT('',(58.42,-19.558,17.018));
#5062=LINE('',#5061,#5060);
#5063=EDGE_CURVE('',#5034,#5036,#5062,.T.);
#5064=DIRECTION('',(0.,0.,1.));
#5065=VECTOR('',#5064,3.048);
#5066=CARTESIAN_POINT('',(58.42,-19.558,13.97));
#5067=LINE('',#5066,#5065);
#5068=EDGE_CURVE('',#5026,#5034,#5067,.T.);
#5069=DIRECTION('',(-1.,0.,0.));
#5070=VECTOR('',#5069,83.82);
#5071=CARTESIAN_POINT('',(58.42,19.558,13.97));
#5072=LINE('',#5071,#5070);
#5073=EDGE_CURVE('',#5028,#5030,#5072,.T.);
#5074=DIRECTION('',(-1.,0.,0.));
#5075=VECTOR('',#5074,83.82);
#5076=CARTESIAN_POINT('',(58.42,19.558,17.018));
#5077=LINE('',#5076,#5075);
#5078=EDGE_CURVE('',#5036,#5038,#5077,.T.);
#5079=DIRECTION('',(0.,0.,1.));
#5080=VECTOR('',#5079,3.048);
#5081=CARTESIAN_POINT('',(58.42,19.558,13.97));
#5082=LINE('',#5081,#5080);
#5083=EDGE_CURVE('',#5028,#5036,#5082,.T.);
#5084=DIRECTION('',(0.,-1.,0.));
#5085=VECTOR('',#5084,39.116);
#5086=CARTESIAN_POINT('',(-25.4,19.558,13.97));
#5087=LINE('',#5086,#5085);
#5088=EDGE_CURVE('',#5030,#5024,#5087,.T.);
#5089=DIRECTION('',(0.,-1.,0.));
#5090=VECTOR('',#5089,39.116);
#5091=CARTESIAN_POINT('',(-25.4,19.558,17.018));
#5092=LINE('',#5091,#5090);
#5093=EDGE_CURVE('',#5038,#5032,#5092,.T.);
#5094=DIRECTION('',(0.,0.,1.));
#5095=VECTOR('',#5094,3.048);
#5096=CARTESIAN_POINT('',(-25.4,19.558,13.97));
#5097=LINE('',#5096,#5095);
#5098=EDGE_CURVE('',#5030,#5038,#5097,.T.);
#5099=CARTESIAN_POINT('',(-25.4,-19.558,13.97));
#5100=DIRECTION('',(0.,-1.,0.));
#5101=DIRECTION('',(1.,0.,0.));
#5102=AXIS2_PLACEMENT_3D('',#5099,#5100,#5101);
#5103=PLANE('',#5102);
#5104=ORIENTED_EDGE('',*,*,#5043,.T.);
#5105=ORIENTED_EDGE('',*,*,#5068,.T.);
#5106=ORIENTED_EDGE('',*,*,#5048,.F.);
#5107=ORIENTED_EDGE('',*,*,#5053,.F.);
#5108=EDGE_LOOP('',(#5104,#5105,#5106,#5107));
#5109=FACE_OUTER_BOUND('',#5108,.T.);
#5110=ADVANCED_FACE('',(#5109),#5103,.T.);
#5111=CARTESIAN_POINT('',(58.42,-19.558,13.97));
#5112=DIRECTION('',(1.,0.,0.));
#5113=DIRECTION('',(0.,1.,0.));
#5114=AXIS2_PLACEMENT_3D('',#5111,#5112,#5113);
#5115=PLANE('',#5114);
#5116=ORIENTED_EDGE('',*,*,#5058,.T.);
#5117=ORIENTED_EDGE('',*,*,#5083,.T.);
#5118=ORIENTED_EDGE('',*,*,#5063,.F.);
#5119=ORIENTED_EDGE('',*,*,#5068,.F.);
#5120=EDGE_LOOP('',(#5116,#5117,#5118,#5119));
#5121=FACE_OUTER_BOUND('',#5120,.T.);
#5122=ADVANCED_FACE('',(#5121),#5115,.T.);
#5123=CARTESIAN_POINT('',(58.42,19.558,13.97));
#5124=DIRECTION('',(0.,1.,0.));
#5125=DIRECTION('',(-1.,0.,0.));
#5126=AXIS2_PLACEMENT_3D('',#5123,#5124,#5125);
#5127=PLANE('',#5126);
#5128=ORIENTED_EDGE('',*,*,#5073,.T.);
#5129=ORIENTED_EDGE('',*,*,#5098,.T.);
#5130=ORIENTED_EDGE('',*,*,#5078,.F.);
#5131=ORIENTED_EDGE('',*,*,#5083,.F.);
#5132=EDGE_LOOP('',(#5128,#5129,#5130,#5131));
#5133=FACE_OUTER_BOUND('',#5132,.T.);
#5134=ADVANCED_FACE('',(#5133),#5127,.T.);
#5135=CARTESIAN_POINT('',(-25.4,19.558,13.97));
#5136=DIRECTION('',(-1.,0.,0.));
#5137=DIRECTION('',(0.,-1.,0.));
#5138=AXIS2_PLACEMENT_3D('',#5135,#5136,#5137);
#5139=PLANE('',#5138);
#5140=ORIENTED_EDGE('',*,*,#5088,.T.);
#5141=ORIENTED_EDGE('',*,*,#5053,.T.);
#5142=ORIENTED_EDGE('',*,*,#5093,.F.);
#5143=ORIENTED_EDGE('',*,*,#5098,.F.);
#5144=EDGE_LOOP('',(#5140,#5141,#5142,#5143));
#5145=FACE_OUTER_BOUND('',#5144,.T.);
#5146=ADVANCED_FACE('',(#5145),#5139,.T.);
#5147=CARTESIAN_POINT('',(-16.51,-19.05,17.018));
#5148=VERTEX_POINT('',#5147);
#5149=CARTESIAN_POINT('',(49.53,-19.05,17.018));
#5150=VERTEX_POINT('',#5149);
#5151=CARTESIAN_POINT('',(49.53,19.05,17.018));
#5152=VERTEX_POINT('',#5151);
#5153=CARTESIAN_POINT('',(-16.51,19.05,17.018));
#5154=VERTEX_POINT('',#5153);
#5155=CARTESIAN_POINT('',(-16.51,-19.05,21.336));
#5156=VERTEX_POINT('',#5155);
#5157=CARTESIAN_POINT('',(49.53,-19.05,21.336));
#5158=VERTEX_POINT('',#5157);
#5159=CARTESIAN_POINT('',(49.53,19.05,21.336));
#5160=VERTEX_POINT('',#5159);
#5161=CARTESIAN_POINT('',(-16.51,19.05,21.336));
#5162=VERTEX_POINT('',#5161);
#5163=DIRECTION('',(1.,0.,0.));
#5164=VECTOR('',#5163,66.04);
#5165=CARTESIAN_POINT('',(-16.51,-19.05,17.018));
#5166=LINE('',#5165,#5164);
#5167=EDGE_CURVE('',#5148,#5150,#5166,.T.);
#5168=DIRECTION('',(1.,0.,0.));
#5169=VECTOR('',#5168,66.04);
#5170=CARTESIAN_POINT('',(-16.51,-19.05,21.336));
#5171=LINE('',#5170,#5169);
#5172=EDGE_CURVE('',#5156,#5158,#5171,.T.);
#5173=DIRECTION('',(0.,0.,1.));
#5174=VECTOR('',#5173,4.318);
#5175=CARTESIAN_POINT('',(-16.51,-19.05,17.018));
#5176=LINE('',#5175,#5174);
#5177=EDGE_CURVE('',#5148,#5156,#5176,.T.);
#5178=DIRECTION('',(0.,1.,0.));
#5179=VECTOR('',#5178,38.1);
#5180=CARTESIAN_POINT('',(49.53,-19.05,17.018));
#5181=LINE('',#5180,#5179);
#5182=EDGE_CURVE('',#5150,#5152,#5181,.T.);
#5183=DIRECTION('',(0.,1.,0.));
#5184=VECTOR('',#5183,38.1);
#5185=CARTESIAN_POINT('',(49.53,-19.05,21.336));
#5186=LINE('',#5185,#5184);
#5187=EDGE_CURVE('',#5158,#5160,#5186,.T.);
#5188=DIRECTION('',(0.,0.,1.));
#5189=VECTOR('',#5188,4.318);
#5190=CARTESIAN_POINT('',(49.53,-19.05,17.018));
#5191=LINE('',#5190,#5189);
#5192=EDGE_CURVE('',#5150,#5158,#5191,.T.);
#5193=DIRECTION('',(-1.,0.,0.));
#5194=VECTOR('',#5193,66.04);
#5195=CARTESIAN_POINT('',(49.53,19.05,17.018));
#5196=LINE('',#5195,#5194);
#5197=EDGE_CURVE('',#5152,#5154,#5196,.T.);
#5198=DIRECTION('',(-1.,0.,0.));
#5199=VECTOR('',#5198,66.04);
#5200=CARTESIAN_POINT('',(49.53,19.05,21.336));
#5201=LINE('',#5200,#5199);
#5202=EDGE_CURVE('',#5160,#5162,#5201,.T.);
#5203=DIRECTION('',(0.,0.,1.));
#5204=VECTOR('',#5203,4.318);
#5205=CARTESIAN_POINT('',(49.53,19.05,17.018));
#5206=LINE('',#5205,#5204);
#5207=EDGE_CURVE('',#5152,#5160,#5206,.T.);
#5208=DIRECTION('',(0.,-1.,0.));
#5209=VECTOR('',#5208,38.1);
#5210=CARTESIAN_POINT('',(-16.51,19.05,17.018));
#5211=LINE('',#5210,#5209);
#5212=EDGE_CURVE('',#5154,#5148,#5211,.T.);
#5213=DIRECTION('',(0.,-1.,0.));
#5214=VECTOR('',#5213,38.1);
#5215=CARTESIAN_POINT('',(-16.51,19.05,21.336));
#5216=LINE('',#5215,#5214);
#5217=EDGE_CURVE('',#5162,#5156,#5216,.T.);
#5218=DIRECTION('',(0.,0.,1.));
#5219=VECTOR('',#5218,4.318);
#5220=CARTESIAN_POINT('',(-16.51,19.05,17.018));
#5221=LINE('',#5220,#5219);
#5222=EDGE_CURVE('',#5154,#5162,#5221,.T.);
#5223=CARTESIAN_POINT('',(-16.51,-19.05,17.018));
#5224=DIRECTION('',(0.,-1.,0.));
#5225=DIRECTION('',(1.,0.,0.));
#5226=AXIS2_PLACEMENT_3D('',#5223,#5224,#5225);
#5227=PLANE('',#5226);
#5228=ORIENTED_EDGE('',*,*,#5167,.T.);
#5229=ORIENTED_EDGE('',*,*,#5192,.T.);
#5230=ORIENTED_EDGE('',*,*,#5172,.F.);
#5231=ORIENTED_EDGE('',*,*,#5177,.F.);
#5232=EDGE_LOOP('',(#5228,#5229,#5230,#5231));
#5233=FACE_OUTER_BOUND('',#5232,.T.);
#5234=ADVANCED_FACE('',(#5233),#5227,.T.);
#5235=CARTESIAN_POINT('',(49.53,-19.05,17.018));
#5236=DIRECTION('',(1.,0.,0.));
#5237=DIRECTION('',(0.,1.,0.));
#5238=AXIS2_PLACEMENT_3D('',#5235,#5236,#5237);
#5239=PLANE('',#5238);
#5240=ORIENTED_EDGE('',*,*,#5182,.T.);
#5241=ORIENTED_EDGE('',*,*,#5207,.T.);
#5242=ORIENTED_EDGE('',*,*,#5187,.F.);
#5243=ORIENTED_EDGE('',*,*,#5192,.F.);
#5244=EDGE_LOOP('',(#5240,#5241,#5242,#5243));
#5245=FACE_OUTER_BOUND('',#5244,.T.);
#5246=ADVANCED_FACE('',(#5245),#5239,.T.);
#5247=CARTESIAN_POINT('',(49.53,19.05,17.018));
#5248=DIRECTION('',(0.,1.,0.));
#5249=DIRECTION('',(-1.,0.,0.));
#5250=AXIS2_PLACEMENT_3D('',#5247,#5248,#5249);
#5251=PLANE('',#5250);
#5252=ORIENTED_EDGE('',*,*,#5197,.T.);
#5253=ORIENTED_EDGE('',*,*,#5222,.T.);
#5254=ORIENTED_EDGE('',*,*,#5202,.F.);
#5255=ORIENTED_EDGE('',*,*,#5207,.F.);
#5256=EDGE_LOOP('',(#5252,#5253,#5254,#5255));
#5257=FACE_OUTER_BOUND('',#5256,.T.);
#5258=ADVANCED_FACE('',(#5257),#5251,.T.);
#5259=CARTESIAN_POINT('',(-16.51,19.05,17.018));
#5260=DIRECTION('',(-1.,0.,0.));
#5261=DIRECTION('',(0.,-1.,0.));
#5262=AXIS2_PLACEMENT_3D('',#5259,#5260,#5261);
#5263=PLANE('',#5262);
#5264=ORIENTED_EDGE('',*,*,#5212,.T.);
#5265=ORIENTED_EDGE('',*,*,#5177,.T.);
#5266=ORIENTED_EDGE('',*,*,#5217,.F.);
#5267=ORIENTED_EDGE('',*,*,#5222,.F.);
#5268=EDGE_LOOP('',(#5264,#5265,#5266,#5267));
#5269=FACE_OUTER_BOUND('',#5268,.T.);
#5270=ADVANCED_FACE('',(#5269),#5263,.T.);
#5271=CARTESIAN_POINT('',(-18.542,-21.59,21.336));
#5272=VERTEX_POINT('',#5271);
#5273=CARTESIAN_POINT('',(51.562,-21.59,21.336));
#5274=VERTEX_POINT('',#5273);
#5275=CARTESIAN_POINT('',(51.562,21.59,21.336));
#5276=VERTEX_POINT('',#5275);
#5277=CARTESIAN_POINT('',(-18.542,21.59,21.336));
#5278=VERTEX_POINT('',#5277);
#5279=CARTESIAN_POINT('',(-18.542,-21.59,23.368));
#5280=VERTEX_POINT('',#5279);
#5281=CARTESIAN_POINT('',(51.562,-21.59,23.368));
#5282=VERTEX_POINT('',#5281);
#5283=CARTESIAN_POINT('',(51.562,21.59,23.368));
#5284=VERTEX_POINT('',#5283);
#5285=CARTESIAN_POINT('',(-18.542,21.59,23.368));
#5286=VERTEX_POINT('',#5285);
#5287=DIRECTION('',(1.,0.,0.));
#5288=VECTOR('',#5287,70.104);
#5289=CARTESIAN_POINT('',(-18.542,-21.59,21.336));
#5290=LINE('',#5289,#5288);
#5291=EDGE_CURVE('',#5272,#5274,#5290,.T.);
#5292=DIRECTION('',(1.,0.,0.));
#5293=VECTOR('',#5292,70.104);
#5294=CARTESIAN_POINT('',(-18.542,-21.59,23.368));
#5295=LINE('',#5294,#5293);
#5296=EDGE_CURVE('',#5280,#5282,#5295,.T.);
#5297=DIRECTION('',(0.,0.,1.));
#5298=VECTOR('',#5297,2.032);
#5299=CARTESIAN_POINT('',(-18.542,-21.59,21.336));
#5300=LINE('',#5299,#5298);
#5301=EDGE_CURVE('',#5272,#5280,#5300,.T.);
#5302=DIRECTION('',(0.,1.,0.));
#5303=VECTOR('',#5302,43.18);
#5304=CARTESIAN_POINT('',(51.562,-21.59,21.336));
#5305=LINE('',#5304,#5303);
#5306=EDGE_CURVE('',#5274,#5276,#5305,.T.);
#5307=DIRECTION('',(0.,1.,0.));
#5308=VECTOR('',#5307,43.18);
#5309=CARTESIAN_POINT('',(51.562,-21.59,23.368));
#5310=LINE('',#5309,#5308);
#5311=EDGE_CURVE('',#5282,#5284,#5310,.T.);
#5312=DIRECTION('',(0.,0.,1.));
#5313=VECTOR('',#5312,2.032);
#5314=CARTESIAN_POINT('',(51.562,-21.59,21.336));
#5315=LINE('',#5314,#5313);
#5316=EDGE_CURVE('',#5274,#5282,#5315,.T.);
#5317=DIRECTION('',(-1.,0.,0.));
#5318=VECTOR('',#5317,70.104);
#5319=CARTESIAN_POINT('',(51.562,21.59,21.336));
#5320=LINE('',#5319,#5318);
#5321=EDGE_CURVE('',#5276,#5278,#5320,.T.);
#5322=DIRECTION('',(-1.,0.,0.));
#5323=VECTOR('',#5322,70.104);
#5324=CARTESIAN_POINT('',(51.562,21.59,23.368));
#5325=LINE('',#5324,#5323);
#5326=EDGE_CURVE('',#5284,#5286,#5325,.T.);
#5327=DIRECTION('',(0.,0.,1.));
#5328=VECTOR('',#5327,2.032);
#5329=CARTESIAN_POINT('',(51.562,21.59,21.336));
#5330=LINE('',#5329,#5328);
#5331=EDGE_CURVE('',#5276,#5284,#5330,.T.);
#5332=DIRECTION('',(0.,-1.,0.));
#5333=VECTOR('',#5332,43.18);
#5334=CARTESIAN_POINT('',(-18.542,21.59,21.336));
#5335=LINE('',#5334,#5333);
#5336=EDGE_CURVE('',#5278,#5272,#5335,.T.);
#5337=DIRECTION('',(0.,-1.,0.));
#5338=VECTOR('',#5337,43.18);
#5339=CARTESIAN_POINT('',(-18.542,21.59,23.368));
#5340=LINE('',#5339,#5338);
#5341=EDGE_CURVE('',#5286,#5280,#5340,.T.);
#5342=DIRECTION('',(0.,0.,1.));
#5343=VECTOR('',#5342,2.032);
#5344=CARTESIAN_POINT('',(-18.542,21.59,21.336));
#5345=LINE('',#5344,#5343);
#5346=EDGE_CURVE('',#5278,#5286,#5345,.T.);
#5347=CARTESIAN_POINT('',(-18.542,-21.59,21.336));
#5348=DIRECTION('',(0.,-1.,0.));
#5349=DIRECTION('',(1.,0.,0.));
#5350=AXIS2_PLACEMENT_3D('',#5347,#5348,#5349);
#5351=PLANE('',#5350);
#5352=ORIENTED_EDGE('',*,*,#5291,.T.);
#5353=ORIENTED_EDGE('',*,*,#5316,.T.);
#5354=ORIENTED_EDGE('',*,*,#5296,.F.);
#5355=ORIENTED_EDGE('',*,*,#5301,.F.);
#5356=EDGE_LOOP('',(#5352,#5353,#5354,#5355));
#5357=FACE_OUTER_BOUND('',#5356,.T.);
#5358=ADVANCED_FACE('',(#5357),#5351,.T.);
#5359=CARTESIAN_POINT('',(51.562,-21.59,21.336));
#5360=DIRECTION('',(1.,0.,0.));
#5361=DIRECTION('',(0.,1.,0.));
#5362=AXIS2_PLACEMENT_3D('',#5359,#5360,#5361);
#5363=PLANE('',#5362);
#5364=ORIENTED_EDGE('',*,*,#5306,.T.);
#5365=ORIENTED_EDGE('',*,*,#5331,.T.);
#5366=ORIENTED_EDGE('',*,*,#5311,.F.);
#5367=ORIENTED_EDGE('',*,*,#5316,.F.);
#5368=EDGE_LOOP('',(#5364,#5365,#5366,#5367));
#5369=FACE_OUTER_BOUND('',#5368,.T.);
#5370=ADVANCED_FACE('',(#5369),#5363,.T.);
#5371=CARTESIAN_POINT('',(51.562,21.59,21.336));
#5372=DIRECTION('',(0.,1.,0.));
#5373=DIRECTION('',(-1.,0.,0.));
#5374=AXIS2_PLACEMENT_3D('',#5371,#5372,#5373);
#5375=PLANE('',#5374);
#5376=ORIENTED_EDGE('',*,*,#5321,.T.);
#5377=ORIENTED_EDGE('',*,*,#5346,.T.);
#5378=ORIENTED_EDGE('',*,*,#5326,.F.);
#5379=ORIENTED_EDGE('',*,*,#5331,.F.);
#5380=EDGE_LOOP('',(#5376,#5377,#5378,#5379));
#5381=FACE_OUTER_BOUND('',#5380,.T.);
#5382=ADVANCED_FACE('',(#5381),#5375,.T.);
#5383=CARTESIAN_POINT('',(-18.542,21.59,21.336));
#5384=DIRECTION('',(-1.,0.,0.));
#5385=DIRECTION('',(0.,-1.,0.));
#5386=AXIS2_PLACEMENT_3D('',#5383,#5384,#5385);
#5387=PLANE('',#5386);
#5388=ORIENTED_EDGE('',*,*,#5336,.T.);
#5389=ORIENTED_EDGE('',*,*,#5301,.T.);
#5390=ORIENTED_EDGE('',*,*,#5341,.F.);
#5391=ORIENTED_EDGE('',*,*,#5346,.F.);
#5392=EDGE_LOOP('',(#5388,#5389,#5390,#5391));
#5393=FACE_OUTER_BOUND('',#5392,.T.);
#5394=ADVANCED_FACE('',(#5393),#5387,.T.);
#5395=CARTESIAN_POINT('',(-16.51,-19.05,23.368));
#5396=VERTEX_POINT('',#5395);
#5397=CARTESIAN_POINT('',(49.53,-19.05,23.368));
#5398=VERTEX_POINT('',#5397);
#5399=CARTESIAN_POINT('',(49.53,19.05,23.368));
#5400=VERTEX_POINT('',#5399);
#5401=CARTESIAN_POINT('',(-16.51,19.05,23.368));
#5402=VERTEX_POINT('',#5401);
#5403=CARTESIAN_POINT('',(-16.51,-19.05,25.4));
#5404=VERTEX_POINT('',#5403);
#5405=CARTESIAN_POINT('',(49.53,-19.05,25.4));
#5406=VERTEX_POINT('',#5405);
#5407=CARTESIAN_POINT('',(49.53,19.05,25.4));
#5408=VERTEX_POINT('',#5407);
#5409=CARTESIAN_POINT('',(-16.51,19.05,25.4));
#5410=VERTEX_POINT('',#5409);
#5411=DIRECTION('',(1.,0.,0.));
#5412=VECTOR('',#5411,66.04);
#5413=CARTESIAN_POINT('',(-16.51,-19.05,23.368));
#5414=LINE('',#5413,#5412);
#5415=EDGE_CURVE('',#5396,#5398,#5414,.T.);
#5416=DIRECTION('',(1.,0.,0.));
#5417=VECTOR('',#5416,66.04);
#5418=CARTESIAN_POINT('',(-16.51,-19.05,25.4));
#5419=LINE('',#5418,#5417);
#5420=EDGE_CURVE('',#5404,#5406,#5419,.T.);
#5421=DIRECTION('',(0.,0.,1.));
#5422=VECTOR('',#5421,2.032);
#5423=CARTESIAN_POINT('',(-16.51,-19.05,23.368));
#5424=LINE('',#5423,#5422);
#5425=EDGE_CURVE('',#5396,#5404,#5424,.T.);
#5426=DIRECTION('',(0.,1.,0.));
#5427=VECTOR('',#5426,38.1);
#5428=CARTESIAN_POINT('',(49.53,-19.05,23.368));
#5429=LINE('',#5428,#5427);
#5430=EDGE_CURVE('',#5398,#5400,#5429,.T.);
#5431=DIRECTION('',(0.,1.,0.));
#5432=VECTOR('',#5431,38.1);
#5433=CARTESIAN_POINT('',(49.53,-19.05,25.4));
#5434=LINE('',#5433,#5432);
#5435=EDGE_CURVE('',#5406,#5408,#5434,.T.);
#5436=DIRECTION('',(0.,0.,1.));
#5437=VECTOR('',#5436,2.032);
#5438=CARTESIAN_POINT('',(49.53,-19.05,23.368));
#5439=LINE('',#5438,#5437);
#5440=EDGE_CURVE('',#5398,#5406,#5439,.T.);
#5441=DIRECTION('',(-1.,0.,0.));
#5442=VECTOR('',#5441,66.04);
#5443=CARTESIAN_POINT('',(49.53,19.05,23.368));
#5444=LINE('',#5443,#5442);
#5445=EDGE_CURVE('',#5400,#5402,#5444,.T.);
#5446=DIRECTION('',(-1.,0.,0.));
#5447=VECTOR('',#5446,66.04);
#5448=CARTESIAN_POINT('',(49.53,19.05,25.4));
#5449=LINE('',#5448,#5447);
#5450=EDGE_CURVE('',#5408,#5410,#5449,.T.);
#5451=DIRECTION('',(0.,0.,1.));
#5452=VECTOR('',#5451,2.032);
#5453=CARTESIAN_POINT('',(49.53,19.05,23.368));
#5454=LINE('',#5453,#5452);
#5455=EDGE_CURVE('',#5400,#5408,#5454,.T.);
#5456=DIRECTION('',(0.,-1.,0.));
#5457=VECTOR('',#5456,38.1);
#5458=CARTESIAN_POINT('',(-16.51,19.05,23.368));
#5459=LINE('',#5458,#5457);
#5460=EDGE_CURVE('',#5402,#5396,#5459,.T.);
#5461=DIRECTION('',(0.,-1.,0.));
#5462=VECTOR('',#5461,38.1);
#5463=CARTESIAN_POINT('',(-16.51,19.05,25.4));
#5464=LINE('',#5463,#5462);
#5465=EDGE_CURVE('',#5410,#5404,#5464,.T.);
#5466=DIRECTION('',(0.,0.,1.));
#5467=VECTOR('',#5466,2.032);
#5468=CARTESIAN_POINT('',(-16.51,19.05,23.368));
#5469=LINE('',#5468,#5467);
#5470=EDGE_CURVE('',#5402,#5410,#5469,.T.);
#5471=CARTESIAN_POINT('',(-16.51,-19.05,23.368));
#5472=DIRECTION('',(0.,-1.,0.));
#5473=DIRECTION('',(1.,0.,0.));
#5474=AXIS2_PLACEMENT_3D('',#5471,#5472,#5473);
#5475=PLANE('',#5474);
#5476=ORIENTED_EDGE('',*,*,#5415,.T.);
#5477=ORIENTED_EDGE('',*,*,#5440,.T.);
#5478=ORIENTED_EDGE('',*,*,#5420,.F.);
#5479=ORIENTED_EDGE('',*,*,#5425,.F.);
#5480=EDGE_LOOP('',(#5476,#5477,#5478,#5479));
#5481=FACE_OUTER_BOUND('',#5480,.T.);
#5482=ADVANCED_FACE('',(#5481),#5475,.T.);
#5483=CARTESIAN_POINT('',(49.53,-19.05,23.368));
#5484=DIRECTION('',(1.,0.,0.));
#5485=DIRECTION('',(0.,1.,0.));
#5486=AXIS2_PLACEMENT_3D('',#5483,#5484,#5485);
#5487=PLANE('',#5486);
#5488=ORIENTED_EDGE('',*,*,#5430,.T.);
#5489=ORIENTED_EDGE('',*,*,#5455,.T.);
#5490=ORIENTED_EDGE('',*,*,#5435,.F.);
#5491=ORIENTED_EDGE('',*,*,#5440,.F.);
#5492=EDGE_LOOP('',(#5488,#5489,#5490,#5491));
#5493=FACE_OUTER_BOUND('',#5492,.T.);
#5494=ADVANCED_FACE('',(#5493),#5487,.T.);
#5495=CARTESIAN_POINT('',(49.53,19.05,23.368));
#5496=DIRECTION('',(0.,1.,0.));
#5497=DIRECTION('',(-1.,0.,0.));
#5498=AXIS2_PLACEMENT_3D('',#5495,#5496,#5497);
#5499=PLANE('',#5498);
#5500=ORIENTED_EDGE('',*,*,#5445,.T.);
#5501=ORIENTED_EDGE('',*,*,#5470,.T.);
#5502=ORIENTED_EDGE('',*,*,#5450,.F.);
#5503=ORIENTED_EDGE('',*,*,#5455,.F.);
#5504=EDGE_LOOP('',(#5500,#5501,#5502,#5503));
#5505=FACE_OUTER_BOUND('',#5504,.T.);
#5506=ADVANCED_FACE('',(#5505),#5499,.T.);
#5507=CARTESIAN_POINT('',(-16.51,19.05,23.368));
#5508=DIRECTION('',(-1.,0.,0.));
#5509=DIRECTION('',(0.,-1.,0.));
#5510=AXIS2_PLACEMENT_3D('',#5507,#5508,#5509);
#5511=PLANE('',#5510);
#5512=ORIENTED_EDGE('',*,*,#5460,.T.);
#5513=ORIENTED_EDGE('',*,*,#5425,.T.);
#5514=ORIENTED_EDGE('',*,*,#5465,.F.);
#5515=ORIENTED_EDGE('',*,*,#5470,.F.);
#5516=EDGE_LOOP('',(#5512,#5513,#5514,#5515));
#5517=FACE_OUTER_BOUND('',#5516,.T.);
#5518=ADVANCED_FACE('',(#5517),#5511,.T.);
#5519=CARTESIAN_POINT('',(-18.542,-21.59,25.4));
#5520=VERTEX_POINT('',#5519);
#5521=CARTESIAN_POINT('',(51.562,-21.59,25.4));
#5522=VERTEX_POINT('',#5521);
#5523=CARTESIAN_POINT('',(51.562,21.59,25.4));
#5524=VERTEX_POINT('',#5523);
#5525=CARTESIAN_POINT('',(-18.542,21.59,25.4));
#5526=VERTEX_POINT('',#5525);
#5527=CARTESIAN_POINT('',(-18.542,-21.59,27.432));
#5528=VERTEX_POINT('',#5527);
#5529=CARTESIAN_POINT('',(51.562,-21.59,27.432));
#5530=VERTEX_POINT('',#5529);
#5531=CARTESIAN_POINT('',(51.562,21.59,27.432));
#5532=VERTEX_POINT('',#5531);
#5533=CARTESIAN_POINT('',(-18.542,21.59,27.432));
#5534=VERTEX_POINT('',#5533);
#5535=DIRECTION('',(1.,0.,0.));
#5536=VECTOR('',#5535,70.104);
#5537=CARTESIAN_POINT('',(-18.542,-21.59,25.4));
#5538=LINE('',#5537,#5536);
#5539=EDGE_CURVE('',#5520,#5522,#5538,.T.);
#5540=DIRECTION('',(1.,0.,0.));
#5541=VECTOR('',#5540,70.104);
#5542=CARTESIAN_POINT('',(-18.542,-21.59,27.432));
#5543=LINE('',#5542,#5541);
#5544=EDGE_CURVE('',#5528,#5530,#5543,.T.);
#5545=DIRECTION('',(0.,0.,1.));
#5546=VECTOR('',#5545,2.032);
#5547=CARTESIAN_POINT('',(-18.542,-21.59,25.4));
#5548=LINE('',#5547,#5546);
#5549=EDGE_CURVE('',#5520,#5528,#5548,.T.);
#5550=DIRECTION('',(0.,1.,0.));
#5551=VECTOR('',#5550,43.18);
#5552=CARTESIAN_POINT('',(51.562,-21.59,25.4));
#5553=LINE('',#5552,#5551);
#5554=EDGE_CURVE('',#5522,#5524,#5553,.T.);
#5555=DIRECTION('',(0.,1.,0.));
#5556=VECTOR('',#5555,43.18);
#5557=CARTESIAN_POINT('',(51.562,-21.59,27.432));
#5558=LINE('',#5557,#5556);
#5559=EDGE_CURVE('',#5530,#5532,#5558,.T.);
#5560=DIRECTION('',(0.,0.,1.));
#5561=VECTOR('',#5560,2.032);
#5562=CARTESIAN_POINT('',(51.562,-21.59,25.4));
#5563=LINE('',#5562,#5561);
#5564=EDGE_CURVE('',#5522,#5530,#5563,.T.);
#5565=DIRECTION('',(-1.,0.,0.));
#5566=VECTOR('',#5565,70.104);
#5567=CARTESIAN_POINT('',(51.562,21.59,25.4));
#5568=LINE('',#5567,#5566);
#5569=EDGE_CURVE('',#5524,#5526,#5568,.T.);
#5570=DIRECTION('',(-1.,0.,0.));
#5571=VECTOR('',#5570,70.104);
#5572=CARTESIAN_POINT('',(51.562,21.59,27.432));
#5573=LINE('',#5572,#5571);
#5574=EDGE_CURVE('',#5532,#5534,#5573,.T.);
#5575=DIRECTION('',(0.,0.,1.));
#5576=VECTOR('',#5575,2.032);
#5577=CARTESIAN_POINT('',(51.562,21.59,25.4));
#5578=LINE('',#5577,#5576);
#5579=EDGE_CURVE('',#5524,#5532,#5578,.T.);
#5580=DIRECTION('',(0.,-1.,0.));
#5581=VECTOR('',#5580,43.18);
#5582=CARTESIAN_POINT('',(-18.542,21.59,25.4));
#5583=LINE('',#5582,#5581);
#5584=EDGE_CURVE('',#5526,#5520,#5583,.T.);
#5585=DIRECTION('',(0.,-1.,0.));
#5586=VECTOR('',#5585,43.18);
#5587=CARTESIAN_POINT('',(-18.542,21.59,27.432));
#5588=LINE('',#5587,#5586);
#5589=EDGE_CURVE('',#5534,#5528,#5588,.T.);
#5590=DIRECTION('',(0.,0.,1.));
#5591=VECTOR('',#5590,2.032);
#5592=CARTESIAN_POINT('',(-18.542,21.59,25.4));
#5593=LINE('',#5592,#5591);
#5594=EDGE_CURVE('',#5526,#5534,#5593,.T.);
#5595=CARTESIAN_POINT('',(-18.542,-21.59,25.4));
#5596=DIRECTION('',(0.,-1.,0.));
#5597=DIRECTION('',(1.,0.,0.));
#5598=AXIS2_PLACEMENT_3D('',#5595,#5596,#5597);
#5599=PLANE('',#5598);
#5600=ORIENTED_EDGE('',*,*,#5539,.T.);
#5601=ORIENTED_EDGE('',*,*,#5564,.T.);
#5602=ORIENTED_EDGE('',*,*,#5544,.F.);
#5603=ORIENTED_EDGE('',*,*,#5549,.F.);
#5604=EDGE_LOOP('',(#5600,#5601,#5602,#5603));
#5605=FACE_OUTER_BOUND('',#5604,.T.);
#5606=ADVANCED_FACE('',(#5605),#5599,.T.);
#5607=CARTESIAN_POINT('',(51.562,-21.59,25.4));
#5608=DIRECTION('',(1.,0.,0.));
#5609=DIRECTION('',(0.,1.,0.));
#5610=AXIS2_PLACEMENT_3D('',#5607,#5608,#5609);
#5611=PLANE('',#5610);
#5612=ORIENTED_EDGE('',*,*,#5554,.T.);
#5613=ORIENTED_EDGE('',*,*,#5579,.T.);
#5614=ORIENTED_EDGE('',*,*,#5559,.F.);
#5615=ORIENTED_EDGE('',*,*,#5564,.F.);
#5616=EDGE_LOOP('',(#5612,#5613,#5614,#5615));
#5617=FACE_OUTER_BOUND('',#5616,.T.);
#5618=ADVANCED_FACE('',(#5617),#5611,.T.);
#5619=CARTESIAN_POINT('',(51.562,21.59,25.4));
#5620=DIRECTION('',(0.,1.,0.));
#5621=DIRECTION('',(-1.,0.,0.));
#5622=AXIS2_PLACEMENT_3D('',#5619,#5620,#5621);
#5623=PLANE('',#5622);
#5624=ORIENTED_EDGE('',*,*,#5569,.T.);
#5625=ORIENTED_EDGE('',*,*,#5594,.T.);
#5626=ORIENTED_EDGE('',*,*,#5574,.F.);
#5627=ORIENTED_EDGE('',*,*,#5579,.F.);
#5628=EDGE_LOOP('',(#5624,#5625,#5626,#5627));
#5629=FACE_OUTER_BOUND('',#5628,.T.);
#5630=ADVANCED_FACE('',(#5629),#5623,.T.);
#5631=CARTESIAN_POINT('',(-18.542,21.59,25.4));
#5632=DIRECTION('',(-1.,0.,0.));
#5633=DIRECTION('',(0.,-1.,0.));
#5634=AXIS2_PLACEMENT_3D('',#5631,#5632,#5633);
#5635=PLANE('',#5634);
#5636=ORIENTED_EDGE('',*,*,#5584,.T.);
#5637=ORIENTED_EDGE('',*,*,#5549,.T.);
#5638=ORIENTED_EDGE('',*,*,#5589,.F.);
#5639=ORIENTED_EDGE('',*,*,#5594,.F.);
#5640=EDGE_LOOP('',(#5636,#5637,#5638,#5639));
#5641=FACE_OUTER_BOUND('',#5640,.T.);
#5642=ADVANCED_FACE('',(#5641),#5635,.T.);
#5643=CARTESIAN_POINT('',(-16.51,-19.05,27.432));
#5644=VERTEX_POINT('',#5643);
#5645=CARTESIAN_POINT('',(49.53,-19.05,27.432));
#5646=VERTEX_POINT('',#5645);
#5647=CARTESIAN_POINT('',(49.53,19.05,27.432));
#5648=VERTEX_POINT('',#5647);
#5649=CARTESIAN_POINT('',(-16.51,19.05,27.432));
#5650=VERTEX_POINT('',#5649);
#5651=CARTESIAN_POINT('',(-16.51,-19.05,29.464));
#5652=VERTEX_POINT('',#5651);
#5653=CARTESIAN_POINT('',(49.53,-19.05,29.464));
#5654=VERTEX_POINT('',#5653);
#5655=CARTESIAN_POINT('',(49.53,19.05,29.464));
#5656=VERTEX_POINT('',#5655);
#5657=CARTESIAN_POINT('',(-16.51,19.05,29.464));
#5658=VERTEX_POINT('',#5657);
#5659=DIRECTION('',(1.,0.,0.));
#5660=VECTOR('',#5659,66.04);
#5661=CARTESIAN_POINT('',(-16.51,-19.05,27.432));
#5662=LINE('',#5661,#5660);
#5663=EDGE_CURVE('',#5644,#5646,#5662,.T.);
#5664=DIRECTION('',(1.,0.,0.));
#5665=VECTOR('',#5664,66.04);
#5666=CARTESIAN_POINT('',(-16.51,-19.05,29.464));
#5667=LINE('',#5666,#5665);
#5668=EDGE_CURVE('',#5652,#5654,#5667,.T.);
#5669=DIRECTION('',(0.,0.,1.));
#5670=VECTOR('',#5669,2.032);
#5671=CARTESIAN_POINT('',(-16.51,-19.05,27.432));
#5672=LINE('',#5671,#5670);
#5673=EDGE_CURVE('',#5644,#5652,#5672,.T.);
#5674=DIRECTION('',(0.,1.,0.));
#5675=VECTOR('',#5674,38.1);
#5676=CARTESIAN_POINT('',(49.53,-19.05,27.432));
#5677=LINE('',#5676,#5675);
#5678=EDGE_CURVE('',#5646,#5648,#5677,.T.);
#5679=DIRECTION('',(0.,1.,0.));
#5680=VECTOR('',#5679,38.1);
#5681=CARTESIAN_POINT('',(49.53,-19.05,29.464));
#5682=LINE('',#5681,#5680);
#5683=EDGE_CURVE('',#5654,#5656,#5682,.T.);
#5684=DIRECTION('',(0.,0.,1.));
#5685=VECTOR('',#5684,2.032);
#5686=CARTESIAN_POINT('',(49.53,-19.05,27.432));
#5687=LINE('',#5686,#5685);
#5688=EDGE_CURVE('',#5646,#5654,#5687,.T.);
#5689=DIRECTION('',(-1.,0.,0.));
#5690=VECTOR('',#5689,66.04);
#5691=CARTESIAN_POINT('',(49.53,19.05,27.432));
#5692=LINE('',#5691,#5690);
#5693=EDGE_CURVE('',#5648,#5650,#5692,.T.);
#5694=DIRECTION('',(-1.,0.,0.));
#5695=VECTOR('',#5694,66.04);
#5696=CARTESIAN_POINT('',(49.53,19.05,29.464));
#5697=LINE('',#5696,#5695);
#5698=EDGE_CURVE('',#5656,#5658,#5697,.T.);
#5699=DIRECTION('',(0.,0.,1.));
#5700=VECTOR('',#5699,2.032);
#5701=CARTESIAN_POINT('',(49.53,19.05,27.432));
#5702=LINE('',#5701,#5700);
#5703=EDGE_CURVE('',#5648,#5656,#5702,.T.);
#5704=DIRECTION('',(0.,-1.,0.));
#5705=VECTOR('',#5704,38.1);
#5706=CARTESIAN_POINT('',(-16.51,19.05,27.432));
#5707=LINE('',#5706,#5705);
#5708=EDGE_CURVE('',#5650,#5644,#5707,.T.);
#5709=DIRECTION('',(0.,-1.,0.));
#5710=VECTOR('',#5709,38.1);
#5711=CARTESIAN_POINT('',(-16.51,19.05,29.464));
#5712=LINE('',#5711,#5710);
#5713=EDGE_CURVE('',#5658,#5652,#5712,.T.);
#5714=DIRECTION('',(0.,0.,1.));
#5715=VECTOR('',#5714,2.032);
#5716=CARTESIAN_POINT('',(-16.51,19.05,27.432));
#5717=LINE('',#5716,#5715);
#5718=EDGE_CURVE('',#5650,#5658,#5717,.T.);
#5719=CARTESIAN_POINT('',(-16.51,-19.05,27.432));
#5720=DIRECTION('',(0.,-1.,0.));
#5721=DIRECTION('',(1.,0.,0.));
#5722=AXIS2_PLACEMENT_3D('',#5719,#5720,#5721);
#5723=PLANE('',#5722);
#5724=ORIENTED_EDGE('',*,*,#5663,.T.);
#5725=ORIENTED_EDGE('',*,*,#5688,.T.);
#5726=ORIENTED_EDGE('',*,*,#5668,.F.);
#5727=ORIENTED_EDGE('',*,*,#5673,.F.);
#5728=EDGE_LOOP('',(#5724,#5725,#5726,#5727));
#5729=FACE_OUTER_BOUND('',#5728,.T.);
#5730=ADVANCED_FACE('',(#5729),#5723,.T.);
#5731=CARTESIAN_POINT('',(49.53,-19.05,27.432));
#5732=DIRECTION('',(1.,0.,0.));
#5733=DIRECTION('',(0.,1.,0.));
#5734=AXIS2_PLACEMENT_3D('',#5731,#5732,#5733);
#5735=PLANE('',#5734);
#5736=ORIENTED_EDGE('',*,*,#5678,.T.);
#5737=ORIENTED_EDGE('',*,*,#5703,.T.);
#5738=ORIENTED_EDGE('',*,*,#5683,.F.);
#5739=ORIENTED_EDGE('',*,*,#5688,.F.);
#5740=EDGE_LOOP('',(#5736,#5737,#5738,#5739));
#5741=FACE_OUTER_BOUND('',#5740,.T.);
#5742=ADVANCED_FACE('',(#5741),#5735,.T.);
#5743=CARTESIAN_POINT('',(49.53,19.05,27.432));
#5744=DIRECTION('',(0.,1.,0.));
#5745=DIRECTION('',(-1.,0.,0.));
#5746=AXIS2_PLACEMENT_3D('',#5743,#5744,#5745);
#5747=PLANE('',#5746);
#5748=ORIENTED_EDGE('',*,*,#5693,.T.);
#5749=ORIENTED_EDGE('',*,*,#5718,.T.);
#5750=ORIENTED_EDGE('',*,*,#5698,.F.);
#5751=ORIENTED_EDGE('',*,*,#5703,.F.);
#5752=EDGE_LOOP('',(#5748,#5749,#5750,#5751));
#5753=FACE_OUTER_BOUND('',#5752,.T.);
#5754=ADVANCED_FACE('',(#5753),#5747,.T.);
#5755=CARTESIAN_POINT('',(-16.51,19.05,27.432));
#5756=DIRECTION('',(-1.,0.,0.));
#5757=DIRECTION('',(0.,-1.,0.));
#5758=AXIS2_PLACEMENT_3D('',#5755,#5756,#5757);
#5759=PLANE('',#5758);
#5760=ORIENTED_EDGE('',*,*,#5708,.T.);
#5761=ORIENTED_EDGE('',*,*,#5673,.T.);
#5762=ORIENTED_EDGE('',*,*,#5713,.F.);
#5763=ORIENTED_EDGE('',*,*,#5718,.F.);
#5764=EDGE_LOOP('',(#5760,#5761,#5762,#5763));
#5765=FACE_OUTER_BOUND('',#5764,.T.);
#5766=ADVANCED_FACE('',(#5765),#5759,.T.);
#5767=CARTESIAN_POINT('',(-18.542,-21.59,29.464));
#5768=VERTEX_POINT('',#5767);
#5769=CARTESIAN_POINT('',(51.562,-21.59,29.464));
#5770=VERTEX_POINT('',#5769);
#5771=CARTESIAN_POINT('',(51.562,21.59,29.464));
#5772=VERTEX_POINT('',#5771);
#5773=CARTESIAN_POINT('',(-18.542,21.59,29.464));
#5774=VERTEX_POINT('',#5773);
#5775=CARTESIAN_POINT('',(-18.542,-21.59,31.496));
#5776=VERTEX_POINT('',#5775);
#5777=CARTESIAN_POINT('',(51.562,-21.59,31.496));
#5778=VERTEX_POINT('',#5777);
#5779=CARTESIAN_POINT('',(51.562,21.59,31.496));
#5780=VERTEX_POINT('',#5779);
#5781=CARTESIAN_POINT('',(-18.542,21.59,31.496));
#5782=VERTEX_POINT('',#5781);
#5783=DIRECTION('',(1.,0.,0.));
#5784=VECTOR('',#5783,70.104);
#5785=CARTESIAN_POINT('',(-18.542,-21.59,29.464));
#5786=LINE('',#5785,#5784);
#5787=EDGE_CURVE('',#5768,#5770,#5786,.T.);
#5788=DIRECTION('',(1.,0.,0.));
#5789=VECTOR('',#5788,70.104);
#5790=CARTESIAN_POINT('',(-18.542,-21.59,31.496));
#5791=LINE('',#5790,#5789);
#5792=EDGE_CURVE('',#5776,#5778,#5791,.T.);
#5793=DIRECTION('',(0.,0.,1.));
#5794=VECTOR('',#5793,2.032);
#5795=CARTESIAN_POINT('',(-18.542,-21.59,29.464));
#5796=LINE('',#5795,#5794);
#5797=EDGE_CURVE('',#5768,#5776,#5796,.T.);
#5798=DIRECTION('',(0.,1.,0.));
#5799=VECTOR('',#5798,43.18);
#5800=CARTESIAN_POINT('',(51.562,-21.59,29.464));
#5801=LINE('',#5800,#5799);
#5802=EDGE_CURVE('',#5770,#5772,#5801,.T.);
#5803=DIRECTION('',(0.,1.,0.));
#5804=VECTOR('',#5803,43.18);
#5805=CARTESIAN_POINT('',(51.562,-21.59,31.496));
#5806=LINE('',#5805,#5804);
#5807=EDGE_CURVE('',#5778,#5780,#5806,.T.);
#5808=DIRECTION('',(0.,0.,1.));
#5809=VECTOR('',#5808,2.032);
#5810=CARTESIAN_POINT('',(51.562,-21.59,29.464));
#5811=LINE('',#5810,#5809);
#5812=EDGE_CURVE('',#5770,#5778,#5811,.T.);
#5813=DIRECTION('',(-1.,0.,0.));
#5814=VECTOR('',#5813,70.104);
#5815=CARTESIAN_POINT('',(51.562,21.59,29.464));
#5816=LINE('',#5815,#5814);
#5817=EDGE_CURVE('',#5772,#5774,#5816,.T.);
#5818=DIRECTION('',(-1.,0.,0.));
#5819=VECTOR('',#5818,70.104);
#5820=CARTESIAN_POINT('',(51.562,21.59,31.496));
#5821=LINE('',#5820,#5819);
#5822=EDGE_CURVE('',#5780,#5782,#5821,.T.);
#5823=DIRECTION('',(0.,0.,1.));
#5824=VECTOR('',#5823,2.032);
#5825=CARTESIAN_POINT('',(51.562,21.59,29.464));
#5826=LINE('',#5825,#5824);
#5827=EDGE_CURVE('',#5772,#5780,#5826,.T.);
#5828=DIRECTION('',(0.,-1.,0.));
#5829=VECTOR('',#5828,43.18);
#5830=CARTESIAN_POINT('',(-18.542,21.59,29.464));
#5831=LINE('',#5830,#5829);
#5832=EDGE_CURVE('',#5774,#5768,#5831,.T.);
#5833=DIRECTION('',(0.,-1.,0.));
#5834=VECTOR('',#5833,43.18);
#5835=CARTESIAN_POINT('',(-18.542,21.59,31.496));
#5836=LINE('',#5835,#5834);
#5837=EDGE_CURVE('',#5782,#5776,#5836,.T.);
#5838=DIRECTION('',(0.,0.,1.));
#5839=VECTOR('',#5838,2.032);
#5840=CARTESIAN_POINT('',(-18.542,21.59,29.464));
#5841=LINE('',#5840,#5839);
#5842=EDGE_CURVE('',#5774,#5782,#5841,.T.);
#5843=CARTESIAN_POINT('',(-18.542,-21.59,29.464));
#5844=DIRECTION('',(0.,-1.,0.));
#5845=DIRECTION('',(1.,0.,0.));
#5846=AXIS2_PLACEMENT_3D('',#5843,#5844,#5845);
#5847=PLANE('',#5846);
#5848=ORIENTED_EDGE('',*,*,#5787,.T.);
#5849=ORIENTED_EDGE('',*,*,#5812,.T.);
#5850=ORIENTED_EDGE('',*,*,#5792,.F.);
#5851=ORIENTED_EDGE('',*,*,#5797,.F.);
#5852=EDGE_LOOP('',(#5848,#5849,#5850,#5851));
#5853=FACE_OUTER_BOUND('',#5852,.T.);
#5854=ADVANCED_FACE('',(#5853),#5847,.T.);
#5855=CARTESIAN_POINT('',(51.562,-21.59,29.464));
#5856=DIRECTION('',(1.,0.,0.));
#5857=DIRECTION('',(0.,1.,0.));
#5858=AXIS2_PLACEMENT_3D('',#5855,#5856,#5857);
#5859=PLANE('',#5858);
#5860=ORIENTED_EDGE('',*,*,#5802,.T.);
#5861=ORIENTED_EDGE('',*,*,#5827,.T.);
#5862=ORIENTED_EDGE('',*,*,#5807,.F.);
#5863=ORIENTED_EDGE('',*,*,#5812,.F.);
#5864=EDGE_LOOP('',(#5860,#5861,#5862,#5863));
#5865=FACE_OUTER_BOUND('',#5864,.T.);
#5866=ADVANCED_FACE('',(#5865),#5859,.T.);
#5867=CARTESIAN_POINT('',(51.562,21.59,29.464));
#5868=DIRECTION('',(0.,1.,0.));
#5869=DIRECTION('',(-1.,0.,0.));
#5870=AXIS2_PLACEMENT_3D('',#5867,#5868,#5869);
#5871=PLANE('',#5870);
#5872=ORIENTED_EDGE('',*,*,#5817,.T.);
#5873=ORIENTED_EDGE('',*,*,#5842,.T.);
#5874=ORIENTED_EDGE('',*,*,#5822,.F.);
#5875=ORIENTED_EDGE('',*,*,#5827,.F.);
#5876=EDGE_LOOP('',(#5872,#5873,#5874,#5875));
#5877=FACE_OUTER_BOUND('',#5876,.T.);
#5878=ADVANCED_FACE('',(#5877),#5871,.T.);
#5879=CARTESIAN_POINT('',(-18.542,21.59,29.464));
#5880=DIRECTION('',(-1.,0.,0.));
#5881=DIRECTION('',(0.,-1.,0.));
#5882=AXIS2_PLACEMENT_3D('',#5879,#5880,#5881);
#5883=PLANE('',#5882);
#5884=ORIENTED_EDGE('',*,*,#5832,.T.);
#5885=ORIENTED_EDGE('',*,*,#5797,.T.);
#5886=ORIENTED_EDGE('',*,*,#5837,.F.);
#5887=ORIENTED_EDGE('',*,*,#5842,.F.);
#5888=EDGE_LOOP('',(#5884,#5885,#5886,#5887));
#5889=FACE_OUTER_BOUND('',#5888,.T.);
#5890=ADVANCED_FACE('',(#5889),#5883,.T.);
#5891=CARTESIAN_POINT('',(-16.51,-19.05,31.496));
#5892=VERTEX_POINT('',#5891);
#5893=CARTESIAN_POINT('',(49.53,-19.05,31.496));
#5894=VERTEX_POINT('',#5893);
#5895=CARTESIAN_POINT('',(49.53,19.05,31.496));
#5896=VERTEX_POINT('',#5895);
#5897=CARTESIAN_POINT('',(-16.51,19.05,31.496));
#5898=VERTEX_POINT('',#5897);
#5899=CARTESIAN_POINT('',(-16.51,-19.05,33.528));
#5900=VERTEX_POINT('',#5899);
#5901=CARTESIAN_POINT('',(49.53,-19.05,33.528));
#5902=VERTEX_POINT('',#5901);
#5903=CARTESIAN_POINT('',(49.53,19.05,33.528));
#5904=VERTEX_POINT('',#5903);
#5905=CARTESIAN_POINT('',(-16.51,19.05,33.528));
#5906=VERTEX_POINT('',#5905);
#5907=DIRECTION('',(1.,0.,0.));
#5908=VECTOR('',#5907,66.04);
#5909=CARTESIAN_POINT('',(-16.51,-19.05,31.496));
#5910=LINE('',#5909,#5908);
#5911=EDGE_CURVE('',#5892,#5894,#5910,.T.);
#5912=DIRECTION('',(1.,0.,0.));
#5913=VECTOR('',#5912,66.04);
#5914=CARTESIAN_POINT('',(-16.51,-19.05,33.528));
#5915=LINE('',#5914,#5913);
#5916=EDGE_CURVE('',#5900,#5902,#5915,.T.);
#5917=DIRECTION('',(0.,0.,1.));
#5918=VECTOR('',#5917,2.032);
#5919=CARTESIAN_POINT('',(-16.51,-19.05,31.496));
#5920=LINE('',#5919,#5918);
#5921=EDGE_CURVE('',#5892,#5900,#5920,.T.);
#5922=DIRECTION('',(0.,1.,0.));
#5923=VECTOR('',#5922,38.1);
#5924=CARTESIAN_POINT('',(49.53,-19.05,31.496));
#5925=LINE('',#5924,#5923);
#5926=EDGE_CURVE('',#5894,#5896,#5925,.T.);
#5927=DIRECTION('',(0.,1.,0.));
#5928=VECTOR('',#5927,38.1);
#5929=CARTESIAN_POINT('',(49.53,-19.05,33.528));
#5930=LINE('',#5929,#5928);
#5931=EDGE_CURVE('',#5902,#5904,#5930,.T.);
#5932=DIRECTION('',(0.,0.,1.));
#5933=VECTOR('',#5932,2.032);
#5934=CARTESIAN_POINT('',(49.53,-19.05,31.496));
#5935=LINE('',#5934,#5933);
#5936=EDGE_CURVE('',#5894,#5902,#5935,.T.);
#5937=DIRECTION('',(-1.,0.,0.));
#5938=VECTOR('',#5937,66.04);
#5939=CARTESIAN_POINT('',(49.53,19.05,31.496));
#5940=LINE('',#5939,#5938);
#5941=EDGE_CURVE('',#5896,#5898,#5940,.T.);
#5942=DIRECTION('',(-1.,0.,0.));
#5943=VECTOR('',#5942,66.04);
#5944=CARTESIAN_POINT('',(49.53,19.05,33.528));
#5945=LINE('',#5944,#5943);
#5946=EDGE_CURVE('',#5904,#5906,#5945,.T.);
#5947=DIRECTION('',(0.,0.,1.));
#5948=VECTOR('',#5947,2.032);
#5949=CARTESIAN_POINT('',(49.53,19.05,31.496));
#5950=LINE('',#5949,#5948);
#5951=EDGE_CURVE('',#5896,#5904,#5950,.T.);
#5952=DIRECTION('',(0.,-1.,0.));
#5953=VECTOR('',#5952,38.1);
#5954=CARTESIAN_POINT('',(-16.51,19.05,31.496));
#5955=LINE('',#5954,#5953);
#5956=EDGE_CURVE('',#5898,#5892,#5955,.T.);
#5957=DIRECTION('',(0.,-1.,0.));
#5958=VECTOR('',#5957,38.1);
#5959=CARTESIAN_POINT('',(-16.51,19.05,33.528));
#5960=LINE('',#5959,#5958);
#5961=EDGE_CURVE('',#5906,#5900,#5960,.T.);
#5962=DIRECTION('',(0.,0.,1.));
#5963=VECTOR('',#5962,2.032);
#5964=CARTESIAN_POINT('',(-16.51,19.05,31.496));
#5965=LINE('',#5964,#5963);
#5966=EDGE_CURVE('',#5898,#5906,#5965,.T.);
#5967=CARTESIAN_POINT('',(-16.51,-19.05,31.496));
#5968=DIRECTION('',(0.,-1.,0.));
#5969=DIRECTION('',(1.,0.,0.));
#5970=AXIS2_PLACEMENT_3D('',#5967,#5968,#5969);
#5971=PLANE('',#5970);
#5972=ORIENTED_EDGE('',*,*,#5911,.T.);
#5973=ORIENTED_EDGE('',*,*,#5936,.T.);
#5974=ORIENTED_EDGE('',*,*,#5916,.F.);
#5975=ORIENTED_EDGE('',*,*,#5921,.F.);
#5976=EDGE_LOOP('',(#5972,#5973,#5974,#5975));
#5977=FACE_OUTER_BOUND('',#5976,.T.);
#5978=ADVANCED_FACE('',(#5977),#5971,.T.);
#5979=CARTESIAN_POINT('',(49.53,-19.05,31.496));
#5980=DIRECTION('',(1.,0.,0.));
#5981=DIRECTION('',(0.,1.,0.));
#5982=AXIS2_PLACEMENT_3D('',#5979,#5980,#5981);
#5983=PLANE('',#5982);
#5984=ORIENTED_EDGE('',*,*,#5926,.T.);
#5985=ORIENTED_EDGE('',*,*,#5951,.T.);
#5986=ORIENTED_EDGE('',*,*,#5931,.F.);
#5987=ORIENTED_EDGE('',*,*,#5936,.F.);
#5988=EDGE_LOOP('',(#5984,#5985,#5986,#5987));
#5989=FACE_OUTER_BOUND('',#5988,.T.);
#5990=ADVANCED_FACE('',(#5989),#5983,.T.);
#5991=CARTESIAN_POINT('',(49.53,19.05,31.496));
#5992=DIRECTION('',(0.,1.,0.));
#5993=DIRECTION('',(-1.,0.,0.));
#5994=AXIS2_PLACEMENT_3D('',#5991,#5992,#5993);
#5995=PLANE('',#5994);
#5996=ORIENTED_EDGE('',*,*,#5941,.T.);
#5997=ORIENTED_EDGE('',*,*,#5966,.T.);
#5998=ORIENTED_EDGE('',*,*,#5946,.F.);
#5999=ORIENTED_EDGE('',*,*,#5951,.F.);
#6000=EDGE_LOOP('',(#5996,#5997,#5998,#5999));
#6001=FACE_OUTER_BOUND('',#6000,.T.);
#6002=ADVANCED_FACE('',(#6001),#5995,.T.);
#6003=CARTESIAN_POINT('',(-16.51,19.05,31.496));
#6004=DIRECTION('',(-1.,0.,0.));
#6005=DIRECTION('',(0.,-1.,0.));
#6006=AXIS2_PLACEMENT_3D('',#6003,#6004,#6005);
#6007=PLANE('',#6006);
#6008=ORIENTED_EDGE('',*,*,#5956,.T.);
#6009=ORIENTED_EDGE('',*,*,#5921,.T.);
#6010=ORIENTED_EDGE('',*,*,#5961,.F.);
#6011=ORIENTED_EDGE('',*,*,#5966,.F.);
#6012=EDGE_LOOP('',(#6008,#6009,#6010,#6011));
#6013=FACE_OUTER_BOUND('',#6012,.T.);
#6014=ADVANCED_FACE('',(#6013),#6007,.T.);
#6015=CARTESIAN_POINT('',(-18.542,-21.59,33.528));
#6016=VERTEX_POINT('',#6015);
#6017=CARTESIAN_POINT('',(51.562,-21.59,33.528));
#6018=VERTEX_POINT('',#6017);
#6019=CARTESIAN_POINT('',(51.562,21.59,33.528));
#6020=VERTEX_POINT('',#6019);
#6021=CARTESIAN_POINT('',(-18.542,21.59,33.528));
#6022=VERTEX_POINT('',#6021);
#6023=CARTESIAN_POINT('',(-18.542,-21.59,35.56));
#6024=VERTEX_POINT('',#6023);
#6025=CARTESIAN_POINT('',(51.562,-21.59,35.56));
#6026=VERTEX_POINT('',#6025);
#6027=CARTESIAN_POINT('',(51.562,21.59,35.56));
#6028=VERTEX_POINT('',#6027);
#6029=CARTESIAN_POINT('',(-18.542,21.59,35.56));
#6030=VERTEX_POINT('',#6029);
#6031=DIRECTION('',(1.,0.,0.));
#6032=VECTOR('',#6031,70.104);
#6033=CARTESIAN_POINT('',(-18.542,-21.59,33.528));
#6034=LINE('',#6033,#6032);
#6035=EDGE_CURVE('',#6016,#6018,#6034,.T.);
#6036=DIRECTION('',(1.,0.,0.));
#6037=VECTOR('',#6036,70.104);
#6038=CARTESIAN_POINT('',(-18.542,-21.59,35.56));
#6039=LINE('',#6038,#6037);
#6040=EDGE_CURVE('',#6024,#6026,#6039,.T.);
#6041=DIRECTION('',(0.,0.,1.));
#6042=VECTOR('',#6041,2.032);
#6043=CARTESIAN_POINT('',(-18.542,-21.59,33.528));
#6044=LINE('',#6043,#6042);
#6045=EDGE_CURVE('',#6016,#6024,#6044,.T.);
#6046=DIRECTION('',(0.,1.,0.));
#6047=VECTOR('',#6046,43.18);
#6048=CARTESIAN_POINT('',(51.562,-21.59,33.528));
#6049=LINE('',#6048,#6047);
#6050=EDGE_CURVE('',#6018,#6020,#6049,.T.);
#6051=DIRECTION('',(0.,1.,0.));
#6052=VECTOR('',#6051,43.18);
#6053=CARTESIAN_POINT('',(51.562,-21.59,35.56));
#6054=LINE('',#6053,#6052);
#6055=EDGE_CURVE('',#6026,#6028,#6054,.T.);
#6056=DIRECTION('',(0.,0.,1.));
#6057=VECTOR('',#6056,2.032);
#6058=CARTESIAN_POINT('',(51.562,-21.59,33.528));
#6059=LINE('',#6058,#6057);
#6060=EDGE_CURVE('',#6018,#6026,#6059,.T.);
#6061=DIRECTION('',(-1.,0.,0.));
#6062=VECTOR('',#6061,70.104);
#6063=CARTESIAN_POINT('',(51.562,21.59,33.528));
#6064=LINE('',#6063,#6062);
#6065=EDGE_CURVE('',#6020,#6022,#6064,.T.);
#6066=DIRECTION('',(-1.,0.,0.));
#6067=VECTOR('',#6066,70.104);
#6068=CARTESIAN_POINT('',(51.562,21.59,35.56));
#6069=LINE('',#6068,#6067);
#6070=EDGE_CURVE('',#6028,#6030,#6069,.T.);
#6071=DIRECTION('',(0.,0.,1.));
#6072=VECTOR('',#6071,2.032);
#6073=CARTESIAN_POINT('',(51.562,21.59,33.528));
#6074=LINE('',#6073,#6072);
#6075=EDGE_CURVE('',#6020,#6028,#6074,.T.);
#6076=DIRECTION('',(0.,-1.,0.));
#6077=VECTOR('',#6076,43.18);
#6078=CARTESIAN_POINT('',(-18.542,21.59,33.528));
#6079=LINE('',#6078,#6077);
#6080=EDGE_CURVE('',#6022,#6016,#6079,.T.);
#6081=DIRECTION('',(0.,-1.,0.));
#6082=VECTOR('',#6081,43.18);
#6083=CARTESIAN_POINT('',(-18.542,21.59,35.56));
#6084=LINE('',#6083,#6082);
#6085=EDGE_CURVE('',#6030,#6024,#6084,.T.);
#6086=DIRECTION('',(0.,0.,1.));
#6087=VECTOR('',#6086,2.032);
#6088=CARTESIAN_POINT('',(-18.542,21.59,33.528));
#6089=LINE('',#6088,#6087);
#6090=EDGE_CURVE('',#6022,#6030,#6089,.T.);
#6091=CARTESIAN_POINT('',(-18.542,-21.59,33.528));
#6092=DIRECTION('',(0.,-1.,0.));
#6093=DIRECTION('',(1.,0.,0.));
#6094=AXIS2_PLACEMENT_3D('',#6091,#6092,#6093);
#6095=PLANE('',#6094);
#6096=ORIENTED_EDGE('',*,*,#6035,.T.);
#6097=ORIENTED_EDGE('',*,*,#6060,.T.);
#6098=ORIENTED_EDGE('',*,*,#6040,.F.);
#6099=ORIENTED_EDGE('',*,*,#6045,.F.);
#6100=EDGE_LOOP('',(#6096,#6097,#6098,#6099));
#6101=FACE_OUTER_BOUND('',#6100,.T.);
#6102=ADVANCED_FACE('',(#6101),#6095,.T.);
#6103=CARTESIAN_POINT('',(51.562,-21.59,33.528));
#6104=DIRECTION('',(1.,0.,0.));
#6105=DIRECTION('',(0.,1.,0.));
#6106=AXIS2_PLACEMENT_3D('',#6103,#6104,#6105);
#6107=PLANE('',#6106);
#6108=ORIENTED_EDGE('',*,*,#6050,.T.);
#6109=ORIENTED_EDGE('',*,*,#6075,.T.);
#6110=ORIENTED_EDGE('',*,*,#6055,.F.);
#6111=ORIENTED_EDGE('',*,*,#6060,.F.);
#6112=EDGE_LOOP('',(#6108,#6109,#6110,#6111));
#6113=FACE_OUTER_BOUND('',#6112,.T.);
#6114=ADVANCED_FACE('',(#6113),#6107,.T.);
#6115=CARTESIAN_POINT('',(51.562,21.59,33.528));
#6116=DIRECTION('',(0.,1.,0.));
#6117=DIRECTION('',(-1.,0.,0.));
#6118=AXIS2_PLACEMENT_3D('',#6115,#6116,#6117);
#6119=PLANE('',#6118);
#6120=ORIENTED_EDGE('',*,*,#6065,.T.);
#6121=ORIENTED_EDGE('',*,*,#6090,.T.);
#6122=ORIENTED_EDGE('',*,*,#6070,.F.);
#6123=ORIENTED_EDGE('',*,*,#6075,.F.);
#6124=EDGE_LOOP('',(#6120,#6121,#6122,#6123));
#6125=FACE_OUTER_BOUND('',#6124,.T.);
#6126=ADVANCED_FACE('',(#6125),#6119,.T.);
#6127=CARTESIAN_POINT('',(-18.542,21.59,33.528));
#6128=DIRECTION('',(-1.,0.,0.));
#6129=DIRECTION('',(0.,-1.,0.));
#6130=AXIS2_PLACEMENT_3D('',#6127,#6128,#6129);
#6131=PLANE('',#6130);
#6132=ORIENTED_EDGE('',*,*,#6080,.T.);
#6133=ORIENTED_EDGE('',*,*,#6045,.T.);
#6134=ORIENTED_EDGE('',*,*,#6085,.F.);
#6135=ORIENTED_EDGE('',*,*,#6090,.F.);
#6136=EDGE_LOOP('',(#6132,#6133,#6134,#6135));
#6137=FACE_OUTER_BOUND('',#6136,.T.);
#6138=ADVANCED_FACE('',(#6137),#6131,.T.);
#6139=CARTESIAN_POINT('',(-16.51,-19.05,35.56));
#6140=VERTEX_POINT('',#6139);
#6141=CARTESIAN_POINT('',(49.53,-19.05,35.56));
#6142=VERTEX_POINT('',#6141);
#6143=CARTESIAN_POINT('',(49.53,19.05,35.56));
#6144=VERTEX_POINT('',#6143);
#6145=CARTESIAN_POINT('',(-16.51,19.05,35.56));
#6146=VERTEX_POINT('',#6145);
#6147=CARTESIAN_POINT('',(-16.51,-19.05,37.592));
#6148=VERTEX_POINT('',#6147);
#6149=CARTESIAN_POINT('',(49.53,-19.05,37.592));
#6150=VERTEX_POINT('',#6149);
#6151=CARTESIAN_POINT('',(49.53,19.05,37.592));
#6152=VERTEX_POINT('',#6151);
#6153=CARTESIAN_POINT('',(-16.51,19.05,37.592));
#6154=VERTEX_POINT('',#6153);
#6155=DIRECTION('',(1.,0.,0.));
#6156=VECTOR('',#6155,66.04);
#6157=CARTESIAN_POINT('',(-16.51,-19.05,35.56));
#6158=LINE('',#6157,#6156);
#6159=EDGE_CURVE('',#6140,#6142,#6158,.T.);
#6160=DIRECTION('',(1.,0.,0.));
#6161=VECTOR('',#6160,66.04);
#6162=CARTESIAN_POINT('',(-16.51,-19.05,37.592));
#6163=LINE('',#6162,#6161);
#6164=EDGE_CURVE('',#6148,#6150,#6163,.T.);
#6165=DIRECTION('',(0.,0.,1.));
#6166=VECTOR('',#6165,2.032);
#6167=CARTESIAN_POINT('',(-16.51,-19.05,35.56));
#6168=LINE('',#6167,#6166);
#6169=EDGE_CURVE('',#6140,#6148,#6168,.T.);
#6170=DIRECTION('',(0.,1.,0.));
#6171=VECTOR('',#6170,38.1);
#6172=CARTESIAN_POINT('',(49.53,-19.05,35.56));
#6173=LINE('',#6172,#6171);
#6174=EDGE_CURVE('',#6142,#6144,#6173,.T.);
#6175=DIRECTION('',(0.,1.,0.));
#6176=VECTOR('',#6175,38.1);
#6177=CARTESIAN_POINT('',(49.53,-19.05,37.592));
#6178=LINE('',#6177,#6176);
#6179=EDGE_CURVE('',#6150,#6152,#6178,.T.);
#6180=DIRECTION('',(0.,0.,1.));
#6181=VECTOR('',#6180,2.032);
#6182=CARTESIAN_POINT('',(49.53,-19.05,35.56));
#6183=LINE('',#6182,#6181);
#6184=EDGE_CURVE('',#6142,#6150,#6183,.T.);
#6185=DIRECTION('',(-1.,0.,0.));
#6186=VECTOR('',#6185,66.04);
#6187=CARTESIAN_POINT('',(49.53,19.05,35.56));
#6188=LINE('',#6187,#6186);
#6189=EDGE_CURVE('',#6144,#6146,#6188,.T.);
#6190=DIRECTION('',(-1.,0.,0.));
#6191=VECTOR('',#6190,66.04);
#6192=CARTESIAN_POINT('',(49.53,19.05,37.592));
#6193=LINE('',#6192,#6191);
#6194=EDGE_CURVE('',#6152,#6154,#6193,.T.);
#6195=DIRECTION('',(0.,0.,1.));
#6196=VECTOR('',#6195,2.032);
#6197=CARTESIAN_POINT('',(49.53,19.05,35.56));
#6198=LINE('',#6197,#6196);
#6199=EDGE_CURVE('',#6144,#6152,#6198,.T.);
#6200=DIRECTION('',(0.,-1.,0.));
#6201=VECTOR('',#6200,38.1);
#6202=CARTESIAN_POINT('',(-16.51,19.05,35.56));
#6203=LINE('',#6202,#6201);
#6204=EDGE_CURVE('',#6146,#6140,#6203,.T.);
#6205=DIRECTION('',(0.,-1.,0.));
#6206=VECTOR('',#6205,38.1);
#6207=CARTESIAN_POINT('',(-16.51,19.05,37.592));
#6208=LINE('',#6207,#6206);
#6209=EDGE_CURVE('',#6154,#6148,#6208,.T.);
#6210=DIRECTION('',(0.,0.,1.));
#6211=VECTOR('',#6210,2.032);
#6212=CARTESIAN_POINT('',(-16.51,19.05,35.56));
#6213=LINE('',#6212,#6211);
#6214=EDGE_CURVE('',#6146,#6154,#6213,.T.);
#6215=CARTESIAN_POINT('',(-16.51,-19.05,35.56));
#6216=DIRECTION('',(0.,-1.,0.));
#6217=DIRECTION('',(1.,0.,0.));
#6218=AXIS2_PLACEMENT_3D('',#6215,#6216,#6217);
#6219=PLANE('',#6218);
#6220=ORIENTED_EDGE('',*,*,#6159,.T.);
#6221=ORIENTED_EDGE('',*,*,#6184,.T.);
#6222=ORIENTED_EDGE('',*,*,#6164,.F.);
#6223=ORIENTED_EDGE('',*,*,#6169,.F.);
#6224=EDGE_LOOP('',(#6220,#6221,#6222,#6223));
#6225=FACE_OUTER_BOUND('',#6224,.T.);
#6226=ADVANCED_FACE('',(#6225),#6219,.T.);
#6227=CARTESIAN_POINT('',(49.53,-19.05,35.56));
#6228=DIRECTION('',(1.,0.,0.));
#6229=DIRECTION('',(0.,1.,0.));
#6230=AXIS2_PLACEMENT_3D('',#6227,#6228,#6229);
#6231=PLANE('',#6230);
#6232=ORIENTED_EDGE('',*,*,#6174,.T.);
#6233=ORIENTED_EDGE('',*,*,#6199,.T.);
#6234=ORIENTED_EDGE('',*,*,#6179,.F.);
#6235=ORIENTED_EDGE('',*,*,#6184,.F.);
#6236=EDGE_LOOP('',(#6232,#6233,#6234,#6235));
#6237=FACE_OUTER_BOUND('',#6236,.T.);
#6238=ADVANCED_FACE('',(#6237),#6231,.T.);
#6239=CARTESIAN_POINT('',(49.53,19.05,35.56));
#6240=DIRECTION('',(0.,1.,0.));
#6241=DIRECTION('',(-1.,0.,0.));
#6242=AXIS2_PLACEMENT_3D('',#6239,#6240,#6241);
#6243=PLANE('',#6242);
#6244=ORIENTED_EDGE('',*,*,#6189,.T.);
#6245=ORIENTED_EDGE('',*,*,#6214,.T.);
#6246=ORIENTED_EDGE('',*,*,#6194,.F.);
#6247=ORIENTED_EDGE('',*,*,#6199,.F.);
#6248=EDGE_LOOP('',(#6244,#6245,#6246,#6247));
#6249=FACE_OUTER_BOUND('',#6248,.T.);
#6250=ADVANCED_FACE('',(#6249),#6243,.T.);
#6251=CARTESIAN_POINT('',(-16.51,19.05,35.56));
#6252=DIRECTION('',(-1.,0.,0.));
#6253=DIRECTION('',(0.,-1.,0.));
#6254=AXIS2_PLACEMENT_3D('',#6251,#6252,#6253);
#6255=PLANE('',#6254);
#6256=ORIENTED_EDGE('',*,*,#6204,.T.);
#6257=ORIENTED_EDGE('',*,*,#6169,.T.);
#6258=ORIENTED_EDGE('',*,*,#6209,.F.);
#6259=ORIENTED_EDGE('',*,*,#6214,.F.);
#6260=EDGE_LOOP('',(#6256,#6257,#6258,#6259));
#6261=FACE_OUTER_BOUND('',#6260,.T.);
#6262=ADVANCED_FACE('',(#6261),#6255,.T.);
#6263=CARTESIAN_POINT('',(-18.542,-21.59,37.592));
#6264=VERTEX_POINT('',#6263);
#6265=CARTESIAN_POINT('',(51.562,-21.59,37.592));
#6266=VERTEX_POINT('',#6265);
#6267=CARTESIAN_POINT('',(51.562,21.59,37.592));
#6268=VERTEX_POINT('',#6267);
#6269=CARTESIAN_POINT('',(-18.542,21.59,37.592));
#6270=VERTEX_POINT('',#6269);
#6271=CARTESIAN_POINT('',(-18.542,-21.59,39.624));
#6272=VERTEX_POINT('',#6271);
#6273=CARTESIAN_POINT('',(51.562,-21.59,39.624));
#6274=VERTEX_POINT('',#6273);
#6275=CARTESIAN_POINT('',(51.562,21.59,39.624));
#6276=VERTEX_POINT('',#6275);
#6277=CARTESIAN_POINT('',(-18.542,21.59,39.624));
#6278=VERTEX_POINT('',#6277);
#6279=DIRECTION('',(1.,0.,0.));
#6280=VECTOR('',#6279,70.104);
#6281=CARTESIAN_POINT('',(-18.542,-21.59,37.592));
#6282=LINE('',#6281,#6280);
#6283=EDGE_CURVE('',#6264,#6266,#6282,.T.);
#6284=DIRECTION('',(1.,0.,0.));
#6285=VECTOR('',#6284,70.104);
#6286=CARTESIAN_POINT('',(-18.542,-21.59,39.624));
#6287=LINE('',#6286,#6285);
#6288=EDGE_CURVE('',#6272,#6274,#6287,.T.);
#6289=DIRECTION('',(0.,0.,1.));
#6290=VECTOR('',#6289,2.032);
#6291=CARTESIAN_POINT('',(-18.542,-21.59,37.592));
#6292=LINE('',#6291,#6290);
#6293=EDGE_CURVE('',#6264,#6272,#6292,.T.);
#6294=DIRECTION('',(0.,1.,0.));
#6295=VECTOR('',#6294,43.18);
#6296=CARTESIAN_POINT('',(51.562,-21.59,37.592));
#6297=LINE('',#6296,#6295);
#6298=EDGE_CURVE('',#6266,#6268,#6297,.T.);
#6299=DIRECTION('',(0.,1.,0.));
#6300=VECTOR('',#6299,43.18);
#6301=CARTESIAN_POINT('',(51.562,-21.59,39.624));
#6302=LINE('',#6301,#6300);
#6303=EDGE_CURVE('',#6274,#6276,#6302,.T.);
#6304=DIRECTION('',(0.,0.,1.));
#6305=VECTOR('',#6304,2.032);
#6306=CARTESIAN_POINT('',(51.562,-21.59,37.592));
#6307=LINE('',#6306,#6305);
#6308=EDGE_CURVE('',#6266,#6274,#6307,.T.);
#6309=DIRECTION('',(-1.,0.,0.));
#6310=VECTOR('',#6309,70.104);
#6311=CARTESIAN_POINT('',(51.562,21.59,37.592));
#6312=LINE('',#6311,#6310);
#6313=EDGE_CURVE('',#6268,#6270,#6312,.T.);
#6314=DIRECTION('',(-1.,0.,0.));
#6315=VECTOR('',#6314,70.104);
#6316=CARTESIAN_POINT('',(51.562,21.59,39.624));
#6317=LINE('',#6316,#6315);
#6318=EDGE_CURVE('',#6276,#6278,#6317,.T.);
#6319=DIRECTION('',(0.,0.,1.));
#6320=VECTOR('',#6319,2.032);
#6321=CARTESIAN_POINT('',(51.562,21.59,37.592));
#6322=LINE('',#6321,#6320);
#6323=EDGE_CURVE('',#6268,#6276,#6322,.T.);
#6324=DIRECTION('',(0.,-1.,0.));
#6325=VECTOR('',#6324,43.18);
#6326=CARTESIAN_POINT('',(-18.542,21.59,37.592));
#6327=LINE('',#6326,#6325);
#6328=EDGE_CURVE('',#6270,#6264,#6327,.T.);
#6329=DIRECTION('',(0.,-1.,0.));
#6330=VECTOR('',#6329,43.18);
#6331=CARTESIAN_POINT('',(-18.542,21.59,39.624));
#6332=LINE('',#6331,#6330);
#6333=EDGE_CURVE('',#6278,#6272,#6332,.T.);
#6334=DIRECTION('',(0.,0.,1.));
#6335=VECTOR('',#6334,2.032);
#6336=CARTESIAN_POINT('',(-18.542,21.59,37.592));
#6337=LINE('',#6336,#6335);
#6338=EDGE_CURVE('',#6270,#6278,#6337,.T.);
#6339=CARTESIAN_POINT('',(-18.542,-21.59,37.592));
#6340=DIRECTION('',(0.,-1.,0.));
#6341=DIRECTION('',(1.,0.,0.));
#6342=AXIS2_PLACEMENT_3D('',#6339,#6340,#6341);
#6343=PLANE('',#6342);
#6344=ORIENTED_EDGE('',*,*,#6283,.T.);
#6345=ORIENTED_EDGE('',*,*,#6308,.T.);
#6346=ORIENTED_EDGE('',*,*,#6288,.F.);
#6347=ORIENTED_EDGE('',*,*,#6293,.F.);
#6348=EDGE_LOOP('',(#6344,#6345,#6346,#6347));
#6349=FACE_OUTER_BOUND('',#6348,.T.);
#6350=ADVANCED_FACE('',(#6349),#6343,.T.);
#6351=CARTESIAN_POINT('',(51.562,-21.59,37.592));
#6352=DIRECTION('',(1.,0.,0.));
#6353=DIRECTION('',(0.,1.,0.));
#6354=AXIS2_PLACEMENT_3D('',#6351,#6352,#6353);
#6355=PLANE('',#6354);
#6356=ORIENTED_EDGE('',*,*,#6298,.T.);
#6357=ORIENTED_EDGE('',*,*,#6323,.T.);
#6358=ORIENTED_EDGE('',*,*,#6303,.F.);
#6359=ORIENTED_EDGE('',*,*,#6308,.F.);
#6360=EDGE_LOOP('',(#6356,#6357,#6358,#6359));
#6361=FACE_OUTER_BOUND('',#6360,.T.);
#6362=ADVANCED_FACE('',(#6361),#6355,.T.);
#6363=CARTESIAN_POINT('',(51.562,21.59,37.592));
#6364=DIRECTION('',(0.,1.,0.));
#6365=DIRECTION('',(-1.,0.,0.));
#6366=AXIS2_PLACEMENT_3D('',#6363,#6364,#6365);
#6367=PLANE('',#6366);
#6368=ORIENTED_EDGE('',*,*,#6313,.T.);
#6369=ORIENTED_EDGE('',*,*,#6338,.T.);
#6370=ORIENTED_EDGE('',*,*,#6318,.F.);
#6371=ORIENTED_EDGE('',*,*,#6323,.F.);
#6372=EDGE_LOOP('',(#6368,#6369,#6370,#6371));
#6373=FACE_OUTER_BOUND('',#6372,.T.);
#6374=ADVANCED_FACE('',(#6373),#6367,.T.);
#6375=CARTESIAN_POINT('',(-18.542,21.59,37.592));
#6376=DIRECTION('',(-1.,0.,0.));
#6377=DIRECTION('',(0.,-1.,0.));
#6378=AXIS2_PLACEMENT_3D('',#6375,#6376,#6377);
#6379=PLANE('',#6378);
#6380=ORIENTED_EDGE('',*,*,#6328,.T.);
#6381=ORIENTED_EDGE('',*,*,#6293,.T.);
#6382=ORIENTED_EDGE('',*,*,#6333,.F.);
#6383=ORIENTED_EDGE('',*,*,#6338,.F.);
#6384=EDGE_LOOP('',(#6380,#6381,#6382,#6383));
#6385=FACE_OUTER_BOUND('',#6384,.T.);
#6386=ADVANCED_FACE('',(#6385),#6379,.T.);
#6387=CARTESIAN_POINT('',(-16.51,-19.05,39.624));
#6388=VERTEX_POINT('',#6387);
#6389=CARTESIAN_POINT('',(49.53,-19.05,39.624));
#6390=VERTEX_POINT('',#6389);
#6391=CARTESIAN_POINT('',(49.53,19.05,39.624));
#6392=VERTEX_POINT('',#6391);
#6393=CARTESIAN_POINT('',(-16.51,19.05,39.624));
#6394=VERTEX_POINT('',#6393);
#6395=CARTESIAN_POINT('',(-16.51,-19.05,41.656));
#6396=VERTEX_POINT('',#6395);
#6397=CARTESIAN_POINT('',(49.53,-19.05,41.656));
#6398=VERTEX_POINT('',#6397);
#6399=CARTESIAN_POINT('',(49.53,19.05,41.656));
#6400=VERTEX_POINT('',#6399);
#6401=CARTESIAN_POINT('',(-16.51,19.05,41.656));
#6402=VERTEX_POINT('',#6401);
#6403=DIRECTION('',(1.,0.,0.));
#6404=VECTOR('',#6403,66.04);
#6405=CARTESIAN_POINT('',(-16.51,-19.05,39.624));
#6406=LINE('',#6405,#6404);
#6407=EDGE_CURVE('',#6388,#6390,#6406,.T.);
#6408=DIRECTION('',(1.,0.,0.));
#6409=VECTOR('',#6408,66.04);
#6410=CARTESIAN_POINT('',(-16.51,-19.05,41.656));
#6411=LINE('',#6410,#6409);
#6412=EDGE_CURVE('',#6396,#6398,#6411,.T.);
#6413=DIRECTION('',(0.,0.,1.));
#6414=VECTOR('',#6413,2.032);
#6415=CARTESIAN_POINT('',(-16.51,-19.05,39.624));
#6416=LINE('',#6415,#6414);
#6417=EDGE_CURVE('',#6388,#6396,#6416,.T.);
#6418=DIRECTION('',(0.,1.,0.));
#6419=VECTOR('',#6418,38.1);
#6420=CARTESIAN_POINT('',(49.53,-19.05,39.624));
#6421=LINE('',#6420,#6419);
#6422=EDGE_CURVE('',#6390,#6392,#6421,.T.);
#6423=DIRECTION('',(0.,1.,0.));
#6424=VECTOR('',#6423,38.1);
#6425=CARTESIAN_POINT('',(49.53,-19.05,41.656));
#6426=LINE('',#6425,#6424);
#6427=EDGE_CURVE('',#6398,#6400,#6426,.T.);
#6428=DIRECTION('',(0.,0.,1.));
#6429=VECTOR('',#6428,2.032);
#6430=CARTESIAN_POINT('',(49.53,-19.05,39.624));
#6431=LINE('',#6430,#6429);
#6432=EDGE_CURVE('',#6390,#6398,#6431,.T.);
#6433=DIRECTION('',(-1.,0.,0.));
#6434=VECTOR('',#6433,66.04);
#6435=CARTESIAN_POINT('',(49.53,19.05,39.624));
#6436=LINE('',#6435,#6434);
#6437=EDGE_CURVE('',#6392,#6394,#6436,.T.);
#6438=DIRECTION('',(-1.,0.,0.));
#6439=VECTOR('',#6438,66.04);
#6440=CARTESIAN_POINT('',(49.53,19.05,41.656));
#6441=LINE('',#6440,#6439);
#6442=EDGE_CURVE('',#6400,#6402,#6441,.T.);
#6443=DIRECTION('',(0.,0.,1.));
#6444=VECTOR('',#6443,2.032);
#6445=CARTESIAN_POINT('',(49.53,19.05,39.624));
#6446=LINE('',#6445,#6444);
#6447=EDGE_CURVE('',#6392,#6400,#6446,.T.);
#6448=DIRECTION('',(0.,-1.,0.));
#6449=VECTOR('',#6448,38.1);
#6450=CARTESIAN_POINT('',(-16.51,19.05,39.624));
#6451=LINE('',#6450,#6449);
#6452=EDGE_CURVE('',#6394,#6388,#6451,.T.);
#6453=DIRECTION('',(0.,-1.,0.));
#6454=VECTOR('',#6453,38.1);
#6455=CARTESIAN_POINT('',(-16.51,19.05,41.656));
#6456=LINE('',#6455,#6454);
#6457=EDGE_CURVE('',#6402,#6396,#6456,.T.);
#6458=DIRECTION('',(0.,0.,1.));
#6459=VECTOR('',#6458,2.032);
#6460=CARTESIAN_POINT('',(-16.51,19.05,39.624));
#6461=LINE('',#6460,#6459);
#6462=EDGE_CURVE('',#6394,#6402,#6461,.T.);
#6463=CARTESIAN_POINT('',(-16.51,-19.05,39.624));
#6464=DIRECTION('',(0.,-1.,0.));
#6465=DIRECTION('',(1.,0.,0.));
#6466=AXIS2_PLACEMENT_3D('',#6463,#6464,#6465);
#6467=PLANE('',#6466);
#6468=ORIENTED_EDGE('',*,*,#6407,.T.);
#6469=ORIENTED_EDGE('',*,*,#6432,.T.);
#6470=ORIENTED_EDGE('',*,*,#6412,.F.);
#6471=ORIENTED_EDGE('',*,*,#6417,.F.);
#6472=EDGE_LOOP('',(#6468,#6469,#6470,#6471));
#6473=FACE_OUTER_BOUND('',#6472,.T.);
#6474=ADVANCED_FACE('',(#6473),#6467,.T.);
#6475=CARTESIAN_POINT('',(49.53,-19.05,39.624));
#6476=DIRECTION('',(1.,0.,0.));
#6477=DIRECTION('',(0.,1.,0.));
#6478=AXIS2_PLACEMENT_3D('',#6475,#6476,#6477);
#6479=PLANE('',#6478);
#6480=ORIENTED_EDGE('',*,*,#6422,.T.);
#6481=ORIENTED_EDGE('',*,*,#6447,.T.);
#6482=ORIENTED_EDGE('',*,*,#6427,.F.);
#6483=ORIENTED_EDGE('',*,*,#6432,.F.);
#6484=EDGE_LOOP('',(#6480,#6481,#6482,#6483));
#6485=FACE_OUTER_BOUND('',#6484,.T.);
#6486=ADVANCED_FACE('',(#6485),#6479,.T.);
#6487=CARTESIAN_POINT('',(49.53,19.05,39.624));
#6488=DIRECTION('',(0.,1.,0.));
#6489=DIRECTION('',(-1.,0.,0.));
#6490=AXIS2_PLACEMENT_3D('',#6487,#6488,#6489);
#6491=PLANE('',#6490);
#6492=ORIENTED_EDGE('',*,*,#6437,.T.);
#6493=ORIENTED_EDGE('',*,*,#6462,.T.);
#6494=ORIENTED_EDGE('',*,*,#6442,.F.);
#6495=ORIENTED_EDGE('',*,*,#6447,.F.);
#6496=EDGE_LOOP('',(#6492,#6493,#6494,#6495));
#6497=FACE_OUTER_BOUND('',#6496,.T.);
#6498=ADVANCED_FACE('',(#6497),#6491,.T.);
#6499=CARTESIAN_POINT('',(-16.51,19.05,39.624));
#6500=DIRECTION('',(-1.,0.,0.));
#6501=DIRECTION('',(0.,-1.,0.));
#6502=AXIS2_PLACEMENT_3D('',#6499,#6500,#6501);
#6503=PLANE('',#6502);
#6504=ORIENTED_EDGE('',*,*,#6452,.T.);
#6505=ORIENTED_EDGE('',*,*,#6417,.T.);
#6506=ORIENTED_EDGE('',*,*,#6457,.F.);
#6507=ORIENTED_EDGE('',*,*,#6462,.F.);
#6508=EDGE_LOOP('',(#6504,#6505,#6506,#6507));
#6509=FACE_OUTER_BOUND('',#6508,.T.);
#6510=ADVANCED_FACE('',(#6509),#6503,.T.);
#6511=CARTESIAN_POINT('',(-18.542,-21.59,41.656));
#6512=VERTEX_POINT('',#6511);
#6513=CARTESIAN_POINT('',(51.562,-21.59,41.656));
#6514=VERTEX_POINT('',#6513);
#6515=CARTESIAN_POINT('',(51.562,21.59,41.656));
#6516=VERTEX_POINT('',#6515);
#6517=CARTESIAN_POINT('',(-18.542,21.59,41.656));
#6518=VERTEX_POINT('',#6517);
#6519=CARTESIAN_POINT('',(-18.542,-21.59,43.688));
#6520=VERTEX_POINT('',#6519);
#6521=CARTESIAN_POINT('',(51.562,-21.59,43.688));
#6522=VERTEX_POINT('',#6521);
#6523=CARTESIAN_POINT('',(51.562,21.59,43.688));
#6524=VERTEX_POINT('',#6523);
#6525=CARTESIAN_POINT('',(-18.542,21.59,43.688));
#6526=VERTEX_POINT('',#6525);
#6527=DIRECTION('',(1.,0.,0.));
#6528=VECTOR('',#6527,70.104);
#6529=CARTESIAN_POINT('',(-18.542,-21.59,41.656));
#6530=LINE('',#6529,#6528);
#6531=EDGE_CURVE('',#6512,#6514,#6530,.T.);
#6532=DIRECTION('',(1.,0.,0.));
#6533=VECTOR('',#6532,70.104);
#6534=CARTESIAN_POINT('',(-18.542,-21.59,43.688));
#6535=LINE('',#6534,#6533);
#6536=EDGE_CURVE('',#6520,#6522,#6535,.T.);
#6537=DIRECTION('',(0.,0.,1.));
#6538=VECTOR('',#6537,2.032);
#6539=CARTESIAN_POINT('',(-18.542,-21.59,41.656));
#6540=LINE('',#6539,#6538);
#6541=EDGE_CURVE('',#6512,#6520,#6540,.T.);
#6542=DIRECTION('',(0.,1.,0.));
#6543=VECTOR('',#6542,43.18);
#6544=CARTESIAN_POINT('',(51.562,-21.59,41.656));
#6545=LINE('',#6544,#6543);
#6546=EDGE_CURVE('',#6514,#6516,#6545,.T.);
#6547=DIRECTION('',(0.,1.,0.));
#6548=VECTOR('',#6547,43.18);
#6549=CARTESIAN_POINT('',(51.562,-21.59,43.688));
#6550=LINE('',#6549,#6548);
#6551=EDGE_CURVE('',#6522,#6524,#6550,.T.);
#6552=DIRECTION('',(0.,0.,1.));
#6553=VECTOR('',#6552,2.032);
#6554=CARTESIAN_POINT('',(51.562,-21.59,41.656));
#6555=LINE('',#6554,#6553);
#6556=EDGE_CURVE('',#6514,#6522,#6555,.T.);
#6557=DIRECTION('',(-1.,0.,0.));
#6558=VECTOR('',#6557,70.104);
#6559=CARTESIAN_POINT('',(51.562,21.59,41.656));
#6560=LINE('',#6559,#6558);
#6561=EDGE_CURVE('',#6516,#6518,#6560,.T.);
#6562=DIRECTION('',(-1.,0.,0.));
#6563=VECTOR('',#6562,70.104);
#6564=CARTESIAN_POINT('',(51.562,21.59,43.688));
#6565=LINE('',#6564,#6563);
#6566=EDGE_CURVE('',#6524,#6526,#6565,.T.);
#6567=DIRECTION('',(0.,0.,1.));
#6568=VECTOR('',#6567,2.032);
#6569=CARTESIAN_POINT('',(51.562,21.59,41.656));
#6570=LINE('',#6569,#6568);
#6571=EDGE_CURVE('',#6516,#6524,#6570,.T.);
#6572=DIRECTION('',(0.,-1.,0.));
#6573=VECTOR('',#6572,43.18);
#6574=CARTESIAN_POINT('',(-18.542,21.59,41.656));
#6575=LINE('',#6574,#6573);
#6576=EDGE_CURVE('',#6518,#6512,#6575,.T.);
#6577=DIRECTION('',(0.,-1.,0.));
#6578=VECTOR('',#6577,43.18);
#6579=CARTESIAN_POINT('',(-18.542,21.59,43.688));
#6580=LINE('',#6579,#6578);
#6581=EDGE_CURVE('',#6526,#6520,#6580,.T.);
#6582=DIRECTION('',(0.,0.,1.));
#6583=VECTOR('',#6582,2.032);
#6584=CARTESIAN_POINT('',(-18.542,21.59,41.656));
#6585=LINE('',#6584,#6583);
#6586=EDGE_CURVE('',#6518,#6526,#6585,.T.);
#6587=CARTESIAN_POINT('',(-18.542,-21.59,41.656));
#6588=DIRECTION('',(0.,-1.,0.));
#6589=DIRECTION('',(1.,0.,0.));
#6590=AXIS2_PLACEMENT_3D('',#6587,#6588,#6589);
#6591=PLANE('',#6590);
#6592=ORIENTED_EDGE('',*,*,#6531,.T.);
#6593=ORIENTED_EDGE('',*,*,#6556,.T.);
#6594=ORIENTED_EDGE('',*,*,#6536,.F.);
#6595=ORIENTED_EDGE('',*,*,#6541,.F.);
#6596=EDGE_LOOP('',(#6592,#6593,#6594,#6595));
#6597=FACE_OUTER_BOUND('',#6596,.T.);
#6598=ADVANCED_FACE('',(#6597),#6591,.T.);
#6599=CARTESIAN_POINT('',(51.562,-21.59,41.656));
#6600=DIRECTION('',(1.,0.,0.));
#6601=DIRECTION('',(0.,1.,0.));
#6602=AXIS2_PLACEMENT_3D('',#6599,#6600,#6601);
#6603=PLANE('',#6602);
#6604=ORIENTED_EDGE('',*,*,#6546,.T.);
#6605=ORIENTED_EDGE('',*,*,#6571,.T.);
#6606=ORIENTED_EDGE('',*,*,#6551,.F.);
#6607=ORIENTED_EDGE('',*,*,#6556,.F.);
#6608=EDGE_LOOP('',(#6604,#6605,#6606,#6607));
#6609=FACE_OUTER_BOUND('',#6608,.T.);
#6610=ADVANCED_FACE('',(#6609),#6603,.T.);
#6611=CARTESIAN_POINT('',(51.562,21.59,41.656));
#6612=DIRECTION('',(0.,1.,0.));
#6613=DIRECTION('',(-1.,0.,0.));
#6614=AXIS2_PLACEMENT_3D('',#6611,#6612,#6613);
#6615=PLANE('',#6614);
#6616=ORIENTED_EDGE('',*,*,#6561,.T.);
#6617=ORIENTED_EDGE('',*,*,#6586,.T.);
#6618=ORIENTED_EDGE('',*,*,#6566,.F.);
#6619=ORIENTED_EDGE('',*,*,#6571,.F.);
#6620=EDGE_LOOP('',(#6616,#6617,#6618,#6619));
#6621=FACE_OUTER_BOUND('',#6620,.T.);
#6622=ADVANCED_FACE('',(#6621),#6615,.T.);
#6623=CARTESIAN_POINT('',(-18.542,21.59,41.656));
#6624=DIRECTION('',(-1.,0.,0.));
#6625=DIRECTION('',(0.,-1.,0.));
#6626=AXIS2_PLACEMENT_3D('',#6623,#6624,#6625);
#6627=PLANE('',#6626);
#6628=ORIENTED_EDGE('',*,*,#6576,.T.);
#6629=ORIENTED_EDGE('',*,*,#6541,.T.);
#6630=ORIENTED_EDGE('',*,*,#6581,.F.);
#6631=ORIENTED_EDGE('',*,*,#6586,.F.);
#6632=EDGE_LOOP('',(#6628,#6629,#6630,#6631));
#6633=FACE_OUTER_BOUND('',#6632,.T.);
#6634=ADVANCED_FACE('',(#6633),#6627,.T.);
#6635=CARTESIAN_POINT('',(-16.51,-19.05,43.688));
#6636=VERTEX_POINT('',#6635);
#6637=CARTESIAN_POINT('',(49.53,-19.05,43.688));
#6638=VERTEX_POINT('',#6637);
#6639=CARTESIAN_POINT('',(49.53,19.05,43.688));
#6640=VERTEX_POINT('',#6639);
#6641=CARTESIAN_POINT('',(-16.51,19.05,43.688));
#6642=VERTEX_POINT('',#6641);
#6643=CARTESIAN_POINT('',(-16.51,-19.05,45.72));
#6644=VERTEX_POINT('',#6643);
#6645=CARTESIAN_POINT('',(49.53,-19.05,45.72));
#6646=VERTEX_POINT('',#6645);
#6647=CARTESIAN_POINT('',(49.53,19.05,45.72));
#6648=VERTEX_POINT('',#6647);
#6649=CARTESIAN_POINT('',(-16.51,19.05,45.72));
#6650=VERTEX_POINT('',#6649);
#6651=DIRECTION('',(1.,0.,0.));
#6652=VECTOR('',#6651,66.04);
#6653=CARTESIAN_POINT('',(-16.51,-19.05,43.688));
#6654=LINE('',#6653,#6652);
#6655=EDGE_CURVE('',#6636,#6638,#6654,.T.);
#6656=DIRECTION('',(1.,0.,0.));
#6657=VECTOR('',#6656,66.04);
#6658=CARTESIAN_POINT('',(-16.51,-19.05,45.72));
#6659=LINE('',#6658,#6657);
#6660=EDGE_CURVE('',#6644,#6646,#6659,.T.);
#6661=DIRECTION('',(0.,0.,1.));
#6662=VECTOR('',#6661,2.032);
#6663=CARTESIAN_POINT('',(-16.51,-19.05,43.688));
#6664=LINE('',#6663,#6662);
#6665=EDGE_CURVE('',#6636,#6644,#6664,.T.);
#6666=DIRECTION('',(0.,1.,0.));
#6667=VECTOR('',#6666,38.1);
#6668=CARTESIAN_POINT('',(49.53,-19.05,43.688));
#6669=LINE('',#6668,#6667);
#6670=EDGE_CURVE('',#6638,#6640,#6669,.T.);
#6671=DIRECTION('',(0.,1.,0.));
#6672=VECTOR('',#6671,38.1);
#6673=CARTESIAN_POINT('',(49.53,-19.05,45.72));
#6674=LINE('',#6673,#6672);
#6675=EDGE_CURVE('',#6646,#6648,#6674,.T.);
#6676=DIRECTION('',(0.,0.,1.));
#6677=VECTOR('',#6676,2.032);
#6678=CARTESIAN_POINT('',(49.53,-19.05,43.688));
#6679=LINE('',#6678,#6677);
#6680=EDGE_CURVE('',#6638,#6646,#6679,.T.);
#6681=DIRECTION('',(-1.,0.,0.));
#6682=VECTOR('',#6681,66.04);
#6683=CARTESIAN_POINT('',(49.53,19.05,43.688));
#6684=LINE('',#6683,#6682);
#6685=EDGE_CURVE('',#6640,#6642,#6684,.T.);
#6686=DIRECTION('',(-1.,0.,0.));
#6687=VECTOR('',#6686,66.04);
#6688=CARTESIAN_POINT('',(49.53,19.05,45.72));
#6689=LINE('',#6688,#6687);
#6690=EDGE_CURVE('',#6648,#6650,#6689,.T.);
#6691=DIRECTION('',(0.,0.,1.));
#6692=VECTOR('',#6691,2.032);
#6693=CARTESIAN_POINT('',(49.53,19.05,43.688));
#6694=LINE('',#6693,#6692);
#6695=EDGE_CURVE('',#6640,#6648,#6694,.T.);
#6696=DIRECTION('',(0.,-1.,0.));
#6697=VECTOR('',#6696,38.1);
#6698=CARTESIAN_POINT('',(-16.51,19.05,43.688));
#6699=LINE('',#6698,#6697);
#6700=EDGE_CURVE('',#6642,#6636,#6699,.T.);
#6701=DIRECTION('',(0.,-1.,0.));
#6702=VECTOR('',#6701,38.1);
#6703=CARTESIAN_POINT('',(-16.51,19.05,45.72));
#6704=LINE('',#6703,#6702);
#6705=EDGE_CURVE('',#6650,#6644,#6704,.T.);
#6706=DIRECTION('',(0.,0.,1.));
#6707=VECTOR('',#6706,2.032);
#6708=CARTESIAN_POINT('',(-16.51,19.05,43.688));
#6709=LINE('',#6708,#6707);
#6710=EDGE_CURVE('',#6642,#6650,#6709,.T.);
#6711=CARTESIAN_POINT('',(-16.51,-19.05,43.688));
#6712=DIRECTION('',(0.,-1.,0.));
#6713=DIRECTION('',(1.,0.,0.));
#6714=AXIS2_PLACEMENT_3D('',#6711,#6712,#6713);
#6715=PLANE('',#6714);
#6716=ORIENTED_EDGE('',*,*,#6655,.T.);
#6717=ORIENTED_EDGE('',*,*,#6680,.T.);
#6718=ORIENTED_EDGE('',*,*,#6660,.F.);
#6719=ORIENTED_EDGE('',*,*,#6665,.F.);
#6720=EDGE_LOOP('',(#6716,#6717,#6718,#6719));
#6721=FACE_OUTER_BOUND('',#6720,.T.);
#6722=ADVANCED_FACE('',(#6721),#6715,.T.);
#6723=CARTESIAN_POINT('',(49.53,-19.05,43.688));
#6724=DIRECTION('',(1.,0.,0.));
#6725=DIRECTION('',(0.,1.,0.));
#6726=AXIS2_PLACEMENT_3D('',#6723,#6724,#6725);
#6727=PLANE('',#6726);
#6728=ORIENTED_EDGE('',*,*,#6670,.T.);
#6729=ORIENTED_EDGE('',*,*,#6695,.T.);
#6730=ORIENTED_EDGE('',*,*,#6675,.F.);
#6731=ORIENTED_EDGE('',*,*,#6680,.F.);
#6732=EDGE_LOOP('',(#6728,#6729,#6730,#6731));
#6733=FACE_OUTER_BOUND('',#6732,.T.);
#6734=ADVANCED_FACE('',(#6733),#6727,.T.);
#6735=CARTESIAN_POINT('',(49.53,19.05,43.688));
#6736=DIRECTION('',(0.,1.,0.));
#6737=DIRECTION('',(-1.,0.,0.));
#6738=AXIS2_PLACEMENT_3D('',#6735,#6736,#6737);
#6739=PLANE('',#6738);
#6740=ORIENTED_EDGE('',*,*,#6685,.T.);
#6741=ORIENTED_EDGE('',*,*,#6710,.T.);
#6742=ORIENTED_EDGE('',*,*,#6690,.F.);
#6743=ORIENTED_EDGE('',*,*,#6695,.F.);
#6744=EDGE_LOOP('',(#6740,#6741,#6742,#6743));
#6745=FACE_OUTER_BOUND('',#6744,.T.);
#6746=ADVANCED_FACE('',(#6745),#6739,.T.);
#6747=CARTESIAN_POINT('',(-16.51,19.05,43.688));
#6748=DIRECTION('',(-1.,0.,0.));
#6749=DIRECTION('',(0.,-1.,0.));
#6750=AXIS2_PLACEMENT_3D('',#6747,#6748,#6749);
#6751=PLANE('',#6750);
#6752=ORIENTED_EDGE('',*,*,#6700,.T.);
#6753=ORIENTED_EDGE('',*,*,#6665,.T.);
#6754=ORIENTED_EDGE('',*,*,#6705,.F.);
#6755=ORIENTED_EDGE('',*,*,#6710,.F.);
#6756=EDGE_LOOP('',(#6752,#6753,#6754,#6755));
#6757=FACE_OUTER_BOUND('',#6756,.T.);
#6758=ADVANCED_FACE('',(#6757),#6751,.T.);
#6759=CARTESIAN_POINT('',(-18.542,-21.59,45.72));
#6760=VERTEX_POINT('',#6759);
#6761=CARTESIAN_POINT('',(51.562,-21.59,45.72));
#6762=VERTEX_POINT('',#6761);
#6763=CARTESIAN_POINT('',(51.562,21.59,45.72));
#6764=VERTEX_POINT('',#6763);
#6765=CARTESIAN_POINT('',(-18.542,21.59,45.72));
#6766=VERTEX_POINT('',#6765);
#6767=CARTESIAN_POINT('',(-18.542,-21.59,47.752));
#6768=VERTEX_POINT('',#6767);
#6769=CARTESIAN_POINT('',(51.562,-21.59,47.752));
#6770=VERTEX_POINT('',#6769);
#6771=CARTESIAN_POINT('',(51.562,21.59,47.752));
#6772=VERTEX_POINT('',#6771);
#6773=CARTESIAN_POINT('',(-18.542,21.59,47.752));
#6774=VERTEX_POINT('',#6773);
#6775=DIRECTION('',(1.,0.,0.));
#6776=VECTOR('',#6775,70.104);
#6777=CARTESIAN_POINT('',(-18.542,-21.59,45.72));
#6778=LINE('',#6777,#6776);
#6779=EDGE_CURVE('',#6760,#6762,#6778,.T.);
#6780=DIRECTION('',(1.,0.,0.));
#6781=VECTOR('',#6780,70.104);
#6782=CARTESIAN_POINT('',(-18.542,-21.59,47.752));
#6783=LINE('',#6782,#6781);
#6784=EDGE_CURVE('',#6768,#6770,#6783,.T.);
#6785=DIRECTION('',(0.,0.,1.));
#6786=VECTOR('',#6785,2.032);
#6787=CARTESIAN_POINT('',(-18.542,-21.59,45.72));
#6788=LINE('',#6787,#6786);
#6789=EDGE_CURVE('',#6760,#6768,#6788,.T.);
#6790=DIRECTION('',(0.,1.,0.));
#6791=VECTOR('',#6790,43.18);
#6792=CARTESIAN_POINT('',(51.562,-21.59,45.72));
#6793=LINE('',#6792,#6791);
#6794=EDGE_CURVE('',#6762,#6764,#6793,.T.);
#6795=DIRECTION('',(0.,1.,0.));
#6796=VECTOR('',#6795,43.18);
#6797=CARTESIAN_POINT('',(51.562,-21.59,47.752));
#6798=LINE('',#6797,#6796);
#6799=EDGE_CURVE('',#6770,#6772,#6798,.T.);
#6800=DIRECTION('',(0.,0.,1.));
#6801=VECTOR('',#6800,2.032);
#6802=CARTESIAN_POINT('',(51.562,-21.59,45.72));
#6803=LINE('',#6802,#6801);
#6804=EDGE_CURVE('',#6762,#6770,#6803,.T.);
#6805=DIRECTION('',(-1.,0.,0.));
#6806=VECTOR('',#6805,70.104);
#6807=CARTESIAN_POINT('',(51.562,21.59,45.72));
#6808=LINE('',#6807,#6806);
#6809=EDGE_CURVE('',#6764,#6766,#6808,.T.);
#6810=DIRECTION('',(-1.,0.,0.));
#6811=VECTOR('',#6810,70.104);
#6812=CARTESIAN_POINT('',(51.562,21.59,47.752));
#6813=LINE('',#6812,#6811);
#6814=EDGE_CURVE('',#6772,#6774,#6813,.T.);
#6815=DIRECTION('',(0.,0.,1.));
#6816=VECTOR('',#6815,2.032);
#6817=CARTESIAN_POINT('',(51.562,21.59,45.72));
#6818=LINE('',#6817,#6816);
#6819=EDGE_CURVE('',#6764,#6772,#6818,.T.);
#6820=DIRECTION('',(0.,-1.,0.));
#6821=VECTOR('',#6820,43.18);
#6822=CARTESIAN_POINT('',(-18.542,21.59,45.72));
#6823=LINE('',#6822,#6821);
#6824=EDGE_CURVE('',#6766,#6760,#6823,.T.);
#6825=DIRECTION('',(0.,-1.,0.));
#6826=VECTOR('',#6825,43.18);
#6827=CARTESIAN_POINT('',(-18.542,21.59,47.752));
#6828=LINE('',#6827,#6826);
#6829=EDGE_CURVE('',#6774,#6768,#6828,.T.);
#6830=DIRECTION('',(0.,0.,1.));
#6831=VECTOR('',#6830,2.032);
#6832=CARTESIAN_POINT('',(-18.542,21.59,45.72));
#6833=LINE('',#6832,#6831);
#6834=EDGE_CURVE('',#6766,#6774,#6833,.T.);
#6835=CARTESIAN_POINT('',(-18.542,-21.59,45.72));
#6836=DIRECTION('',(0.,-1.,0.));
#6837=DIRECTION('',(1.,0.,0.));
#6838=AXIS2_PLACEMENT_3D('',#6835,#6836,#6837);
#6839=PLANE('',#6838);
#6840=ORIENTED_EDGE('',*,*,#6779,.T.);
#6841=ORIENTED_EDGE('',*,*,#6804,.T.);
#6842=ORIENTED_EDGE('',*,*,#6784,.F.);
#6843=ORIENTED_EDGE('',*,*,#6789,.F.);
#6844=EDGE_LOOP('',(#6840,#6841,#6842,#6843));
#6845=FACE_OUTER_BOUND('',#6844,.T.);
#6846=ADVANCED_FACE('',(#6845),#6839,.T.);
#6847=CARTESIAN_POINT('',(51.562,-21.59,45.72));
#6848=DIRECTION('',(1.,0.,0.));
#6849=DIRECTION('',(0.,1.,0.));
#6850=AXIS2_PLACEMENT_3D('',#6847,#6848,#6849);
#6851=PLANE('',#6850);
#6852=ORIENTED_EDGE('',*,*,#6794,.T.);
#6853=ORIENTED_EDGE('',*,*,#6819,.T.);
#6854=ORIENTED_EDGE('',*,*,#6799,.F.);
#6855=ORIENTED_EDGE('',*,*,#6804,.F.);
#6856=EDGE_LOOP('',(#6852,#6853,#6854,#6855));
#6857=FACE_OUTER_BOUND('',#6856,.T.);
#6858=ADVANCED_FACE('',(#6857),#6851,.T.);
#6859=CARTESIAN_POINT('',(51.562,21.59,45.72));
#6860=DIRECTION('',(0.,1.,0.));
#6861=DIRECTION('',(-1.,0.,0.));
#6862=AXIS2_PLACEMENT_3D('',#6859,#6860,#6861);
#6863=PLANE('',#6862);
#6864=ORIENTED_EDGE('',*,*,#6809,.T.);
#6865=ORIENTED_EDGE('',*,*,#6834,.T.);
#6866=ORIENTED_EDGE('',*,*,#6814,.F.);
#6867=ORIENTED_EDGE('',*,*,#6819,.F.);
#6868=EDGE_LOOP('',(#6864,#6865,#6866,#6867));
#6869=FACE_OUTER_BOUND('',#6868,.T.);
#6870=ADVANCED_FACE('',(#6869),#6863,.T.);
#6871=CARTESIAN_POINT('',(-18.542,21.59,45.72));
#6872=DIRECTION('',(-1.,0.,0.));
#6873=DIRECTION('',(0.,-1.,0.));
#6874=AXIS2_PLACEMENT_3D('',#6871,#6872,#6873);
#6875=PLANE('',#6874);
#6876=ORIENTED_EDGE('',*,*,#6824,.T.);
#6877=ORIENTED_EDGE('',*,*,#6789,.T.);
#6878=ORIENTED_EDGE('',*,*,#6829,.F.);
#6879=ORIENTED_EDGE('',*,*,#6834,.F.);
#6880=EDGE_LOOP('',(#6876,#6877,#6878,#6879));
#6881=FACE_OUTER_BOUND('',#6880,.T.);
#6882=ADVANCED_FACE('',(#6881),#6875,.T.);
#6883=CARTESIAN_POINT('',(-16.51,-19.05,47.752));
#6884=VERTEX_POINT('',#6883);
#6885=CARTESIAN_POINT('',(49.53,-19.05,47.752));
#6886=VERTEX_POINT('',#6885);
#6887=CARTESIAN_POINT('',(49.53,19.05,47.752));
#6888=VERTEX_POINT('',#6887);
#6889=CARTESIAN_POINT('',(-16.51,19.05,47.752));
#6890=VERTEX_POINT('',#6889);
#6891=CARTESIAN_POINT('',(-16.51,-19.05,49.784));
#6892=VERTEX_POINT('',#6891);
#6893=CARTESIAN_POINT('',(49.53,-19.05,49.784));
#6894=VERTEX_POINT('',#6893);
#6895=CARTESIAN_POINT('',(49.53,19.05,49.784));
#6896=VERTEX_POINT('',#6895);
#6897=CARTESIAN_POINT('',(-16.51,19.05,49.784));
#6898=VERTEX_POINT('',#6897);
#6899=DIRECTION('',(1.,0.,0.));
#6900=VECTOR('',#6899,66.04);
#6901=CARTESIAN_POINT('',(-16.51,-19.05,47.752));
#6902=LINE('',#6901,#6900);
#6903=EDGE_CURVE('',#6884,#6886,#6902,.T.);
#6904=DIRECTION('',(1.,0.,0.));
#6905=VECTOR('',#6904,66.04);
#6906=CARTESIAN_POINT('',(-16.51,-19.05,49.784));
#6907=LINE('',#6906,#6905);
#6908=EDGE_CURVE('',#6892,#6894,#6907,.T.);
#6909=DIRECTION('',(0.,0.,1.));
#6910=VECTOR('',#6909,2.032);
#6911=CARTESIAN_POINT('',(-16.51,-19.05,47.752));
#6912=LINE('',#6911,#6910);
#6913=EDGE_CURVE('',#6884,#6892,#6912,.T.);
#6914=DIRECTION('',(0.,1.,0.));
#6915=VECTOR('',#6914,38.1);
#6916=CARTESIAN_POINT('',(49.53,-19.05,47.752));
#6917=LINE('',#6916,#6915);
#6918=EDGE_CURVE('',#6886,#6888,#6917,.T.);
#6919=DIRECTION('',(0.,1.,0.));
#6920=VECTOR('',#6919,38.1);
#6921=CARTESIAN_POINT('',(49.53,-19.05,49.784));
#6922=LINE('',#6921,#6920);
#6923=EDGE_CURVE('',#6894,#6896,#6922,.T.);
#6924=DIRECTION('',(0.,0.,1.));
#6925=VECTOR('',#6924,2.032);
#6926=CARTESIAN_POINT('',(49.53,-19.05,47.752));
#6927=LINE('',#6926,#6925);
#6928=EDGE_CURVE('',#6886,#6894,#6927,.T.);
#6929=DIRECTION('',(-1.,0.,0.));
#6930=VECTOR('',#6929,66.04);
#6931=CARTESIAN_POINT('',(49.53,19.05,47.752));
#6932=LINE('',#6931,#6930);
#6933=EDGE_CURVE('',#6888,#6890,#6932,.T.);
#6934=DIRECTION('',(-1.,0.,0.));
#6935=VECTOR('',#6934,66.04);
#6936=CARTESIAN_POINT('',(49.53,19.05,49.784));
#6937=LINE('',#6936,#6935);
#6938=EDGE_CURVE('',#6896,#6898,#6937,.T.);
#6939=DIRECTION('',(0.,0.,1.));
#6940=VECTOR('',#6939,2.032);
#6941=CARTESIAN_POINT('',(49.53,19.05,47.752));
#6942=LINE('',#6941,#6940);
#6943=EDGE_CURVE('',#6888,#6896,#6942,.T.);
#6944=DIRECTION('',(0.,-1.,0.));
#6945=VECTOR('',#6944,38.1);
#6946=CARTESIAN_POINT('',(-16.51,19.05,47.752));
#6947=LINE('',#6946,#6945);
#6948=EDGE_CURVE('',#6890,#6884,#6947,.T.);
#6949=DIRECTION('',(0.,-1.,0.));
#6950=VECTOR('',#6949,38.1);
#6951=CARTESIAN_POINT('',(-16.51,19.05,49.784));
#6952=LINE('',#6951,#6950);
#6953=EDGE_CURVE('',#6898,#6892,#6952,.T.);
#6954=DIRECTION('',(0.,0.,1.));
#6955=VECTOR('',#6954,2.032);
#6956=CARTESIAN_POINT('',(-16.51,19.05,47.752));
#6957=LINE('',#6956,#6955);
#6958=EDGE_CURVE('',#6890,#6898,#6957,.T.);
#6959=CARTESIAN_POINT('',(-16.51,-19.05,47.752));
#6960=DIRECTION('',(0.,-1.,0.));
#6961=DIRECTION('',(1.,0.,0.));
#6962=AXIS2_PLACEMENT_3D('',#6959,#6960,#6961);
#6963=PLANE('',#6962);
#6964=ORIENTED_EDGE('',*,*,#6903,.T.);
#6965=ORIENTED_EDGE('',*,*,#6928,.T.);
#6966=ORIENTED_EDGE('',*,*,#6908,.F.);
#6967=ORIENTED_EDGE('',*,*,#6913,.F.);
#6968=EDGE_LOOP('',(#6964,#6965,#6966,#6967));
#6969=FACE_OUTER_BOUND('',#6968,.T.);
#6970=ADVANCED_FACE('',(#6969),#6963,.T.);
#6971=CARTESIAN_POINT('',(49.53,-19.05,47.752));
#6972=DIRECTION('',(1.,0.,0.));
#6973=DIRECTION('',(0.,1.,0.));
#6974=AXIS2_PLACEMENT_3D('',#6971,#6972,#6973);
#6975=PLANE('',#6974);
#6976=ORIENTED_EDGE('',*,*,#6918,.T.);
#6977=ORIENTED_EDGE('',*,*,#6943,.T.);
#6978=ORIENTED_EDGE('',*,*,#6923,.F.);
#6979=ORIENTED_EDGE('',*,*,#6928,.F.);
#6980=EDGE_LOOP('',(#6976,#6977,#6978,#6979));
#6981=FACE_OUTER_BOUND('',#6980,.T.);
#6982=ADVANCED_FACE('',(#6981),#6975,.T.);
#6983=CARTESIAN_POINT('',(49.53,19.05,47.752));
#6984=DIRECTION('',(0.,1.,0.));
#6985=DIRECTION('',(-1.,0.,0.));
#6986=AXIS2_PLACEMENT_3D('',#6983,#6984,#6985);
#6987=PLANE('',#6986);
#6988=ORIENTED_EDGE('',*,*,#6933,.T.);
#6989=ORIENTED_EDGE('',*,*,#6958,.T.);
#6990=ORIENTED_EDGE('',*,*,#6938,.F.);
#6991=ORIENTED_EDGE('',*,*,#6943,.F.);
#6992=EDGE_LOOP('',(#6988,#6989,#6990,#6991));
#6993=FACE_OUTER_BOUND('',#6992,.T.);
#6994=ADVANCED_FACE('',(#6993),#6987,.T.);
#6995=CARTESIAN_POINT('',(-16.51,19.05,47.752));
#6996=DIRECTION('',(-1.,0.,0.));
#6997=DIRECTION('',(0.,-1.,0.));
#6998=AXIS2_PLACEMENT_3D('',#6995,#6996,#6997);
#6999=PLANE('',#6998);
#7000=ORIENTED_EDGE('',*,*,#6948,.T.);
#7001=ORIENTED_EDGE('',*,*,#6913,.T.);
#7002=ORIENTED_EDGE('',*,*,#6953,.F.);
#7003=ORIENTED_EDGE('',*,*,#6958,.F.);
#7004=EDGE_LOOP('',(#7000,#7001,#7002,#7003));
#7005=FACE_OUTER_BOUND('',#7004,.T.);
#7006=ADVANCED_FACE('',(#7005),#6999,.T.);
#7007=CARTESIAN_POINT('',(-18.542,-21.59,49.784));
#7008=VERTEX_POINT('',#7007);
#7009=CARTESIAN_POINT('',(51.562,-21.59,49.784));
#7010=VERTEX_POINT('',#7009);
#7011=CARTESIAN_POINT('',(51.562,21.59,49.784));
#7012=VERTEX_POINT('',#7011);
#7013=CARTESIAN_POINT('',(-18.542,21.59,49.784));
#7014=VERTEX_POINT('',#7013);
#7015=CARTESIAN_POINT('',(-18.542,-21.59,51.816));
#7016=VERTEX_POINT('',#7015);
#7017=CARTESIAN_POINT('',(51.562,-21.59,51.816));
#7018=VERTEX_POINT('',#7017);
#7019=CARTESIAN_POINT('',(51.562,21.59,51.816));
#7020=VERTEX_POINT('',#7019);
#7021=CARTESIAN_POINT('',(-18.542,21.59,51.816));
#7022=VERTEX_POINT('',#7021);
#7023=DIRECTION('',(1.,0.,0.));
#7024=VECTOR('',#7023,70.104);
#7025=CARTESIAN_POINT('',(-18.542,-21.59,49.784));
#7026=LINE('',#7025,#7024);
#7027=EDGE_CURVE('',#7008,#7010,#7026,.T.);
#7028=DIRECTION('',(1.,0.,0.));
#7029=VECTOR('',#7028,70.104);
#7030=CARTESIAN_POINT('',(-18.542,-21.59,51.816));
#7031=LINE('',#7030,#7029);
#7032=EDGE_CURVE('',#7016,#7018,#7031,.T.);
#7033=DIRECTION('',(0.,0.,1.));
#7034=VECTOR('',#7033,2.032);
#7035=CARTESIAN_POINT('',(-18.542,-21.59,49.784));
#7036=LINE('',#7035,#7034);
#7037=EDGE_CURVE('',#7008,#7016,#7036,.T.);
#7038=DIRECTION('',(0.,1.,0.));
#7039=VECTOR('',#7038,43.18);
#7040=CARTESIAN_POINT('',(51.562,-21.59,49.784));
#7041=LINE('',#7040,#7039);
#7042=EDGE_CURVE('',#7010,#7012,#7041,.T.);
#7043=DIRECTION('',(0.,1.,0.));
#7044=VECTOR('',#7043,43.18);
#7045=CARTESIAN_POINT('',(51.562,-21.59,51.816));
#7046=LINE('',#7045,#7044);
#7047=EDGE_CURVE('',#7018,#7020,#7046,.T.);
#7048=DIRECTION('',(0.,0.,1.));
#7049=VECTOR('',#7048,2.032);
#7050=CARTESIAN_POINT('',(51.562,-21.59,49.784));
#7051=LINE('',#7050,#7049);
#7052=EDGE_CURVE('',#7010,#7018,#7051,.T.);
#7053=DIRECTION('',(-1.,0.,0.));
#7054=VECTOR('',#7053,70.104);
#7055=CARTESIAN_POINT('',(51.562,21.59,49.784));
#7056=LINE('',#7055,#7054);
#7057=EDGE_CURVE('',#7012,#7014,#7056,.T.);
#7058=DIRECTION('',(-1.,0.,0.));
#7059=VECTOR('',#7058,70.104);
#7060=CARTESIAN_POINT('',(51.562,21.59,51.816));
#7061=LINE('',#7060,#7059);
#7062=EDGE_CURVE('',#7020,#7022,#7061,.T.);
#7063=DIRECTION('',(0.,0.,1.));
#7064=VECTOR('',#7063,2.032);
#7065=CARTESIAN_POINT('',(51.562,21.59,49.784));
#7066=LINE('',#7065,#7064);
#7067=EDGE_CURVE('',#7012,#7020,#7066,.T.);
#7068=DIRECTION('',(0.,-1.,0.));
#7069=VECTOR('',#7068,43.18);
#7070=CARTESIAN_POINT('',(-18.542,21.59,49.784));
#7071=LINE('',#7070,#7069);
#7072=EDGE_CURVE('',#7014,#7008,#7071,.T.);
#7073=DIRECTION('',(0.,-1.,0.));
#7074=VECTOR('',#7073,43.18);
#7075=CARTESIAN_POINT('',(-18.542,21.59,51.816));
#7076=LINE('',#7075,#7074);
#7077=EDGE_CURVE('',#7022,#7016,#7076,.T.);
#7078=DIRECTION('',(0.,0.,1.));
#7079=VECTOR('',#7078,2.032);
#7080=CARTESIAN_POINT('',(-18.542,21.59,49.784));
#7081=LINE('',#7080,#7079);
#7082=EDGE_CURVE('',#7014,#7022,#7081,.T.);
#7083=CARTESIAN_POINT('',(-18.542,-21.59,49.784));
#7084=DIRECTION('',(0.,-1.,0.));
#7085=DIRECTION('',(1.,0.,0.));
#7086=AXIS2_PLACEMENT_3D('',#7083,#7084,#7085);
#7087=PLANE('',#7086);
#7088=ORIENTED_EDGE('',*,*,#7027,.T.);
#7089=ORIENTED_EDGE('',*,*,#7052,.T.);
#7090=ORIENTED_EDGE('',*,*,#7032,.F.);
#7091=ORIENTED_EDGE('',*,*,#7037,.F.);
#7092=EDGE_LOOP('',(#7088,#7089,#7090,#7091));
#7093=FACE_OUTER_BOUND('',#7092,.T.);
#7094=ADVANCED_FACE('',(#7093),#7087,.T.);
#7095=CARTESIAN_POINT('',(51.562,-21.59,49.784));
#7096=DIRECTION('',(1.,0.,0.));
#7097=DIRECTION('',(0.,1.,0.));
#7098=AXIS2_PLACEMENT_3D('',#7095,#7096,#7097);
#7099=PLANE('',#7098);
#7100=ORIENTED_EDGE('',*,*,#7042,.T.);
#7101=ORIENTED_EDGE('',*,*,#7067,.T.);
#7102=ORIENTED_EDGE('',*,*,#7047,.F.);
#7103=ORIENTED_EDGE('',*,*,#7052,.F.);
#7104=EDGE_LOOP('',(#7100,#7101,#7102,#7103));
#7105=FACE_OUTER_BOUND('',#7104,.T.);
#7106=ADVANCED_FACE('',(#7105),#7099,.T.);
#7107=CARTESIAN_POINT('',(51.562,21.59,49.784));
#7108=DIRECTION('',(0.,1.,0.));
#7109=DIRECTION('',(-1.,0.,0.));
#7110=AXIS2_PLACEMENT_3D('',#7107,#7108,#7109);
#7111=PLANE('',#7110);
#7112=ORIENTED_EDGE('',*,*,#7057,.T.);
#7113=ORIENTED_EDGE('',*,*,#7082,.T.);
#7114=ORIENTED_EDGE('',*,*,#7062,.F.);
#7115=ORIENTED_EDGE('',*,*,#7067,.F.);
#7116=EDGE_LOOP('',(#7112,#7113,#7114,#7115));
#7117=FACE_OUTER_BOUND('',#7116,.T.);
#7118=ADVANCED_FACE('',(#7117),#7111,.T.);
#7119=CARTESIAN_POINT('',(-18.542,21.59,49.784));
#7120=DIRECTION('',(-1.,0.,0.));
#7121=DIRECTION('',(0.,-1.,0.));
#7122=AXIS2_PLACEMENT_3D('',#7119,#7120,#7121);
#7123=PLANE('',#7122);
#7124=ORIENTED_EDGE('',*,*,#7072,.T.);
#7125=ORIENTED_EDGE('',*,*,#7037,.T.);
#7126=ORIENTED_EDGE('',*,*,#7077,.F.);
#7127=ORIENTED_EDGE('',*,*,#7082,.F.);
#7128=EDGE_LOOP('',(#7124,#7125,#7126,#7127));
#7129=FACE_OUTER_BOUND('',#7128,.T.);
#7130=ADVANCED_FACE('',(#7129),#7123,.T.);
#7131=CARTESIAN_POINT('',(-16.51,-19.05,51.816));
#7132=VERTEX_POINT('',#7131);
#7133=CARTESIAN_POINT('',(49.53,-19.05,51.816));
#7134=VERTEX_POINT('',#7133);
#7135=CARTESIAN_POINT('',(49.53,19.05,51.816));
#7136=VERTEX_POINT('',#7135);
#7137=CARTESIAN_POINT('',(-16.51,19.05,51.816));
#7138=VERTEX_POINT('',#7137);
#7139=CARTESIAN_POINT('',(-16.51,-19.05,53.848));
#7140=VERTEX_POINT('',#7139);
#7141=CARTESIAN_POINT('',(49.53,-19.05,53.848));
#7142=VERTEX_POINT('',#7141);
#7143=CARTESIAN_POINT('',(49.53,19.05,53.848));
#7144=VERTEX_POINT('',#7143);
#7145=CARTESIAN_POINT('',(-16.51,19.05,53.848));
#7146=VERTEX_POINT('',#7145);
#7147=DIRECTION('',(1.,0.,0.));
#7148=VECTOR('',#7147,66.04);
#7149=CARTESIAN_POINT('',(-16.51,-19.05,51.816));
#7150=LINE('',#7149,#7148);
#7151=EDGE_CURVE('',#7132,#7134,#7150,.T.);
#7152=DIRECTION('',(1.,0.,0.));
#7153=VECTOR('',#7152,66.04);
#7154=CARTESIAN_POINT('',(-16.51,-19.05,53.848));
#7155=LINE('',#7154,#7153);
#7156=EDGE_CURVE('',#7140,#7142,#7155,.T.);
#7157=DIRECTION('',(0.,0.,1.));
#7158=VECTOR('',#7157,2.032);
#7159=CARTESIAN_POINT('',(-16.51,-19.05,51.816));
#7160=LINE('',#7159,#7158);
#7161=EDGE_CURVE('',#7132,#7140,#7160,.T.);
#7162=DIRECTION('',(0.,1.,0.));
#7163=VECTOR('',#7162,38.1);
#7164=CARTESIAN_POINT('',(49.53,-19.05,51.816));
#7165=LINE('',#7164,#7163);
#7166=EDGE_CURVE('',#7134,#7136,#7165,.T.);
#7167=DIRECTION('',(0.,1.,0.));
#7168=VECTOR('',#7167,38.1);
#7169=CARTESIAN_POINT('',(49.53,-19.05,53.848));
#7170=LINE('',#7169,#7168);
#7171=EDGE_CURVE('',#7142,#7144,#7170,.T.);
#7172=DIRECTION('',(0.,0.,1.));
#7173=VECTOR('',#7172,2.032);
#7174=CARTESIAN_POINT('',(49.53,-19.05,51.816));
#7175=LINE('',#7174,#7173);
#7176=EDGE_CURVE('',#7134,#7142,#7175,.T.);
#7177=DIRECTION('',(-1.,0.,0.));
#7178=VECTOR('',#7177,66.04);
#7179=CARTESIAN_POINT('',(49.53,19.05,51.816));
#7180=LINE('',#7179,#7178);
#7181=EDGE_CURVE('',#7136,#7138,#7180,.T.);
#7182=DIRECTION('',(-1.,0.,0.));
#7183=VECTOR('',#7182,66.04);
#7184=CARTESIAN_POINT('',(49.53,19.05,53.848));
#7185=LINE('',#7184,#7183);
#7186=EDGE_CURVE('',#7144,#7146,#7185,.T.);
#7187=DIRECTION('',(0.,0.,1.));
#7188=VECTOR('',#7187,2.032);
#7189=CARTESIAN_POINT('',(49.53,19.05,51.816));
#7190=LINE('',#7189,#7188);
#7191=EDGE_CURVE('',#7136,#7144,#7190,.T.);
#7192=DIRECTION('',(0.,-1.,0.));
#7193=VECTOR('',#7192,38.1);
#7194=CARTESIAN_POINT('',(-16.51,19.05,51.816));
#7195=LINE('',#7194,#7193);
#7196=EDGE_CURVE('',#7138,#7132,#7195,.T.);
#7197=DIRECTION('',(0.,-1.,0.));
#7198=VECTOR('',#7197,38.1);
#7199=CARTESIAN_POINT('',(-16.51,19.05,53.848));
#7200=LINE('',#7199,#7198);
#7201=EDGE_CURVE('',#7146,#7140,#7200,.T.);
#7202=DIRECTION('',(0.,0.,1.));
#7203=VECTOR('',#7202,2.032);
#7204=CARTESIAN_POINT('',(-16.51,19.05,51.816));
#7205=LINE('',#7204,#7203);
#7206=EDGE_CURVE('',#7138,#7146,#7205,.T.);
#7207=CARTESIAN_POINT('',(-16.51,-19.05,51.816));
#7208=DIRECTION('',(0.,-1.,0.));
#7209=DIRECTION('',(1.,0.,0.));
#7210=AXIS2_PLACEMENT_3D('',#7207,#7208,#7209);
#7211=PLANE('',#7210);
#7212=ORIENTED_EDGE('',*,*,#7151,.T.);
#7213=ORIENTED_EDGE('',*,*,#7176,.T.);
#7214=ORIENTED_EDGE('',*,*,#7156,.F.);
#7215=ORIENTED_EDGE('',*,*,#7161,.F.);
#7216=EDGE_LOOP('',(#7212,#7213,#7214,#7215));
#7217=FACE_OUTER_BOUND('',#7216,.T.);
#7218=ADVANCED_FACE('',(#7217),#7211,.T.);
#7219=CARTESIAN_POINT('',(49.53,-19.05,51.816));
#7220=DIRECTION('',(1.,0.,0.));
#7221=DIRECTION('',(0.,1.,0.));
#7222=AXIS2_PLACEMENT_3D('',#7219,#7220,#7221);
#7223=PLANE('',#7222);
#7224=ORIENTED_EDGE('',*,*,#7166,.T.);
#7225=ORIENTED_EDGE('',*,*,#7191,.T.);
#7226=ORIENTED_EDGE('',*,*,#7171,.F.);
#7227=ORIENTED_EDGE('',*,*,#7176,.F.);
#7228=EDGE_LOOP('',(#7224,#7225,#7226,#7227));
#7229=FACE_OUTER_BOUND('',#7228,.T.);
#7230=ADVANCED_FACE('',(#7229),#7223,.T.);
#7231=CARTESIAN_POINT('',(49.53,19.05,51.816));
#7232=DIRECTION('',(0.,1.,0.));
#7233=DIRECTION('',(-1.,0.,0.));
#7234=AXIS2_PLACEMENT_3D('',#7231,#7232,#7233);
#7235=PLANE('',#7234);
#7236=ORIENTED_EDGE('',*,*,#7181,.T.);
#7237=ORIENTED_EDGE('',*,*,#7206,.T.);
#7238=ORIENTED_EDGE('',*,*,#7186,.F.);
#7239=ORIENTED_EDGE('',*,*,#7191,.F.);
#7240=EDGE_LOOP('',(#7236,#7237,#7238,#7239));
#7241=FACE_OUTER_BOUND('',#7240,.T.);
#7242=ADVANCED_FACE('',(#7241),#7235,.T.);
#7243=CARTESIAN_POINT('',(-16.51,19.05,51.816));
#7244=DIRECTION('',(-1.,0.,0.));
#7245=DIRECTION('',(0.,-1.,0.));
#7246=AXIS2_PLACEMENT_3D('',#7243,#7244,#7245);
#7247=PLANE('',#7246);
#7248=ORIENTED_EDGE('',*,*,#7196,.T.);
#7249=ORIENTED_EDGE('',*,*,#7161,.T.);
#7250=ORIENTED_EDGE('',*,*,#7201,.F.);
#7251=ORIENTED_EDGE('',*,*,#7206,.F.);
#7252=EDGE_LOOP('',(#7248,#7249,#7250,#7251));
#7253=FACE_OUTER_BOUND('',#7252,.T.);
#7254=ADVANCED_FACE('',(#7253),#7247,.T.);
#7255=CARTESIAN_POINT('',(-18.542,-21.59,53.848));
#7256=VERTEX_POINT('',#7255);
#7257=CARTESIAN_POINT('',(51.562,-21.59,53.848));
#7258=VERTEX_POINT('',#7257);
#7259=CARTESIAN_POINT('',(51.562,21.59,53.848));
#7260=VERTEX_POINT('',#7259);
#7261=CARTESIAN_POINT('',(-18.542,21.59,53.848));
#7262=VERTEX_POINT('',#7261);
#7263=CARTESIAN_POINT('',(-18.542,-21.59,55.88));
#7264=VERTEX_POINT('',#7263);
#7265=CARTESIAN_POINT('',(51.562,-21.59,55.88));
#7266=VERTEX_POINT('',#7265);
#7267=CARTESIAN_POINT('',(51.562,21.59,55.88));
#7268=VERTEX_POINT('',#7267);
#7269=CARTESIAN_POINT('',(-18.542,21.59,55.88));
#7270=VERTEX_POINT('',#7269);
#7271=DIRECTION('',(1.,0.,0.));
#7272=VECTOR('',#7271,70.104);
#7273=CARTESIAN_POINT('',(-18.542,-21.59,53.848));
#7274=LINE('',#7273,#7272);
#7275=EDGE_CURVE('',#7256,#7258,#7274,.T.);
#7276=DIRECTION('',(1.,0.,0.));
#7277=VECTOR('',#7276,70.104);
#7278=CARTESIAN_POINT('',(-18.542,-21.59,55.88));
#7279=LINE('',#7278,#7277);
#7280=EDGE_CURVE('',#7264,#7266,#7279,.T.);
#7281=DIRECTION('',(0.,0.,1.));
#7282=VECTOR('',#7281,2.032);
#7283=CARTESIAN_POINT('',(-18.542,-21.59,53.848));
#7284=LINE('',#7283,#7282);
#7285=EDGE_CURVE('',#7256,#7264,#7284,.T.);
#7286=DIRECTION('',(0.,1.,0.));
#7287=VECTOR('',#7286,43.18);
#7288=CARTESIAN_POINT('',(51.562,-21.59,53.848));
#7289=LINE('',#7288,#7287);
#7290=EDGE_CURVE('',#7258,#7260,#7289,.T.);
#7291=DIRECTION('',(0.,1.,0.));
#7292=VECTOR('',#7291,43.18);
#7293=CARTESIAN_POINT('',(51.562,-21.59,55.88));
#7294=LINE('',#7293,#7292);
#7295=EDGE_CURVE('',#7266,#7268,#7294,.T.);
#7296=DIRECTION('',(0.,0.,1.));
#7297=VECTOR('',#7296,2.032);
#7298=CARTESIAN_POINT('',(51.562,-21.59,53.848));
#7299=LINE('',#7298,#7297);
#7300=EDGE_CURVE('',#7258,#7266,#7299,.T.);
#7301=DIRECTION('',(-1.,0.,0.));
#7302=VECTOR('',#7301,70.104);
#7303=CARTESIAN_POINT('',(51.562,21.59,53.848));
#7304=LINE('',#7303,#7302);
#7305=EDGE_CURVE('',#7260,#7262,#7304,.T.);
#7306=DIRECTION('',(-1.,0.,0.));
#7307=VECTOR('',#7306,70.104);
#7308=CARTESIAN_POINT('',(51.562,21.59,55.88));
#7309=LINE('',#7308,#7307);
#7310=EDGE_CURVE('',#7268,#7270,#7309,.T.);
#7311=DIRECTION('',(0.,0.,1.));
#7312=VECTOR('',#7311,2.032);
#7313=CARTESIAN_POINT('',(51.562,21.59,53.848));
#7314=LINE('',#7313,#7312);
#7315=EDGE_CURVE('',#7260,#7268,#7314,.T.);
#7316=DIRECTION('',(0.,-1.,0.));
#7317=VECTOR('',#7316,43.18);
#7318=CARTESIAN_POINT('',(-18.542,21.59,53.848));
#7319=LINE('',#7318,#7317);
#7320=EDGE_CURVE('',#7262,#7256,#7319,.T.);
#7321=DIRECTION('',(0.,-1.,0.));
#7322=VECTOR('',#7321,43.18);
#7323=CARTESIAN_POINT('',(-18.542,21.59,55.88));
#7324=LINE('',#7323,#7322);
#7325=EDGE_CURVE('',#7270,#7264,#7324,.T.);
#7326=DIRECTION('',(0.,0.,1.));
#7327=VECTOR('',#7326,2.032);
#7328=CARTESIAN_POINT('',(-18.542,21.59,53.848));
#7329=LINE('',#7328,#7327);
#7330=EDGE_CURVE('',#7262,#7270,#7329,.T.);
#7331=CARTESIAN_POINT('',(-18.542,-21.59,53.848));
#7332=DIRECTION('',(0.,-1.,0.));
#7333=DIRECTION('',(1.,0.,0.));
#7334=AXIS2_PLACEMENT_3D('',#7331,#7332,#7333);
#7335=PLANE('',#7334);
#7336=ORIENTED_EDGE('',*,*,#7275,.T.);
#7337=ORIENTED_EDGE('',*,*,#7300,.T.);
#7338=ORIENTED_EDGE('',*,*,#7280,.F.);
#7339=ORIENTED_EDGE('',*,*,#7285,.F.);
#7340=EDGE_LOOP('',(#7336,#7337,#7338,#7339));
#7341=FACE_OUTER_BOUND('',#7340,.T.);
#7342=ADVANCED_FACE('',(#7341),#7335,.T.);
#7343=CARTESIAN_POINT('',(51.562,-21.59,53.848));
#7344=DIRECTION('',(1.,0.,0.));
#7345=DIRECTION('',(0.,1.,0.));
#7346=AXIS2_PLACEMENT_3D('',#7343,#7344,#7345);
#7347=PLANE('',#7346);
#7348=ORIENTED_EDGE('',*,*,#7290,.T.);
#7349=ORIENTED_EDGE('',*,*,#7315,.T.);
#7350=ORIENTED_EDGE('',*,*,#7295,.F.);
#7351=ORIENTED_EDGE('',*,*,#7300,.F.);
#7352=EDGE_LOOP('',(#7348,#7349,#7350,#7351));
#7353=FACE_OUTER_BOUND('',#7352,.T.);
#7354=ADVANCED_FACE('',(#7353),#7347,.T.);
#7355=CARTESIAN_POINT('',(51.562,21.59,53.848));
#7356=DIRECTION('',(0.,1.,0.));
#7357=DIRECTION('',(-1.,0.,0.));
#7358=AXIS2_PLACEMENT_3D('',#7355,#7356,#7357);
#7359=PLANE('',#7358);
#7360=ORIENTED_EDGE('',*,*,#7305,.T.);
#7361=ORIENTED_EDGE('',*,*,#7330,.T.);
#7362=ORIENTED_EDGE('',*,*,#7310,.F.);
#7363=ORIENTED_EDGE('',*,*,#7315,.F.);
#7364=EDGE_LOOP('',(#7360,#7361,#7362,#7363));
#7365=FACE_OUTER_BOUND('',#7364,.T.);
#7366=ADVANCED_FACE('',(#7365),#7359,.T.);
#7367=CARTESIAN_POINT('',(-18.542,21.59,53.848));
#7368=DIRECTION('',(-1.,0.,0.));
#7369=DIRECTION('',(0.,-1.,0.));
#7370=AXIS2_PLACEMENT_3D('',#7367,#7368,#7369);
#7371=PLANE('',#7370);
#7372=ORIENTED_EDGE('',*,*,#7320,.T.);
#7373=ORIENTED_EDGE('',*,*,#7285,.T.);
#7374=ORIENTED_EDGE('',*,*,#7325,.F.);
#7375=ORIENTED_EDGE('',*,*,#7330,.F.);
#7376=EDGE_LOOP('',(#7372,#7373,#7374,#7375));
#7377=FACE_OUTER_BOUND('',#7376,.T.);
#7378=ADVANCED_FACE('',(#7377),#7371,.T.);
#7379=CARTESIAN_POINT('',(-16.51,-19.05,55.88));
#7380=VERTEX_POINT('',#7379);
#7381=CARTESIAN_POINT('',(49.53,-19.05,55.88));
#7382=VERTEX_POINT('',#7381);
#7383=CARTESIAN_POINT('',(49.53,19.05,55.88));
#7384=VERTEX_POINT('',#7383);
#7385=CARTESIAN_POINT('',(-16.51,19.05,55.88));
#7386=VERTEX_POINT('',#7385);
#7387=CARTESIAN_POINT('',(-16.51,-19.05,60.96));
#7388=VERTEX_POINT('',#7387);
#7389=CARTESIAN_POINT('',(49.53,-19.05,60.96));
#7390=VERTEX_POINT('',#7389);
#7391=CARTESIAN_POINT('',(49.53,19.05,60.96));
#7392=VERTEX_POINT('',#7391);
#7393=CARTESIAN_POINT('',(-16.51,19.05,60.96));
#7394=VERTEX_POINT('',#7393);
#7395=DIRECTION('',(1.,0.,0.));
#7396=VECTOR('',#7395,66.04);
#7397=CARTESIAN_POINT('',(-16.51,-19.05,55.88));
#7398=LINE('',#7397,#7396);
#7399=EDGE_CURVE('',#7380,#7382,#7398,.T.);
#7400=DIRECTION('',(1.,0.,0.));
#7401=VECTOR('',#7400,66.04);
#7402=CARTESIAN_POINT('',(-16.51,-19.05,60.96));
#7403=LINE('',#7402,#7401);
#7404=EDGE_CURVE('',#7388,#7390,#7403,.T.);
#7405=DIRECTION('',(0.,0.,1.));
#7406=VECTOR('',#7405,5.08);
#7407=CARTESIAN_POINT('',(-16.51,-19.05,55.88));
#7408=LINE('',#7407,#7406);
#7409=EDGE_CURVE('',#7380,#7388,#7408,.T.);
#7410=DIRECTION('',(0.,1.,0.));
#7411=VECTOR('',#7410,38.1);
#7412=CARTESIAN_POINT('',(49.53,-19.05,55.88));
#7413=LINE('',#7412,#7411);
#7414=EDGE_CURVE('',#7382,#7384,#7413,.T.);
#7415=DIRECTION('',(0.,1.,0.));
#7416=VECTOR('',#7415,38.1);
#7417=CARTESIAN_POINT('',(49.53,-19.05,60.96));
#7418=LINE('',#7417,#7416);
#7419=EDGE_CURVE('',#7390,#7392,#7418,.T.);
#7420=DIRECTION('',(0.,0.,1.));
#7421=VECTOR('',#7420,5.08);
#7422=CARTESIAN_POINT('',(49.53,-19.05,55.88));
#7423=LINE('',#7422,#7421);
#7424=EDGE_CURVE('',#7382,#7390,#7423,.T.);
#7425=DIRECTION('',(-1.,0.,0.));
#7426=VECTOR('',#7425,66.04);
#7427=CARTESIAN_POINT('',(49.53,19.05,55.88));
#7428=LINE('',#7427,#7426);
#7429=EDGE_CURVE('',#7384,#7386,#7428,.T.);
#7430=DIRECTION('',(-1.,0.,0.));
#7431=VECTOR('',#7430,66.04);
#7432=CARTESIAN_POINT('',(49.53,19.05,60.96));
#7433=LINE('',#7432,#7431);
#7434=EDGE_CURVE('',#7392,#7394,#7433,.T.);
#7435=DIRECTION('',(0.,0.,1.));
#7436=VECTOR('',#7435,5.08);
#7437=CARTESIAN_POINT('',(49.53,19.05,55.88));
#7438=LINE('',#7437,#7436);
#7439=EDGE_CURVE('',#7384,#7392,#7438,.T.);
#7440=DIRECTION('',(0.,-1.,0.));
#7441=VECTOR('',#7440,38.1);
#7442=CARTESIAN_POINT('',(-16.51,19.05,55.88));
#7443=LINE('',#7442,#7441);
#7444=EDGE_CURVE('',#7386,#7380,#7443,.T.);
#7445=DIRECTION('',(0.,-1.,0.));
#7446=VECTOR('',#7445,38.1);
#7447=CARTESIAN_POINT('',(-16.51,19.05,60.96));
#7448=LINE('',#7447,#7446);
#7449=EDGE_CURVE('',#7394,#7388,#7448,.T.);
#7450=DIRECTION('',(0.,0.,1.));
#7451=VECTOR('',#7450,5.08);
#7452=CARTESIAN_POINT('',(-16.51,19.05,55.88));
#7453=LINE('',#7452,#7451);
#7454=EDGE_CURVE('',#7386,#7394,#7453,.T.);
#7455=CARTESIAN_POINT('',(-16.51,-19.05,55.88));
#7456=DIRECTION('',(0.,-1.,0.));
#7457=DIRECTION('',(1.,0.,0.));
#7458=AXIS2_PLACEMENT_3D('',#7455,#7456,#7457);
#7459=PLANE('',#7458);
#7460=ORIENTED_EDGE('',*,*,#7399,.T.);
#7461=ORIENTED_EDGE('',*,*,#7424,.T.);
#7462=ORIENTED_EDGE('',*,*,#7404,.F.);
#7463=ORIENTED_EDGE('',*,*,#7409,.F.);
#7464=EDGE_LOOP('',(#7460,#7461,#7462,#7463));
#7465=FACE_OUTER_BOUND('',#7464,.T.);
#7466=ADVANCED_FACE('',(#7465),#7459,.T.);
#7467=CARTESIAN_POINT('',(49.53,-19.05,55.88));
#7468=DIRECTION('',(1.,0.,0.));
#7469=DIRECTION('',(0.,1.,0.));
#7470=AXIS2_PLACEMENT_3D('',#7467,#7468,#7469);
#7471=PLANE('',#7470);
#7472=ORIENTED_EDGE('',*,*,#7414,.T.);
#7473=ORIENTED_EDGE('',*,*,#7439,.T.);
#7474=ORIENTED_EDGE('',*,*,#7419,.F.);
#7475=ORIENTED_EDGE('',*,*,#7424,.F.);
#7476=EDGE_LOOP('',(#7472,#7473,#7474,#7475));
#7477=FACE_OUTER_BOUND('',#7476,.T.);
#7478=ADVANCED_FACE('',(#7477),#7471,.T.);
#7479=CARTESIAN_POINT('',(49.53,19.05,55.88));
#7480=DIRECTION('',(0.,1.,0.));
#7481=DIRECTION('',(-1.,0.,0.));
#7482=AXIS2_PLACEMENT_3D('',#7479,#7480,#7481);
#7483=PLANE('',#7482);
#7484=ORIENTED_EDGE('',*,*,#7429,.T.);
#7485=ORIENTED_EDGE('',*,*,#7454,.T.);
#7486=ORIENTED_EDGE('',*,*,#7434,.F.);
#7487=ORIENTED_EDGE('',*,*,#7439,.F.);
#7488=EDGE_LOOP('',(#7484,#7485,#7486,#7487));
#7489=FACE_OUTER_BOUND('',#7488,.T.);
#7490=ADVANCED_FACE('',(#7489),#7483,.T.);
#7491=CARTESIAN_POINT('',(-16.51,19.05,55.88));
#7492=DIRECTION('',(-1.,0.,0.));
#7493=DIRECTION('',(0.,-1.,0.));
#7494=AXIS2_PLACEMENT_3D('',#7491,#7492,#7493);
#7495=PLANE('',#7494);
#7496=ORIENTED_EDGE('',*,*,#7444,.T.);
#7497=ORIENTED_EDGE('',*,*,#7409,.T.);
#7498=ORIENTED_EDGE('',*,*,#7449,.F.);
#7499=ORIENTED_EDGE('',*,*,#7454,.F.);
#7500=EDGE_LOOP('',(#7496,#7497,#7498,#7499));
#7501=FACE_OUTER_BOUND('',#7500,.T.);
#7502=ADVANCED_FACE('',(#7501),#7495,.T.);
#7503=CARTESIAN_POINT('',(-8.89,-13.97,60.96));
#7504=VERTEX_POINT('',#7503);
#7505=CARTESIAN_POINT('',(41.91,-13.97,60.96));
#7506=VERTEX_POINT('',#7505);
#7507=CARTESIAN_POINT('',(41.91,13.97,60.96));
#7508=VERTEX_POINT('',#7507);
#7509=CARTESIAN_POINT('',(-8.89,13.97,60.96));
#7510=VERTEX_POINT('',#7509);
#7511=CARTESIAN_POINT('',(-8.89,-13.97,64.008));
#7512=VERTEX_POINT('',#7511);
#7513=CARTESIAN_POINT('',(41.91,-13.97,64.008));
#7514=VERTEX_POINT('',#7513);
#7515=CARTESIAN_POINT('',(41.91,13.97,64.008));
#7516=VERTEX_POINT('',#7515);
#7517=CARTESIAN_POINT('',(-8.89,13.97,64.008));
#7518=VERTEX_POINT('',#7517);
#7519=DIRECTION('',(1.,0.,0.));
#7520=VECTOR('',#7519,50.8);
#7521=CARTESIAN_POINT('',(-8.89,-13.97,60.96));
#7522=LINE('',#7521,#7520);
#7523=EDGE_CURVE('',#7504,#7506,#7522,.T.);
#7524=DIRECTION('',(1.,0.,0.));
#7525=VECTOR('',#7524,50.8);
#7526=CARTESIAN_POINT('',(-8.89,-13.97,64.008));
#7527=LINE('',#7526,#7525);
#7528=EDGE_CURVE('',#7512,#7514,#7527,.T.);
#7529=DIRECTION('',(0.,0.,1.));
#7530=VECTOR('',#7529,3.048);
#7531=CARTESIAN_POINT('',(-8.89,-13.97,60.96));
#7532=LINE('',#7531,#7530);
#7533=EDGE_CURVE('',#7504,#7512,#7532,.T.);
#7534=DIRECTION('',(0.,1.,0.));
#7535=VECTOR('',#7534,27.94);
#7536=CARTESIAN_POINT('',(41.91,-13.97,60.96));
#7537=LINE('',#7536,#7535);
#7538=EDGE_CURVE('',#7506,#7508,#7537,.T.);
#7539=DIRECTION('',(0.,1.,0.));
#7540=VECTOR('',#7539,27.94);
#7541=CARTESIAN_POINT('',(41.91,-13.97,64.008));
#7542=LINE('',#7541,#7540);
#7543=EDGE_CURVE('',#7514,#7516,#7542,.T.);
#7544=DIRECTION('',(0.,0.,1.));
#7545=VECTOR('',#7544,3.048);
#7546=CARTESIAN_POINT('',(41.91,-13.97,60.96));
#7547=LINE('',#7546,#7545);
#7548=EDGE_CURVE('',#7506,#7514,#7547,.T.);
#7549=DIRECTION('',(-1.,0.,0.));
#7550=VECTOR('',#7549,50.8);
#7551=CARTESIAN_POINT('',(41.91,13.97,60.96));
#7552=LINE('',#7551,#7550);
#7553=EDGE_CURVE('',#7508,#7510,#7552,.T.);
#7554=DIRECTION('',(-1.,0.,0.));
#7555=VECTOR('',#7554,50.8);
#7556=CARTESIAN_POINT('',(41.91,13.97,64.008));
#7557=LINE('',#7556,#7555);
#7558=EDGE_CURVE('',#7516,#7518,#7557,.T.);
#7559=DIRECTION('',(0.,0.,1.));
#7560=VECTOR('',#7559,3.048);
#7561=CARTESIAN_POINT('',(41.91,13.97,60.96));
#7562=LINE('',#7561,#7560);
#7563=EDGE_CURVE('',#7508,#7516,#7562,.T.);
#7564=DIRECTION('',(0.,-1.,0.));
#7565=VECTOR('',#7564,27.94);
#7566=CARTESIAN_POINT('',(-8.89,13.97,60.96));
#7567=LINE('',#7566,#7565);
#7568=EDGE_CURVE('',#7510,#7504,#7567,.T.);
#7569=DIRECTION('',(0.,-1.,0.));
#7570=VECTOR('',#7569,27.94);
#7571=CARTESIAN_POINT('',(-8.89,13.97,64.008));
#7572=LINE('',#7571,#7570);
#7573=EDGE_CURVE('',#7518,#7512,#7572,.T.);
#7574=DIRECTION('',(0.,0.,1.));
#7575=VECTOR('',#7574,3.048);
#7576=CARTESIAN_POINT('',(-8.89,13.97,60.96));
#7577=LINE('',#7576,#7575);
#7578=EDGE_CURVE('',#7510,#7518,#7577,.T.);
#7579=CARTESIAN_POINT('',(-8.89,-13.97,60.96));
#7580=DIRECTION('',(0.,-1.,0.));
#7581=DIRECTION('',(1.,0.,0.));
#7582=AXIS2_PLACEMENT_3D('',#7579,#7580,#7581);
#7583=PLANE('',#7582);
#7584=ORIENTED_EDGE('',*,*,#7523,.T.);
#7585=ORIENTED_EDGE('',*,*,#7548,.T.);
#7586=ORIENTED_EDGE('',*,*,#7528,.F.);
#7587=ORIENTED_EDGE('',*,*,#7533,.F.);
#7588=EDGE_LOOP('',(#7584,#7585,#7586,#7587));
#7589=FACE_OUTER_BOUND('',#7588,.T.);
#7590=ADVANCED_FACE('',(#7589),#7583,.T.);
#7591=CARTESIAN_POINT('',(41.91,-13.97,60.96));
#7592=DIRECTION('',(1.,0.,0.));
#7593=DIRECTION('',(0.,1.,0.));
#7594=AXIS2_PLACEMENT_3D('',#7591,#7592,#7593);
#7595=PLANE('',#7594);
#7596=ORIENTED_EDGE('',*,*,#7538,.T.);
#7597=ORIENTED_EDGE('',*,*,#7563,.T.);
#7598=ORIENTED_EDGE('',*,*,#7543,.F.);
#7599=ORIENTED_EDGE('',*,*,#7548,.F.);
#7600=EDGE_LOOP('',(#7596,#7597,#7598,#7599));
#7601=FACE_OUTER_BOUND('',#7600,.T.);
#7602=ADVANCED_FACE('',(#7601),#7595,.T.);
#7603=CARTESIAN_POINT('',(41.91,13.97,60.96));
#7604=DIRECTION('',(0.,1.,0.));
#7605=DIRECTION('',(-1.,0.,0.));
#7606=AXIS2_PLACEMENT_3D('',#7603,#7604,#7605);
#7607=PLANE('',#7606);
#7608=ORIENTED_EDGE('',*,*,#7553,.T.);
#7609=ORIENTED_EDGE('',*,*,#7578,.T.);
#7610=ORIENTED_EDGE('',*,*,#7558,.F.);
#7611=ORIENTED_EDGE('',*,*,#7563,.F.);
#7612=EDGE_LOOP('',(#7608,#7609,#7610,#7611));
#7613=FACE_OUTER_BOUND('',#7612,.T.);
#7614=ADVANCED_FACE('',(#7613),#7607,.T.);
#7615=CARTESIAN_POINT('',(-8.89,13.97,60.96));
#7616=DIRECTION('',(-1.,0.,0.));
#7617=DIRECTION('',(0.,-1.,0.));
#7618=AXIS2_PLACEMENT_3D('',#7615,#7616,#7617);
#7619=PLANE('',#7618);
#7620=ORIENTED_EDGE('',*,*,#7568,.T.);
#7621=ORIENTED_EDGE('',*,*,#7533,.T.);
#7622=ORIENTED_EDGE('',*,*,#7573,.F.);
#7623=ORIENTED_EDGE('',*,*,#7578,.F.);
#7624=EDGE_LOOP('',(#7620,#7621,#7622,#7623));
#7625=FACE_OUTER_BOUND('',#7624,.T.);
#7626=ADVANCED_FACE('',(#7625),#7619,.T.);
#7627=CARTESIAN_POINT('',(8.89,0.,-3.048));
#7628=VERTEX_POINT('',#7627);
#7629=CARTESIAN_POINT('',(-8.89,0.,-3.048));
#7630=VERTEX_POINT('',#7629);
#7631=CARTESIAN_POINT('',(8.89,0.,0.));
#7632=VERTEX_POINT('',#7631);
#7633=CARTESIAN_POINT('',(-8.89,0.,0.));
#7634=VERTEX_POINT('',#7633);
#7635=CARTESIAN_POINT('',(0.,0.,-3.048));
#7636=DIRECTION('',(0.,0.,1.));
#7637=DIRECTION('',(1.,0.,0.));
#7638=AXIS2_PLACEMENT_3D('',#7635,#7636,#7637);
#7639=CIRCLE('',#7638,8.89);
#7640=EDGE_CURVE('',#7628,#7630,#7639,.T.);
#7641=CARTESIAN_POINT('',(0.,0.,0.));
#7642=DIRECTION('',(0.,0.,1.));
#7643=DIRECTION('',(1.,0.,0.));
#7644=AXIS2_PLACEMENT_3D('',#7641,#7642,#7643);
#7645=CIRCLE('',#7644,8.89);
#7646=EDGE_CURVE('',#7632,#7634,#7645,.T.);
#7647=DIRECTION('',(0.,0.,1.));
#7648=VECTOR('',#7647,3.048);
#7649=CARTESIAN_POINT('',(8.89,0.,-3.048));
#7650=LINE('',#7649,#7648);
#7651=EDGE_CURVE('',#7628,#7632,#7650,.T.);
#7652=CARTESIAN_POINT('',(0.,0.,-3.048));
#7653=DIRECTION('',(0.,0.,1.));
#7654=DIRECTION('',(1.,0.,0.));
#7655=AXIS2_PLACEMENT_3D('',#7652,#7653,#7654);
#7656=CIRCLE('',#7655,8.89);
#7657=EDGE_CURVE('',#7630,#7628,#7656,.T.);
#7658=CARTESIAN_POINT('',(0.,0.,0.));
#7659=DIRECTION('',(0.,0.,1.));
#7660=DIRECTION('',(1.,0.,0.));
#7661=AXIS2_PLACEMENT_3D('',#7658,#7659,#7660);
#7662=CIRCLE('',#7661,8.89);
#7663=EDGE_CURVE('',#7634,#7632,#7662,.T.);
#7664=DIRECTION('',(0.,0.,1.));
#7665=VECTOR('',#7664,3.048);
#7666=CARTESIAN_POINT('',(-8.89,0.,-3.048));
#7667=LINE('',#7666,#7665);
#7668=EDGE_CURVE('',#7630,#7634,#7667,.T.);
#7669=CARTESIAN_POINT('',(0.,0.,-3.048));
#7670=DIRECTION('',(0.,0.,1.));
#7671=DIRECTION('',(1.,0.,0.));
#7672=AXIS2_PLACEMENT_3D('',#7669,#7670,#7671);
#7673=CYLINDRICAL_SURFACE('',#7672,8.89);
#7674=ORIENTED_EDGE('',*,*,#7640,.T.);
#7675=ORIENTED_EDGE('',*,*,#7668,.T.);
#7676=ORIENTED_EDGE('',*,*,#7646,.F.);
#7677=ORIENTED_EDGE('',*,*,#7651,.F.);
#7678=EDGE_LOOP('',(#7674,#7675,#7676,#7677));
#7679=FACE_OUTER_BOUND('',#7678,.T.);
#7680=ADVANCED_FACE('',(#7679),#7673,.T.);
#7681=CARTESIAN_POINT('',(0.,0.,-3.048));
#7682=DIRECTION('',(0.,0.,1.));
#7683=DIRECTION('',(1.,0.,0.));
#7684=AXIS2_PLACEMENT_3D('',#7681,#7682,#7683);
#7685=CYLINDRICAL_SURFACE('',#7684,8.89);
#7686=ORIENTED_EDGE('',*,*,#7657,.T.);
#7687=ORIENTED_EDGE('',*,*,#7651,.T.);
#7688=ORIENTED_EDGE('',*,*,#7663,.F.);
#7689=ORIENTED_EDGE('',*,*,#7668,.F.);
#7690=EDGE_LOOP('',(#7686,#7687,#7688,#7689));
#7691=FACE_OUTER_BOUND('',#7690,.T.);
#7692=ADVANCED_FACE('',(#7691),#7685,.T.);
#7693=CARTESIAN_POINT('',(0.,0.,0.));
#7694=DIRECTION('',(0.,0.,-1.));
#7695=DIRECTION('',(1.,0.,0.));
#7696=AXIS2_PLACEMENT_3D('',#7693,#7694,#7695);
#7697=PLANE('',#7696);
#7698=ORIENTED_EDGE('',*,*,#4964,.F.);
#7699=ORIENTED_EDGE('',*,*,#4949,.F.);
#7700=ORIENTED_EDGE('',*,*,#4934,.F.);
#7701=ORIENTED_EDGE('',*,*,#4919,.F.);
#7702=EDGE_LOOP('',(#7698,#7699,#7700,#7701));
#7703=FACE_OUTER_BOUND('',#7702,.T.);
#7704=ORIENTED_EDGE('',*,*,#7646,.T.);
#7705=ORIENTED_EDGE('',*,*,#7663,.T.);
#7706=EDGE_LOOP('',(#7704,#7705));
#7707=FACE_BOUND('',#7706,.T.);
#7708=ADVANCED_FACE('',(#7703,#7707),#7697,.T.);
#7709=CARTESIAN_POINT('',(0.,0.,17.018));
#7710=DIRECTION('',(0.,0.,1.));
#7711=DIRECTION('',(1.,0.,0.));
#7712=AXIS2_PLACEMENT_3D('',#7709,#7710,#7711);
#7713=PLANE('',#7712);
#7714=ORIENTED_EDGE('',*,*,#5048,.T.);
#7715=ORIENTED_EDGE('',*,*,#5063,.T.);
#7716=ORIENTED_EDGE('',*,*,#5078,.T.);
#7717=ORIENTED_EDGE('',*,*,#5093,.T.);
#7718=EDGE_LOOP('',(#7714,#7715,#7716,#7717));
#7719=FACE_OUTER_BOUND('',#7718,.T.);
#7720=ORIENTED_EDGE('',*,*,#5212,.F.);
#7721=ORIENTED_EDGE('',*,*,#5197,.F.);
#7722=ORIENTED_EDGE('',*,*,#5182,.F.);
#7723=ORIENTED_EDGE('',*,*,#5167,.F.);
#7724=EDGE_LOOP('',(#7720,#7721,#7722,#7723));
#7725=FACE_BOUND('',#7724,.T.);
#7726=ADVANCED_FACE('',(#7719,#7725),#7713,.T.);
#7727=CARTESIAN_POINT('',(0.,0.,13.97));
#7728=DIRECTION('',(0.,0.,-1.));
#7729=DIRECTION('',(1.,0.,0.));
#7730=AXIS2_PLACEMENT_3D('',#7727,#7728,#7729);
#7731=PLANE('',#7730);
#7732=ORIENTED_EDGE('',*,*,#5088,.F.);
#7733=ORIENTED_EDGE('',*,*,#5073,.F.);
#7734=ORIENTED_EDGE('',*,*,#5058,.F.);
#7735=ORIENTED_EDGE('',*,*,#5043,.F.);
#7736=EDGE_LOOP('',(#7732,#7733,#7734,#7735));
#7737=FACE_OUTER_BOUND('',#7736,.T.);
#7738=ORIENTED_EDGE('',*,*,#4924,.T.);
#7739=ORIENTED_EDGE('',*,*,#4939,.T.);
#7740=ORIENTED_EDGE('',*,*,#4954,.T.);
#7741=ORIENTED_EDGE('',*,*,#4969,.T.);
#7742=EDGE_LOOP('',(#7738,#7739,#7740,#7741));
#7743=FACE_BOUND('',#7742,.T.);
#7744=ADVANCED_FACE('',(#7737,#7743),#7731,.T.);
#7745=CARTESIAN_POINT('',(0.,0.,23.368));
#7746=DIRECTION('',(0.,0.,1.));
#7747=DIRECTION('',(1.,0.,0.));
#7748=AXIS2_PLACEMENT_3D('',#7745,#7746,#7747);
#7749=PLANE('',#7748);
#7750=ORIENTED_EDGE('',*,*,#5296,.T.);
#7751=ORIENTED_EDGE('',*,*,#5311,.T.);
#7752=ORIENTED_EDGE('',*,*,#5326,.T.);
#7753=ORIENTED_EDGE('',*,*,#5341,.T.);
#7754=EDGE_LOOP('',(#7750,#7751,#7752,#7753));
#7755=FACE_OUTER_BOUND('',#7754,.T.);
#7756=ORIENTED_EDGE('',*,*,#5460,.F.);
#7757=ORIENTED_EDGE('',*,*,#5445,.F.);
#7758=ORIENTED_EDGE('',*,*,#5430,.F.);
#7759=ORIENTED_EDGE('',*,*,#5415,.F.);
#7760=EDGE_LOOP('',(#7756,#7757,#7758,#7759));
#7761=FACE_BOUND('',#7760,.T.);
#7762=ADVANCED_FACE('',(#7755,#7761),#7749,.T.);
#7763=CARTESIAN_POINT('',(0.,0.,21.336));
#7764=DIRECTION('',(0.,0.,-1.));
#7765=DIRECTION('',(1.,0.,0.));
#7766=AXIS2_PLACEMENT_3D('',#7763,#7764,#7765);
#7767=PLANE('',#7766);
#7768=ORIENTED_EDGE('',*,*,#5336,.F.);
#7769=ORIENTED_EDGE('',*,*,#5321,.F.);
#7770=ORIENTED_EDGE('',*,*,#5306,.F.);
#7771=ORIENTED_EDGE('',*,*,#5291,.F.);
#7772=EDGE_LOOP('',(#7768,#7769,#7770,#7771));
#7773=FACE_OUTER_BOUND('',#7772,.T.);
#7774=ORIENTED_EDGE('',*,*,#5172,.T.);
#7775=ORIENTED_EDGE('',*,*,#5187,.T.);
#7776=ORIENTED_EDGE('',*,*,#5202,.T.);
#7777=ORIENTED_EDGE('',*,*,#5217,.T.);
#7778=EDGE_LOOP('',(#7774,#7775,#7776,#7777));
#7779=FACE_BOUND('',#7778,.T.);
#7780=ADVANCED_FACE('',(#7773,#7779),#7767,.T.);
#7781=CARTESIAN_POINT('',(0.,0.,27.432));
#7782=DIRECTION('',(0.,0.,1.));
#7783=DIRECTION('',(1.,0.,0.));
#7784=AXIS2_PLACEMENT_3D('',#7781,#7782,#7783);
#7785=PLANE('',#7784);
#7786=ORIENTED_EDGE('',*,*,#5544,.T.);
#7787=ORIENTED_EDGE('',*,*,#5559,.T.);
#7788=ORIENTED_EDGE('',*,*,#5574,.T.);
#7789=ORIENTED_EDGE('',*,*,#5589,.T.);
#7790=EDGE_LOOP('',(#7786,#7787,#7788,#7789));
#7791=FACE_OUTER_BOUND('',#7790,.T.);
#7792=ORIENTED_EDGE('',*,*,#5708,.F.);
#7793=ORIENTED_EDGE('',*,*,#5693,.F.);
#7794=ORIENTED_EDGE('',*,*,#5678,.F.);
#7795=ORIENTED_EDGE('',*,*,#5663,.F.);
#7796=EDGE_LOOP('',(#7792,#7793,#7794,#7795));
#7797=FACE_BOUND('',#7796,.T.);
#7798=ADVANCED_FACE('',(#7791,#7797),#7785,.T.);
#7799=CARTESIAN_POINT('',(0.,0.,25.4));
#7800=DIRECTION('',(0.,0.,-1.));
#7801=DIRECTION('',(1.,0.,0.));
#7802=AXIS2_PLACEMENT_3D('',#7799,#7800,#7801);
#7803=PLANE('',#7802);
#7804=ORIENTED_EDGE('',*,*,#5584,.F.);
#7805=ORIENTED_EDGE('',*,*,#5569,.F.);
#7806=ORIENTED_EDGE('',*,*,#5554,.F.);
#7807=ORIENTED_EDGE('',*,*,#5539,.F.);
#7808=EDGE_LOOP('',(#7804,#7805,#7806,#7807));
#7809=FACE_OUTER_BOUND('',#7808,.T.);
#7810=ORIENTED_EDGE('',*,*,#5420,.T.);
#7811=ORIENTED_EDGE('',*,*,#5435,.T.);
#7812=ORIENTED_EDGE('',*,*,#5450,.T.);
#7813=ORIENTED_EDGE('',*,*,#5465,.T.);
#7814=EDGE_LOOP('',(#7810,#7811,#7812,#7813));
#7815=FACE_BOUND('',#7814,.T.);
#7816=ADVANCED_FACE('',(#7809,#7815),#7803,.T.);
#7817=CARTESIAN_POINT('',(0.,0.,31.496));
#7818=DIRECTION('',(0.,0.,1.));
#7819=DIRECTION('',(1.,0.,0.));
#7820=AXIS2_PLACEMENT_3D('',#7817,#7818,#7819);
#7821=PLANE('',#7820);
#7822=ORIENTED_EDGE('',*,*,#5792,.T.);
#7823=ORIENTED_EDGE('',*,*,#5807,.T.);
#7824=ORIENTED_EDGE('',*,*,#5822,.T.);
#7825=ORIENTED_EDGE('',*,*,#5837,.T.);
#7826=EDGE_LOOP('',(#7822,#7823,#7824,#7825));
#7827=FACE_OUTER_BOUND('',#7826,.T.);
#7828=ORIENTED_EDGE('',*,*,#5956,.F.);
#7829=ORIENTED_EDGE('',*,*,#5941,.F.);
#7830=ORIENTED_EDGE('',*,*,#5926,.F.);
#7831=ORIENTED_EDGE('',*,*,#5911,.F.);
#7832=EDGE_LOOP('',(#7828,#7829,#7830,#7831));
#7833=FACE_BOUND('',#7832,.T.);
#7834=ADVANCED_FACE('',(#7827,#7833),#7821,.T.);
#7835=CARTESIAN_POINT('',(0.,0.,29.464));
#7836=DIRECTION('',(0.,0.,-1.));
#7837=DIRECTION('',(1.,0.,0.));
#7838=AXIS2_PLACEMENT_3D('',#7835,#7836,#7837);
#7839=PLANE('',#7838);
#7840=ORIENTED_EDGE('',*,*,#5832,.F.);
#7841=ORIENTED_EDGE('',*,*,#5817,.F.);
#7842=ORIENTED_EDGE('',*,*,#5802,.F.);
#7843=ORIENTED_EDGE('',*,*,#5787,.F.);
#7844=EDGE_LOOP('',(#7840,#7841,#7842,#7843));
#7845=FACE_OUTER_BOUND('',#7844,.T.);
#7846=ORIENTED_EDGE('',*,*,#5668,.T.);
#7847=ORIENTED_EDGE('',*,*,#5683,.T.);
#7848=ORIENTED_EDGE('',*,*,#5698,.T.);
#7849=ORIENTED_EDGE('',*,*,#5713,.T.);
#7850=EDGE_LOOP('',(#7846,#7847,#7848,#7849));
#7851=FACE_BOUND('',#7850,.T.);
#7852=ADVANCED_FACE('',(#7845,#7851),#7839,.T.);
#7853=CARTESIAN_POINT('',(0.,0.,35.56));
#7854=DIRECTION('',(0.,0.,1.));
#7855=DIRECTION('',(1.,0.,0.));
#7856=AXIS2_PLACEMENT_3D('',#7853,#7854,#7855);
#7857=PLANE('',#7856);
#7858=ORIENTED_EDGE('',*,*,#6040,.T.);
#7859=ORIENTED_EDGE('',*,*,#6055,.T.);
#7860=ORIENTED_EDGE('',*,*,#6070,.T.);
#7861=ORIENTED_EDGE('',*,*,#6085,.T.);
#7862=EDGE_LOOP('',(#7858,#7859,#7860,#7861));
#7863=FACE_OUTER_BOUND('',#7862,.T.);
#7864=ORIENTED_EDGE('',*,*,#6204,.F.);
#7865=ORIENTED_EDGE('',*,*,#6189,.F.);
#7866=ORIENTED_EDGE('',*,*,#6174,.F.);
#7867=ORIENTED_EDGE('',*,*,#6159,.F.);
#7868=EDGE_LOOP('',(#7864,#7865,#7866,#7867));
#7869=FACE_BOUND('',#7868,.T.);
#7870=ADVANCED_FACE('',(#7863,#7869),#7857,.T.);
#7871=CARTESIAN_POINT('',(0.,0.,33.528));
#7872=DIRECTION('',(0.,0.,-1.));
#7873=DIRECTION('',(1.,0.,0.));
#7874=AXIS2_PLACEMENT_3D('',#7871,#7872,#7873);
#7875=PLANE('',#7874);
#7876=ORIENTED_EDGE('',*,*,#6080,.F.);
#7877=ORIENTED_EDGE('',*,*,#6065,.F.);
#7878=ORIENTED_EDGE('',*,*,#6050,.F.);
#7879=ORIENTED_EDGE('',*,*,#6035,.F.);
#7880=EDGE_LOOP('',(#7876,#7877,#7878,#7879));
#7881=FACE_OUTER_BOUND('',#7880,.T.);
#7882=ORIENTED_EDGE('',*,*,#5916,.T.);
#7883=ORIENTED_EDGE('',*,*,#5931,.T.);
#7884=ORIENTED_EDGE('',*,*,#5946,.T.);
#7885=ORIENTED_EDGE('',*,*,#5961,.T.);
#7886=EDGE_LOOP('',(#7882,#7883,#7884,#7885));
#7887=FACE_BOUND('',#7886,.T.);
#7888=ADVANCED_FACE('',(#7881,#7887),#7875,.T.);
#7889=CARTESIAN_POINT('',(0.,0.,39.624));
#7890=DIRECTION('',(0.,0.,1.));
#7891=DIRECTION('',(1.,0.,0.));
#7892=AXIS2_PLACEMENT_3D('',#7889,#7890,#7891);
#7893=PLANE('',#7892);
#7894=ORIENTED_EDGE('',*,*,#6288,.T.);
#7895=ORIENTED_EDGE('',*,*,#6303,.T.);
#7896=ORIENTED_EDGE('',*,*,#6318,.T.);
#7897=ORIENTED_EDGE('',*,*,#6333,.T.);
#7898=EDGE_LOOP('',(#7894,#7895,#7896,#7897));
#7899=FACE_OUTER_BOUND('',#7898,.T.);
#7900=ORIENTED_EDGE('',*,*,#6452,.F.);
#7901=ORIENTED_EDGE('',*,*,#6437,.F.);
#7902=ORIENTED_EDGE('',*,*,#6422,.F.);
#7903=ORIENTED_EDGE('',*,*,#6407,.F.);
#7904=EDGE_LOOP('',(#7900,#7901,#7902,#7903));
#7905=FACE_BOUND('',#7904,.T.);
#7906=ADVANCED_FACE('',(#7899,#7905),#7893,.T.);
#7907=CARTESIAN_POINT('',(0.,0.,37.592));
#7908=DIRECTION('',(0.,0.,-1.));
#7909=DIRECTION('',(1.,0.,0.));
#7910=AXIS2_PLACEMENT_3D('',#7907,#7908,#7909);
#7911=PLANE('',#7910);
#7912=ORIENTED_EDGE('',*,*,#6328,.F.);
#7913=ORIENTED_EDGE('',*,*,#6313,.F.);
#7914=ORIENTED_EDGE('',*,*,#6298,.F.);
#7915=ORIENTED_EDGE('',*,*,#6283,.F.);
#7916=EDGE_LOOP('',(#7912,#7913,#7914,#7915));
#7917=FACE_OUTER_BOUND('',#7916,.T.);
#7918=ORIENTED_EDGE('',*,*,#6164,.T.);
#7919=ORIENTED_EDGE('',*,*,#6179,.T.);
#7920=ORIENTED_EDGE('',*,*,#6194,.T.);
#7921=ORIENTED_EDGE('',*,*,#6209,.T.);
#7922=EDGE_LOOP('',(#7918,#7919,#7920,#7921));
#7923=FACE_BOUND('',#7922,.T.);
#7924=ADVANCED_FACE('',(#7917,#7923),#7911,.T.);
#7925=CARTESIAN_POINT('',(0.,0.,43.688));
#7926=DIRECTION('',(0.,0.,1.));
#7927=DIRECTION('',(1.,0.,0.));
#7928=AXIS2_PLACEMENT_3D('',#7925,#7926,#7927);
#7929=PLANE('',#7928);
#7930=ORIENTED_EDGE('',*,*,#6536,.T.);
#7931=ORIENTED_EDGE('',*,*,#6551,.T.);
#7932=ORIENTED_EDGE('',*,*,#6566,.T.);
#7933=ORIENTED_EDGE('',*,*,#6581,.T.);
#7934=EDGE_LOOP('',(#7930,#7931,#7932,#7933));
#7935=FACE_OUTER_BOUND('',#7934,.T.);
#7936=ORIENTED_EDGE('',*,*,#6700,.F.);
#7937=ORIENTED_EDGE('',*,*,#6685,.F.);
#7938=ORIENTED_EDGE('',*,*,#6670,.F.);
#7939=ORIENTED_EDGE('',*,*,#6655,.F.);
#7940=EDGE_LOOP('',(#7936,#7937,#7938,#7939));
#7941=FACE_BOUND('',#7940,.T.);
#7942=ADVANCED_FACE('',(#7935,#7941),#7929,.T.);
#7943=CARTESIAN_POINT('',(0.,0.,41.656));
#7944=DIRECTION('',(0.,0.,-1.));
#7945=DIRECTION('',(1.,0.,0.));
#7946=AXIS2_PLACEMENT_3D('',#7943,#7944,#7945);
#7947=PLANE('',#7946);
#7948=ORIENTED_EDGE('',*,*,#6576,.F.);
#7949=ORIENTED_EDGE('',*,*,#6561,.F.);
#7950=ORIENTED_EDGE('',*,*,#6546,.F.);
#7951=ORIENTED_EDGE('',*,*,#6531,.F.);
#7952=EDGE_LOOP('',(#7948,#7949,#7950,#7951));
#7953=FACE_OUTER_BOUND('',#7952,.T.);
#7954=ORIENTED_EDGE('',*,*,#6412,.T.);
#7955=ORIENTED_EDGE('',*,*,#6427,.T.);
#7956=ORIENTED_EDGE('',*,*,#6442,.T.);
#7957=ORIENTED_EDGE('',*,*,#6457,.T.);
#7958=EDGE_LOOP('',(#7954,#7955,#7956,#7957));
#7959=FACE_BOUND('',#7958,.T.);
#7960=ADVANCED_FACE('',(#7953,#7959),#7947,.T.);
#7961=CARTESIAN_POINT('',(0.,0.,47.752));
#7962=DIRECTION('',(0.,0.,1.));
#7963=DIRECTION('',(1.,0.,0.));
#7964=AXIS2_PLACEMENT_3D('',#7961,#7962,#7963);
#7965=PLANE('',#7964);
#7966=ORIENTED_EDGE('',*,*,#6784,.T.);
#7967=ORIENTED_EDGE('',*,*,#6799,.T.);
#7968=ORIENTED_EDGE('',*,*,#6814,.T.);
#7969=ORIENTED_EDGE('',*,*,#6829,.T.);
#7970=EDGE_LOOP('',(#7966,#7967,#7968,#7969));
#7971=FACE_OUTER_BOUND('',#7970,.T.);
#7972=ORIENTED_EDGE('',*,*,#6948,.F.);
#7973=ORIENTED_EDGE('',*,*,#6933,.F.);
#7974=ORIENTED_EDGE('',*,*,#6918,.F.);
#7975=ORIENTED_EDGE('',*,*,#6903,.F.);
#7976=EDGE_LOOP('',(#7972,#7973,#7974,#7975));
#7977=FACE_BOUND('',#7976,.T.);
#7978=ADVANCED_FACE('',(#7971,#7977),#7965,.T.);
#7979=CARTESIAN_POINT('',(0.,0.,45.72));
#7980=DIRECTION('',(0.,0.,-1.));
#7981=DIRECTION('',(1.,0.,0.));
#7982=AXIS2_PLACEMENT_3D('',#7979,#7980,#7981);
#7983=PLANE('',#7982);
#7984=ORIENTED_EDGE('',*,*,#6824,.F.);
#7985=ORIENTED_EDGE('',*,*,#6809,.F.);
#7986=ORIENTED_EDGE('',*,*,#6794,.F.);
#7987=ORIENTED_EDGE('',*,*,#6779,.F.);
#7988=EDGE_LOOP('',(#7984,#7985,#7986,#7987));
#7989=FACE_OUTER_BOUND('',#7988,.T.);
#7990=ORIENTED_EDGE('',*,*,#6660,.T.);
#7991=ORIENTED_EDGE('',*,*,#6675,.T.);
#7992=ORIENTED_EDGE('',*,*,#6690,.T.);
#7993=ORIENTED_EDGE('',*,*,#6705,.T.);
#7994=EDGE_LOOP('',(#7990,#7991,#7992,#7993));
#7995=FACE_BOUND('',#7994,.T.);
#7996=ADVANCED_FACE('',(#7989,#7995),#7983,.T.);
#7997=CARTESIAN_POINT('',(0.,0.,51.816));
#7998=DIRECTION('',(0.,0.,1.));
#7999=DIRECTION('',(1.,0.,0.));
#8000=AXIS2_PLACEMENT_3D('',#7997,#7998,#7999);
#8001=PLANE('',#8000);
#8002=ORIENTED_EDGE('',*,*,#7032,.T.);
#8003=ORIENTED_EDGE('',*,*,#7047,.T.);
#8004=ORIENTED_EDGE('',*,*,#7062,.T.);
#8005=ORIENTED_EDGE('',*,*,#7077,.T.);
#8006=EDGE_LOOP('',(#8002,#8003,#8004,#8005));
#8007=FACE_OUTER_BOUND('',#8006,.T.);
#8008=ORIENTED_EDGE('',*,*,#7196,.F.);
#8009=ORIENTED_EDGE('',*,*,#7181,.F.);
#8010=ORIENTED_EDGE('',*,*,#7166,.F.);
#8011=ORIENTED_EDGE('',*,*,#7151,.F.);
#8012=EDGE_LOOP('',(#8008,#8009,#8010,#8011));
#8013=FACE_BOUND('',#8012,.T.);
#8014=ADVANCED_FACE('',(#8007,#8013),#8001,.T.);
#8015=CARTESIAN_POINT('',(0.,0.,49.784));
#8016=DIRECTION('',(0.,0.,-1.));
#8017=DIRECTION('',(1.,0.,0.));
#8018=AXIS2_PLACEMENT_3D('',#8015,#8016,#8017);
#8019=PLANE('',#8018);
#8020=ORIENTED_EDGE('',*,*,#7072,.F.);
#8021=ORIENTED_EDGE('',*,*,#7057,.F.);
#8022=ORIENTED_EDGE('',*,*,#7042,.F.);
#8023=ORIENTED_EDGE('',*,*,#7027,.F.);
#8024=EDGE_LOOP('',(#8020,#8021,#8022,#8023));
#8025=FACE_OUTER_BOUND('',#8024,.T.);
#8026=ORIENTED_EDGE('',*,*,#6908,.T.);
#8027=ORIENTED_EDGE('',*,*,#6923,.T.);
#8028=ORIENTED_EDGE('',*,*,#6938,.T.);
#8029=ORIENTED_EDGE('',*,*,#6953,.T.);
#8030=EDGE_LOOP('',(#8026,#8027,#8028,#8029));
#8031=FACE_BOUND('',#8030,.T.);
#8032=ADVANCED_FACE('',(#8025,#8031),#8019,.T.);
#8033=CARTESIAN_POINT('',(0.,0.,55.88));
#8034=DIRECTION('',(0.,0.,1.));
#8035=DIRECTION('',(1.,0.,0.));
#8036=AXIS2_PLACEMENT_3D('',#8033,#8034,#8035);
#8037=PLANE('',#8036);
#8038=ORIENTED_EDGE('',*,*,#7280,.T.);
#8039=ORIENTED_EDGE('',*,*,#7295,.T.);
#8040=ORIENTED_EDGE('',*,*,#7310,.T.);
#8041=ORIENTED_EDGE('',*,*,#7325,.T.);
#8042=EDGE_LOOP('',(#8038,#8039,#8040,#8041));
#8043=FACE_OUTER_BOUND('',#8042,.T.);
#8044=ORIENTED_EDGE('',*,*,#7444,.F.);
#8045=ORIENTED_EDGE('',*,*,#7429,.F.);
#8046=ORIENTED_EDGE('',*,*,#7414,.F.);
#8047=ORIENTED_EDGE('',*,*,#7399,.F.);
#8048=EDGE_LOOP('',(#8044,#8045,#8046,#8047));
#8049=FACE_BOUND('',#8048,.T.);
#8050=ADVANCED_FACE('',(#8043,#8049),#8037,.T.);
#8051=CARTESIAN_POINT('',(0.,0.,53.848));
#8052=DIRECTION('',(0.,0.,-1.));
#8053=DIRECTION('',(1.,0.,0.));
#8054=AXIS2_PLACEMENT_3D('',#8051,#8052,#8053);
#8055=PLANE('',#8054);
#8056=ORIENTED_EDGE('',*,*,#7320,.F.);
#8057=ORIENTED_EDGE('',*,*,#7305,.F.);
#8058=ORIENTED_EDGE('',*,*,#7290,.F.);
#8059=ORIENTED_EDGE('',*,*,#7275,.F.);
#8060=EDGE_LOOP('',(#8056,#8057,#8058,#8059));
#8061=FACE_OUTER_BOUND('',#8060,.T.);
#8062=ORIENTED_EDGE('',*,*,#7156,.T.);
#8063=ORIENTED_EDGE('',*,*,#7171,.T.);
#8064=ORIENTED_EDGE('',*,*,#7186,.T.);
#8065=ORIENTED_EDGE('',*,*,#7201,.T.);
#8066=EDGE_LOOP('',(#8062,#8063,#8064,#8065));
#8067=FACE_BOUND('',#8066,.T.);
#8068=ADVANCED_FACE('',(#8061,#8067),#8055,.T.);
#8069=CARTESIAN_POINT('',(0.,0.,60.96));
#8070=DIRECTION('',(0.,0.,1.));
#8071=DIRECTION('',(1.,0.,0.));
#8072=AXIS2_PLACEMENT_3D('',#8069,#8070,#8071);
#8073=PLANE('',#8072);
#8074=ORIENTED_EDGE('',*,*,#7404,.T.);
#8075=ORIENTED_EDGE('',*,*,#7419,.T.);
#8076=ORIENTED_EDGE('',*,*,#7434,.T.);
#8077=ORIENTED_EDGE('',*,*,#7449,.T.);
#8078=EDGE_LOOP('',(#8074,#8075,#8076,#8077));
#8079=FACE_OUTER_BOUND('',#8078,.T.);
#8080=ORIENTED_EDGE('',*,*,#7568,.F.);
#8081=ORIENTED_EDGE('',*,*,#7553,.F.);
#8082=ORIENTED_EDGE('',*,*,#7538,.F.);
#8083=ORIENTED_EDGE('',*,*,#7523,.F.);
#8084=EDGE_LOOP('',(#8080,#8081,#8082,#8083));
#8085=FACE_BOUND('',#8084,.T.);
#8086=ADVANCED_FACE('',(#8079,#8085),#8073,.T.);
#8087=CARTESIAN_POINT('',(0.,0.,64.008));
#8088=DIRECTION('',(0.,0.,1.));
#8089=DIRECTION('',(1.,0.,0.));
#8090=AXIS2_PLACEMENT_3D('',#8087,#8088,#8089);
#8091=PLANE('',#8090);
#8092=ORIENTED_EDGE('',*,*,#7528,.T.);
#8093=ORIENTED_EDGE('',*,*,#7543,.T.);
#8094=ORIENTED_EDGE('',*,*,#7558,.T.);
#8095=ORIENTED_EDGE('',*,*,#7573,.T.);
#8096=EDGE_LOOP('',(#8092,#8093,#8094,#8095));
#8097=FACE_OUTER_BOUND('',#8096,.T.);
#8098=ADVANCED_FACE('',(#8097),#8091,.T.);
#8099=CARTESIAN_POINT('',(0.,0.,-3.048));
#8100=DIRECTION('',(0.,0.,-1.));
#8101=DIRECTION('',(1.,0.,0.));
#8102=AXIS2_PLACEMENT_3D('',#8099,#8100,#8101);
#8103=PLANE('',#8102);
#8104=ORIENTED_EDGE('',*,*,#7657,.F.);
#8105=ORIENTED_EDGE('',*,*,#7640,.F.);
#8106=EDGE_LOOP('',(#8104,#8105));
#8107=FACE_OUTER_BOUND('',#8106,.T.);
#8108=ADVANCED_FACE('',(#8107),#8103,.T.);
#8109=CLOSED_SHELL('',(#4986,#4998,#5010,#5022,#5110,#5122,#5134,#5146,#5234,#5246,#5258,#5270,#5358,#5370,#5382,#5394,#5482,#5494,#5506,#5518,#5606,#5618,#5630,#5642,#5730,#5742,#5754,#5766,#5854,#5866,#5878,#5890,#5978,#5990,#6002,#6014,#6102,#6114,#6126,#6138,#6226,#6238,#6250,#6262,#6350,#6362,#6374,#6386,#6474,#6486,#6498,#6510,#6598,#6610,#6622,#6634,#6722,#6734,#6746,#6758,#6846,#6858,#6870,#6882,#6970,#6982,#6994,#7006,#7094,#7106,#7118,#7130,#7218,#7230,#7242,#7254,#7342,#7354,#7366,#7378,#7466,#7478,#7490,#7502,#7590,#7602,#7614,#7626,#7680,#7692,#7708,#7726,#7744,#7762,#7780,#7798,#7816,#7834,#7852,#7870,#7888,#7906,#7924,#7942,#7960,#7978,#7996,#8014,#8032,#8050,#8068,#8086,#8098,#8108));
#8110=MANIFOLD_SOLID_BREP('servo',#8109);
#8111=ADVANCED_BREP_SHAPE_REPRESENTATION('servo',(#4898,#8110),#9);
#8112=SHAPE_DEFINITION_REPRESENTATION(#4894,#8111);
#8113=PRODUCT('hex_shaft','hex_shaft','',(#3));
#8114=PRODUCT_RELATED_PRODUCT_CATEGORY('part',$,(#8113));
#8115=PRODUCT_DEFINITION_FORMATION('','',#8113);
#8116=PRODUCT_DEFINITION('design','',#8115,#4);
#8117=PRODUCT_DEFINITION_SHAPE('','',#8116);
#8118=CARTESIAN_POINT('',(0.,0.,0.));
#8119=DIRECTION('',(0.,0.,1.));
#8120=DIRECTION('',(1.,0.,0.));
#8121=AXIS2_PLACEMENT_3D('',#8118,#8119,#8120);
#8122=CARTESIAN_POINT('',(3.666174209,0.,0.));
#8123=VERTEX_POINT('',#8122);
#8124=CARTESIAN_POINT('',(1.833087105,3.175,0.));
#8125=VERTEX_POINT('',#8124);
#8126=CARTESIAN_POINT('',(-1.833087105,3.175,0.));
#8127=VERTEX_POINT('',#8126);
#8128=CARTESIAN_POINT('',(-3.666174209,0.,0.));
#8129=VERTEX_POINT('',#8128);
#8130=CARTESIAN_POINT('',(-1.833087105,-3.175,0.));
#8131=VERTEX_POINT('',#8130);
#8132=CARTESIAN_POINT('',(1.833087105,-3.175,0.));
#8133=VERTEX_POINT('',#8132);
#8134=CARTESIAN_POINT('',(3.666174209,0.,56.261));
#8135=VERTEX_POINT('',#8134);
#8136=CARTESIAN_POINT('',(1.833087105,3.175,56.261));
#8137=VERTEX_POINT('',#8136);
#8138=CARTESIAN_POINT('',(-1.833087105,3.175,56.261));
#8139=VERTEX_POINT('',#8138);
#8140=CARTESIAN_POINT('',(-3.666174209,0.,56.261));
#8141=VERTEX_POINT('',#8140);
#8142=CARTESIAN_POINT('',(-1.833087105,-3.175,56.261));
#8143=VERTEX_POINT('',#8142);
#8144=CARTESIAN_POINT('',(1.833087105,-3.175,56.261));
#8145=VERTEX_POINT('',#8144);
#8146=DIRECTION('',(-0.5,0.8660254038,0.));
#8147=VECTOR('',#8146,3.666174209);
#8148=CARTESIAN_POINT('',(3.666174209,0.,0.));
#8149=LINE('',#8148,#8147);
#8150=EDGE_CURVE('',#8123,#8125,#8149,.T.);
#8151=DIRECTION('',(-0.5,0.8660254038,0.));
#8152=VECTOR('',#8151,3.666174209);
#8153=CARTESIAN_POINT('',(3.666174209,0.,56.261));
#8154=LINE('',#8153,#8152);
#8155=EDGE_CURVE('',#8135,#8137,#8154,.T.);
#8156=DIRECTION('',(0.,0.,1.));
#8157=VECTOR('',#8156,56.261);
#8158=CARTESIAN_POINT('',(3.666174209,0.,0.));
#8159=LINE('',#8158,#8157);
#8160=EDGE_CURVE('',#8123,#8135,#8159,.T.);
#8161=DIRECTION('',(-1.,0.,0.));
#8162=VECTOR('',#8161,3.666174209);
#8163=CARTESIAN_POINT('',(1.833087105,3.175,0.));
#8164=LINE('',#8163,#8162);
#8165=EDGE_CURVE('',#8125,#8127,#8164,.T.);
#8166=DIRECTION('',(-1.,0.,0.));
#8167=VECTOR('',#8166,3.666174209);
#8168=CARTESIAN_POINT('',(1.833087105,3.175,56.261));
#8169=LINE('',#8168,#8167);
#8170=EDGE_CURVE('',#8137,#8139,#8169,.T.);
#8171=DIRECTION('',(0.,0.,1.));
#8172=VECTOR('',#8171,56.261);
#8173=CARTESIAN_POINT('',(1.833087105,3.175,0.));
#8174=LINE('',#8173,#8172);
#8175=EDGE_CURVE('',#8125,#8137,#8174,.T.);
#8176=DIRECTION('',(-0.5,-0.8660254038,0.));
#8177=VECTOR('',#8176,3.666174209);
#8178=CARTESIAN_POINT('',(-1.833087105,3.175,0.));
#8179=LINE('',#8178,#8177);
#8180=EDGE_CURVE('',#8127,#8129,#8179,.T.);
#8181=DIRECTION('',(-0.5,-0.8660254038,0.));
#8182=VECTOR('',#8181,3.666174209);
#8183=CARTESIAN_POINT('',(-1.833087105,3.175,56.261));
#8184=LINE('',#8183,#8182);
#8185=EDGE_CURVE('',#8139,#8141,#8184,.T.);
#8186=DIRECTION('',(0.,0.,1.));
#8187=VECTOR('',#8186,56.261);
#8188=CARTESIAN_POINT('',(-1.833087105,3.175,0.));
#8189=LINE('',#8188,#8187);
#8190=EDGE_CURVE('',#8127,#8139,#8189,.T.);
#8191=DIRECTION('',(0.5,-0.8660254038,0.));
#8192=VECTOR('',#8191,3.666174209);
#8193=CARTESIAN_POINT('',(-3.666174209,0.,0.));
#8194=LINE('',#8193,#8192);
#8195=EDGE_CURVE('',#8129,#8131,#8194,.T.);
#8196=DIRECTION('',(0.5,-0.8660254038,0.));
#8197=VECTOR('',#8196,3.666174209);
#8198=CARTESIAN_POINT('',(-3.666174209,0.,56.261));
#8199=LINE('',#8198,#8197);
#8200=EDGE_CURVE('',#8141,#8143,#8199,.T.);
#8201=DIRECTION('',(0.,0.,1.));
#8202=VECTOR('',#8201,56.261);
#8203=CARTESIAN_POINT('',(-3.666174209,0.,0.));
#8204=LINE('',#8203,#8202);
#8205=EDGE_CURVE('',#8129,#8141,#8204,.T.);
#8206=DIRECTION('',(1.,0.,0.));
#8207=VECTOR('',#8206,3.666174209);
#8208=CARTESIAN_POINT('',(-1.833087105,-3.175,0.));
#8209=LINE('',#8208,#8207);
#8210=EDGE_CURVE('',#8131,#8133,#8209,.T.);
#8211=DIRECTION('',(1.,0.,0.));
#8212=VECTOR('',#8211,3.666174209);
#8213=CARTESIAN_POINT('',(-1.833087105,-3.175,56.261));
#8214=LINE('',#8213,#8212);
#8215=EDGE_CURVE('',#8143,#8145,#8214,.T.);
#8216=DIRECTION('',(0.,0.,1.));
#8217=VECTOR('',#8216,56.261);
#8218=CARTESIAN_POINT('',(-1.833087105,-3.175,0.));
#8219=LINE('',#8218,#8217);
#8220=EDGE_CURVE('',#8131,#8143,#8219,.T.);
#8221=DIRECTION('',(0.5,0.8660254038,0.));
#8222=VECTOR('',#8221,3.666174209);
#8223=CARTESIAN_POINT('',(1.833087105,-3.175,0.));
#8224=LINE('',#8223,#8222);
#8225=EDGE_CURVE('',#8133,#8123,#8224,.T.);
#8226=DIRECTION('',(0.5,0.8660254038,0.));
#8227=VECTOR('',#8226,3.666174209);
#8228=CARTESIAN_POINT('',(1.833087105,-3.175,56.261));
#8229=LINE('',#8228,#8227);
#8230=EDGE_CURVE('',#8145,#8135,#8229,.T.);
#8231=DIRECTION('',(0.,0.,1.));
#8232=VECTOR('',#8231,56.261);
#8233=CARTESIAN_POINT('',(1.833087105,-3.175,0.));
#8234=LINE('',#8233,#8232);
#8235=EDGE_CURVE('',#8133,#8145,#8234,.T.);
#8236=CARTESIAN_POINT('',(3.666174209,0.,0.));
#8237=DIRECTION('',(0.8660254038,0.5,0.));
#8238=DIRECTION('',(-0.5,0.8660254038,0.));
#8239=AXIS2_PLACEMENT_3D('',#8236,#8237,#8238);
#8240=PLANE('',#8239);
#8241=ORIENTED_EDGE('',*,*,#8150,.T.);
#8242=ORIENTED_EDGE('',*,*,#8175,.T.);
#8243=ORIENTED_EDGE('',*,*,#8155,.F.);
#8244=ORIENTED_EDGE('',*,*,#8160,.F.);
#8245=EDGE_LOOP('',(#8241,#8242,#8243,#8244));
#8246=FACE_OUTER_BOUND('',#8245,.T.);
#8247=ADVANCED_FACE('',(#8246),#8240,.T.);
#8248=CARTESIAN_POINT('',(1.833087105,3.175,0.));
#8249=DIRECTION('',(0.,1.,0.));
#8250=DIRECTION('',(-1.,0.,0.));
#8251=AXIS2_PLACEMENT_3D('',#8248,#8249,#8250);
#8252=PLANE('',#8251);
#8253=ORIENTED_EDGE('',*,*,#8165,.T.);
#8254=ORIENTED_EDGE('',*,*,#8190,.T.);
#8255=ORIENTED_EDGE('',*,*,#8170,.F.);
#8256=ORIENTED_EDGE('',*,*,#8175,.F.);
#8257=EDGE_LOOP('',(#8253,#8254,#8255,#8256));
#8258=FACE_OUTER_BOUND('',#8257,.T.);
#8259=ADVANCED_FACE('',(#8258),#8252,.T.);
#8260=CARTESIAN_POINT('',(-1.833087105,3.175,0.));
#8261=DIRECTION('',(-0.8660254038,0.5,0.));
#8262=DIRECTION('',(-0.5,-0.8660254038,0.));
#8263=AXIS2_PLACEMENT_3D('',#8260,#8261,#8262);
#8264=PLANE('',#8263);
#8265=ORIENTED_EDGE('',*,*,#8180,.T.);
#8266=ORIENTED_EDGE('',*,*,#8205,.T.);
#8267=ORIENTED_EDGE('',*,*,#8185,.F.);
#8268=ORIENTED_EDGE('',*,*,#8190,.F.);
#8269=EDGE_LOOP('',(#8265,#8266,#8267,#8268));
#8270=FACE_OUTER_BOUND('',#8269,.T.);
#8271=ADVANCED_FACE('',(#8270),#8264,.T.);
#8272=CARTESIAN_POINT('',(-3.666174209,0.,0.));
#8273=DIRECTION('',(-0.8660254038,-0.5,0.));
#8274=DIRECTION('',(0.5,-0.8660254038,0.));
#8275=AXIS2_PLACEMENT_3D('',#8272,#8273,#8274);
#8276=PLANE('',#8275);
#8277=ORIENTED_EDGE('',*,*,#8195,.T.);
#8278=ORIENTED_EDGE('',*,*,#8220,.T.);
#8279=ORIENTED_EDGE('',*,*,#8200,.F.);
#8280=ORIENTED_EDGE('',*,*,#8205,.F.);
#8281=EDGE_LOOP('',(#8277,#8278,#8279,#8280));
#8282=FACE_OUTER_BOUND('',#8281,.T.);
#8283=ADVANCED_FACE('',(#8282),#8276,.T.);
#8284=CARTESIAN_POINT('',(-1.833087105,-3.175,0.));
#8285=DIRECTION('',(0.,-1.,0.));
#8286=DIRECTION('',(1.,0.,0.));
#8287=AXIS2_PLACEMENT_3D('',#8284,#8285,#8286);
#8288=PLANE('',#8287);
#8289=ORIENTED_EDGE('',*,*,#8210,.T.);
#8290=ORIENTED_EDGE('',*,*,#8235,.T.);
#8291=ORIENTED_EDGE('',*,*,#8215,.F.);
#8292=ORIENTED_EDGE('',*,*,#8220,.F.);
#8293=EDGE_LOOP('',(#8289,#8290,#8291,#8292));
#8294=FACE_OUTER_BOUND('',#8293,.T.);
#8295=ADVANCED_FACE('',(#8294),#8288,.T.);
#8296=CARTESIAN_POINT('',(1.833087105,-3.175,0.));
#8297=DIRECTION('',(0.8660254038,-0.5,0.));
#8298=DIRECTION('',(0.5,0.8660254038,0.));
#8299=AXIS2_PLACEMENT_3D('',#8296,#8297,#8298);
#8300=PLANE('',#8299);
#8301=ORIENTED_EDGE('',*,*,#8225,.T.);
#8302=ORIENTED_EDGE('',*,*,#8160,.T.);
#8303=ORIENTED_EDGE('',*,*,#8230,.F.);
#8304=ORIENTED_EDGE('',*,*,#8235,.F.);
#8305=EDGE_LOOP('',(#8301,#8302,#8303,#8304));
#8306=FACE_OUTER_BOUND('',#8305,.T.);
#8307=ADVANCED_FACE('',(#8306),#8300,.T.);
#8308=CARTESIAN_POINT('',(0.,0.,56.261));
#8309=DIRECTION('',(0.,0.,1.));
#8310=DIRECTION('',(1.,0.,0.));
#8311=AXIS2_PLACEMENT_3D('',#8308,#8309,#8310);
#8312=PLANE('',#8311);
#8313=ORIENTED_EDGE('',*,*,#8155,.T.);
#8314=ORIENTED_EDGE('',*,*,#8170,.T.);
#8315=ORIENTED_EDGE('',*,*,#8185,.T.);
#8316=ORIENTED_EDGE('',*,*,#8200,.T.);
#8317=ORIENTED_EDGE('',*,*,#8215,.T.);
#8318=ORIENTED_EDGE('',*,*,#8230,.T.);
#8319=EDGE_LOOP('',(#8313,#8314,#8315,#8316,#8317,#8318));
#8320=FACE_OUTER_BOUND('',#8319,.T.);
#8321=ADVANCED_FACE('',(#8320),#8312,.T.);
#8322=CARTESIAN_POINT('',(0.,0.,0.));
#8323=DIRECTION('',(0.,0.,-1.));
#8324=DIRECTION('',(1.,0.,0.));
#8325=AXIS2_PLACEMENT_3D('',#8322,#8323,#8324);
#8326=PLANE('',#8325);
#8327=ORIENTED_EDGE('',*,*,#8225,.F.);
#8328=ORIENTED_EDGE('',*,*,#8210,.F.);
#8329=ORIENTED_EDGE('',*,*,#8195,.F.);
#8330=ORIENTED_EDGE('',*,*,#8180,.F.);
#8331=ORIENTED_EDGE('',*,*,#8165,.F.);
#8332=ORIENTED_EDGE('',*,*,#8150,.F.);
#8333=EDGE_LOOP('',(#8327,#8328,#8329,#8330,#8331,#8332));
#8334=FACE_OUTER_BOUND('',#8333,.T.);
#8335=ADVANCED_FACE('',(#8334),#8326,.T.);
#8336=CLOSED_SHELL('',(#8247,#8259,#8271,#8283,#8295,#8307,#8321,#8335));
#8337=MANIFOLD_SOLID_BREP('hex_shaft',#8336);
#8338=ADVANCED_BREP_SHAPE_REPRESENTATION('hex_shaft',(#8121,#8337),#9);
#8339=SHAPE_DEFINITION_REPRESENTATION(#8117,#8338);
#8340=PRODUCT('shaft_coupler','shaft_coupler','',(#3));
#8341=PRODUCT_RELATED_PRODUCT_CATEGORY('part',$,(#8340));
#8342=PRODUCT_DEFINITION_FORMATION('','',#8340);
#8343=PRODUCT_DEFINITION('design','',#8342,#4);
#8344=PRODUCT_DEFINITION_SHAPE('','',#8343);
#8345=CARTESIAN_POINT('',(0.,0.,0.));
#8346=DIRECTION('',(0.,0.,1.));
#8347=DIRECTION('',(1.,0.,0.));
#8348=AXIS2_PLACEMENT_3D('',#8345,#8346,#8347);
#8349=CARTESIAN_POINT('',(7.62,0.,0.));
#8350=VERTEX_POINT('',#8349);
#8351=CARTESIAN_POINT('',(-7.62,0.,0.));
#8352=VERTEX_POINT('',#8351);
#8353=CARTESIAN_POINT('',(7.62,0.,17.272));
#8354=VERTEX_POINT('',#8353);
#8355=CARTESIAN_POINT('',(-7.62,0.,17.272));
#8356=VERTEX_POINT('',#8355);
#8357=CARTESIAN_POINT('',(0.,0.,0.));
#8358=DIRECTION('',(0.,0.,1.));
#8359=DIRECTION('',(1.,0.,0.));
#8360=AXIS2_PLACEMENT_3D('',#8357,#8358,#8359);
#8361=CIRCLE('',#8360,7.62);
#8362=EDGE_CURVE('',#8350,#8352,#8361,.T.);
#8363=CARTESIAN_POINT('',(0.,0.,17.272));
#8364=DIRECTION('',(0.,0.,1.));
#8365=DIRECTION('',(1.,0.,0.));
#8366=AXIS2_PLACEMENT_3D('',#8363,#8364,#8365);
#8367=CIRCLE('',#8366,7.62);
#8368=EDGE_CURVE('',#8354,#8356,#8367,.T.);
#8369=DIRECTION('',(0.,0.,1.));
#8370=VECTOR('',#8369,17.272);
#8371=CARTESIAN_POINT('',(7.62,0.,0.));
#8372=LINE('',#8371,#8370);
#8373=EDGE_CURVE('',#8350,#8354,#8372,.T.);
#8374=CARTESIAN_POINT('',(0.,0.,0.));
#8375=DIRECTION('',(0.,0.,1.));
#8376=DIRECTION('',(1.,0.,0.));
#8377=AXIS2_PLACEMENT_3D('',#8374,#8375,#8376);
#8378=CIRCLE('',#8377,7.62);
#8379=EDGE_CURVE('',#8352,#8350,#8378,.T.);
#8380=CARTESIAN_POINT('',(0.,0.,17.272));
#8381=DIRECTION('',(0.,0.,1.));
#8382=DIRECTION('',(1.,0.,0.));
#8383=AXIS2_PLACEMENT_3D('',#8380,#8381,#8382);
#8384=CIRCLE('',#8383,7.62);
#8385=EDGE_CURVE('',#8356,#8354,#8384,.T.);
#8386=DIRECTION('',(0.,0.,1.));
#8387=VECTOR('',#8386,17.272);
#8388=CARTESIAN_POINT('',(-7.62,0.,0.));
#8389=LINE('',#8388,#8387);
#8390=EDGE_CURVE('',#8352,#8356,#8389,.T.);
#8391=CARTESIAN_POINT('',(0.,0.,0.));
#8392=DIRECTION('',(0.,0.,1.));
#8393=DIRECTION('',(1.,0.,0.));
#8394=AXIS2_PLACEMENT_3D('',#8391,#8392,#8393);
#8395=CYLINDRICAL_SURFACE('',#8394,7.62);
#8396=ORIENTED_EDGE('',*,*,#8362,.T.);
#8397=ORIENTED_EDGE('',*,*,#8390,.T.);
#8398=ORIENTED_EDGE('',*,*,#8368,.F.);
#8399=ORIENTED_EDGE('',*,*,#8373,.F.);
#8400=EDGE_LOOP('',(#8396,#8397,#8398,#8399));
#8401=FACE_OUTER_BOUND('',#8400,.T.);
#8402=ADVANCED_FACE('',(#8401),#8395,.T.);
#8403=CARTESIAN_POINT('',(0.,0.,0.));
#8404=DIRECTION('',(0.,0.,1.));
#8405=DIRECTION('',(1.,0.,0.));
#8406=AXIS2_PLACEMENT_3D('',#8403,#8404,#8405);
#8407=CYLINDRICAL_SURFACE('',#8406,7.62);
#8408=ORIENTED_EDGE('',*,*,#8379,.T.);
#8409=ORIENTED_EDGE('',*,*,#8373,.T.);
#8410=ORIENTED_EDGE('',*,*,#8385,.F.);
#8411=ORIENTED_EDGE('',*,*,#8390,.F.);
#8412=EDGE_LOOP('',(#8408,#8409,#8410,#8411));
#8413=FACE_OUTER_BOUND('',#8412,.T.);
#8414=ADVANCED_FACE('',(#8413),#8407,.T.);
#8415=CARTESIAN_POINT('',(3.812821178,0.,0.));
#8416=VERTEX_POINT('',#8415);
#8417=CARTESIAN_POINT('',(1.906410589,-3.302,0.));
#8418=VERTEX_POINT('',#8417);
#8419=CARTESIAN_POINT('',(-1.906410589,-3.302,0.));
#8420=VERTEX_POINT('',#8419);
#8421=CARTESIAN_POINT('',(-3.812821178,0.,0.));
#8422=VERTEX_POINT('',#8421);
#8423=CARTESIAN_POINT('',(-1.906410589,3.302,0.));
#8424=VERTEX_POINT('',#8423);
#8425=CARTESIAN_POINT('',(1.906410589,3.302,0.));
#8426=VERTEX_POINT('',#8425);
#8427=CARTESIAN_POINT('',(3.812821178,0.,17.272));
#8428=VERTEX_POINT('',#8427);
#8429=CARTESIAN_POINT('',(1.906410589,-3.302,17.272));
#8430=VERTEX_POINT('',#8429);
#8431=CARTESIAN_POINT('',(-1.906410589,-3.302,17.272));
#8432=VERTEX_POINT('',#8431);
#8433=CARTESIAN_POINT('',(-3.812821178,0.,17.272));
#8434=VERTEX_POINT('',#8433);
#8435=CARTESIAN_POINT('',(-1.906410589,3.302,17.272));
#8436=VERTEX_POINT('',#8435);
#8437=CARTESIAN_POINT('',(1.906410589,3.302,17.272));
#8438=VERTEX_POINT('',#8437);
#8439=DIRECTION('',(-0.5,-0.8660254038,0.));
#8440=VECTOR('',#8439,3.812821178);
#8441=CARTESIAN_POINT('',(3.812821178,0.,0.));
#8442=LINE('',#8441,#8440);
#8443=EDGE_CURVE('',#8416,#8418,#8442,.T.);
#8444=DIRECTION('',(-0.5,-0.8660254038,0.));
#8445=VECTOR('',#8444,3.812821178);
#8446=CARTESIAN_POINT('',(3.812821178,0.,17.272));
#8447=LINE('',#8446,#8445);
#8448=EDGE_CURVE('',#8428,#8430,#8447,.T.);
#8449=DIRECTION('',(0.,0.,1.));
#8450=VECTOR('',#8449,17.272);
#8451=CARTESIAN_POINT('',(3.812821178,0.,0.));
#8452=LINE('',#8451,#8450);
#8453=EDGE_CURVE('',#8416,#8428,#8452,.T.);
#8454=DIRECTION('',(-1.,0.,0.));
#8455=VECTOR('',#8454,3.812821178);
#8456=CARTESIAN_POINT('',(1.906410589,-3.302,0.));
#8457=LINE('',#8456,#8455);
#8458=EDGE_CURVE('',#8418,#8420,#8457,.T.);
#8459=DIRECTION('',(-1.,0.,0.));
#8460=VECTOR('',#8459,3.812821178);
#8461=CARTESIAN_POINT('',(1.906410589,-3.302,17.272));
#8462=LINE('',#8461,#8460);
#8463=EDGE_CURVE('',#8430,#8432,#8462,.T.);
#8464=DIRECTION('',(0.,0.,1.));
#8465=VECTOR('',#8464,17.272);
#8466=CARTESIAN_POINT('',(1.906410589,-3.302,0.));
#8467=LINE('',#8466,#8465);
#8468=EDGE_CURVE('',#8418,#8430,#8467,.T.);
#8469=DIRECTION('',(-0.5,0.8660254038,0.));
#8470=VECTOR('',#8469,3.812821178);
#8471=CARTESIAN_POINT('',(-1.906410589,-3.302,0.));
#8472=LINE('',#8471,#8470);
#8473=EDGE_CURVE('',#8420,#8422,#8472,.T.);
#8474=DIRECTION('',(-0.5,0.8660254038,0.));
#8475=VECTOR('',#8474,3.812821178);
#8476=CARTESIAN_POINT('',(-1.906410589,-3.302,17.272));
#8477=LINE('',#8476,#8475);
#8478=EDGE_CURVE('',#8432,#8434,#8477,.T.);
#8479=DIRECTION('',(0.,0.,1.));
#8480=VECTOR('',#8479,17.272);
#8481=CARTESIAN_POINT('',(-1.906410589,-3.302,0.));
#8482=LINE('',#8481,#8480);
#8483=EDGE_CURVE('',#8420,#8432,#8482,.T.);
#8484=DIRECTION('',(0.5,0.8660254038,0.));
#8485=VECTOR('',#8484,3.812821178);
#8486=CARTESIAN_POINT('',(-3.812821178,0.,0.));
#8487=LINE('',#8486,#8485);
#8488=EDGE_CURVE('',#8422,#8424,#8487,.T.);
#8489=DIRECTION('',(0.5,0.8660254038,0.));
#8490=VECTOR('',#8489,3.812821178);
#8491=CARTESIAN_POINT('',(-3.812821178,0.,17.272));
#8492=LINE('',#8491,#8490);
#8493=EDGE_CURVE('',#8434,#8436,#8492,.T.);
#8494=DIRECTION('',(0.,0.,1.));
#8495=VECTOR('',#8494,17.272);
#8496=CARTESIAN_POINT('',(-3.812821178,0.,0.));
#8497=LINE('',#8496,#8495);
#8498=EDGE_CURVE('',#8422,#8434,#8497,.T.);
#8499=DIRECTION('',(1.,0.,0.));
#8500=VECTOR('',#8499,3.812821178);
#8501=CARTESIAN_POINT('',(-1.906410589,3.302,0.));
#8502=LINE('',#8501,#8500);
#8503=EDGE_CURVE('',#8424,#8426,#8502,.T.);
#8504=DIRECTION('',(1.,0.,0.));
#8505=VECTOR('',#8504,3.812821178);
#8506=CARTESIAN_POINT('',(-1.906410589,3.302,17.272));
#8507=LINE('',#8506,#8505);
#8508=EDGE_CURVE('',#8436,#8438,#8507,.T.);
#8509=DIRECTION('',(0.,0.,1.));
#8510=VECTOR('',#8509,17.272);
#8511=CARTESIAN_POINT('',(-1.906410589,3.302,0.));
#8512=LINE('',#8511,#8510);
#8513=EDGE_CURVE('',#8424,#8436,#8512,.T.);
#8514=DIRECTION('',(0.5,-0.8660254038,0.));
#8515=VECTOR('',#8514,3.812821178);
#8516=CARTESIAN_POINT('',(1.906410589,3.302,0.));
#8517=LINE('',#8516,#8515);
#8518=EDGE_CURVE('',#8426,#8416,#8517,.T.);
#8519=DIRECTION('',(0.5,-0.8660254038,0.));
#8520=VECTOR('',#8519,3.812821178);
#8521=CARTESIAN_POINT('',(1.906410589,3.302,17.272));
#8522=LINE('',#8521,#8520);
#8523=EDGE_CURVE('',#8438,#8428,#8522,.T.);
#8524=DIRECTION('',(0.,0.,1.));
#8525=VECTOR('',#8524,17.272);
#8526=CARTESIAN_POINT('',(1.906410589,3.302,0.));
#8527=LINE('',#8526,#8525);
#8528=EDGE_CURVE('',#8426,#8438,#8527,.T.);
#8529=CARTESIAN_POINT('',(3.812821178,0.,0.));
#8530=DIRECTION('',(-0.8660254038,0.5,0.));
#8531=DIRECTION('',(-0.5,-0.8660254038,0.));
#8532=AXIS2_PLACEMENT_3D('',#8529,#8530,#8531);
#8533=PLANE('',#8532);
#8534=ORIENTED_EDGE('',*,*,#8443,.T.);
#8535=ORIENTED_EDGE('',*,*,#8468,.T.);
#8536=ORIENTED_EDGE('',*,*,#8448,.F.);
#8537=ORIENTED_EDGE('',*,*,#8453,.F.);
#8538=EDGE_LOOP('',(#8534,#8535,#8536,#8537));
#8539=FACE_OUTER_BOUND('',#8538,.T.);
#8540=ADVANCED_FACE('',(#8539),#8533,.T.);
#8541=CARTESIAN_POINT('',(1.906410589,-3.302,0.));
#8542=DIRECTION('',(0.,1.,0.));
#8543=DIRECTION('',(-1.,0.,0.));
#8544=AXIS2_PLACEMENT_3D('',#8541,#8542,#8543);
#8545=PLANE('',#8544);
#8546=ORIENTED_EDGE('',*,*,#8458,.T.);
#8547=ORIENTED_EDGE('',*,*,#8483,.T.);
#8548=ORIENTED_EDGE('',*,*,#8463,.F.);
#8549=ORIENTED_EDGE('',*,*,#8468,.F.);
#8550=EDGE_LOOP('',(#8546,#8547,#8548,#8549));
#8551=FACE_OUTER_BOUND('',#8550,.T.);
#8552=ADVANCED_FACE('',(#8551),#8545,.T.);
#8553=CARTESIAN_POINT('',(-1.906410589,-3.302,0.));
#8554=DIRECTION('',(0.8660254038,0.5,0.));
#8555=DIRECTION('',(-0.5,0.8660254038,0.));
#8556=AXIS2_PLACEMENT_3D('',#8553,#8554,#8555);
#8557=PLANE('',#8556);
#8558=ORIENTED_EDGE('',*,*,#8473,.T.);
#8559=ORIENTED_EDGE('',*,*,#8498,.T.);
#8560=ORIENTED_EDGE('',*,*,#8478,.F.);
#8561=ORIENTED_EDGE('',*,*,#8483,.F.);
#8562=EDGE_LOOP('',(#8558,#8559,#8560,#8561));
#8563=FACE_OUTER_BOUND('',#8562,.T.);
#8564=ADVANCED_FACE('',(#8563),#8557,.T.);
#8565=CARTESIAN_POINT('',(-3.812821178,0.,0.));
#8566=DIRECTION('',(0.8660254038,-0.5,0.));
#8567=DIRECTION('',(0.5,0.8660254038,0.));
#8568=AXIS2_PLACEMENT_3D('',#8565,#8566,#8567);
#8569=PLANE('',#8568);
#8570=ORIENTED_EDGE('',*,*,#8488,.T.);
#8571=ORIENTED_EDGE('',*,*,#8513,.T.);
#8572=ORIENTED_EDGE('',*,*,#8493,.F.);
#8573=ORIENTED_EDGE('',*,*,#8498,.F.);
#8574=EDGE_LOOP('',(#8570,#8571,#8572,#8573));
#8575=FACE_OUTER_BOUND('',#8574,.T.);
#8576=ADVANCED_FACE('',(#8575),#8569,.T.);
#8577=CARTESIAN_POINT('',(-1.906410589,3.302,0.));
#8578=DIRECTION('',(0.,-1.,0.));
#8579=DIRECTION('',(1.,0.,0.));
#8580=AXIS2_PLACEMENT_3D('',#8577,#8578,#8579);
#8581=PLANE('',#8580);
#8582=ORIENTED_EDGE('',*,*,#8503,.T.);
#8583=ORIENTED_EDGE('',*,*,#8528,.T.);
#8584=ORIENTED_EDGE('',*,*,#8508,.F.);
#8585=ORIENTED_EDGE('',*,*,#8513,.F.);
#8586=EDGE_LOOP('',(#8582,#8583,#8584,#8585));
#8587=FACE_OUTER_BOUND('',#8586,.T.);
#8588=ADVANCED_FACE('',(#8587),#8581,.T.);
#8589=CARTESIAN_POINT('',(1.906410589,3.302,0.));
#8590=DIRECTION('',(-0.8660254038,-0.5,0.));
#8591=DIRECTION('',(0.5,-0.8660254038,0.));
#8592=AXIS2_PLACEMENT_3D('',#8589,#8590,#8591);
#8593=PLANE('',#8592);
#8594=ORIENTED_EDGE('',*,*,#8518,.T.);
#8595=ORIENTED_EDGE('',*,*,#8453,.T.);
#8596=ORIENTED_EDGE('',*,*,#8523,.F.);
#8597=ORIENTED_EDGE('',*,*,#8528,.F.);
#8598=EDGE_LOOP('',(#8594,#8595,#8596,#8597));
#8599=FACE_OUTER_BOUND('',#8598,.T.);
#8600=ADVANCED_FACE('',(#8599),#8593,.T.);
#8601=CARTESIAN_POINT('',(0.,0.,17.272));
#8602=DIRECTION('',(0.,0.,1.));
#8603=DIRECTION('',(1.,0.,0.));
#8604=AXIS2_PLACEMENT_3D('',#8601,#8602,#8603);
#8605=PLANE('',#8604);
#8606=ORIENTED_EDGE('',*,*,#8368,.T.);
#8607=ORIENTED_EDGE('',*,*,#8385,.T.);
#8608=EDGE_LOOP('',(#8606,#8607));
#8609=FACE_OUTER_BOUND('',#8608,.T.);
#8610=ORIENTED_EDGE('',*,*,#8448,.T.);
#8611=ORIENTED_EDGE('',*,*,#8463,.T.);
#8612=ORIENTED_EDGE('',*,*,#8478,.T.);
#8613=ORIENTED_EDGE('',*,*,#8493,.T.);
#8614=ORIENTED_EDGE('',*,*,#8508,.T.);
#8615=ORIENTED_EDGE('',*,*,#8523,.T.);
#8616=EDGE_LOOP('',(#8610,#8611,#8612,#8613,#8614,#8615));
#8617=FACE_BOUND('',#8616,.T.);
#8618=ADVANCED_FACE('',(#8609,#8617),#8605,.T.);
#8619=CARTESIAN_POINT('',(0.,0.,0.));
#8620=DIRECTION('',(0.,0.,-1.));
#8621=DIRECTION('',(1.,0.,0.));
#8622=AXIS2_PLACEMENT_3D('',#8619,#8620,#8621);
#8623=PLANE('',#8622);
#8624=ORIENTED_EDGE('',*,*,#8379,.F.);
#8625=ORIENTED_EDGE('',*,*,#8362,.F.);
#8626=EDGE_LOOP('',(#8624,#8625));
#8627=FACE_OUTER_BOUND('',#8626,.T.);
#8628=ORIENTED_EDGE('',*,*,#8518,.F.);
#8629=ORIENTED_EDGE('',*,*,#8503,.F.);
#8630=ORIENTED_EDGE('',*,*,#8488,.F.);
#8631=ORIENTED_EDGE('',*,*,#8473,.F.);
#8632=ORIENTED_EDGE('',*,*,#8458,.F.);
#8633=ORIENTED_EDGE('',*,*,#8443,.F.);
#8634=EDGE_LOOP('',(#8628,#8629,#8630,#8631,#8632,#8633));
#8635=FACE_BOUND('',#8634,.T.);
#8636=ADVANCED_FACE('',(#8627,#8635),#8623,.T.);
#8637=CLOSED_SHELL('',(#8402,#8414,#8540,#8552,#8564,#8576,#8588,#8600,#8618,#8636));
#8638=MANIFOLD_SOLID_BREP('shaft_coupler',#8637);
#8639=ADVANCED_BREP_SHAPE_REPRESENTATION('shaft_coupler',(#8348,#8638),#9);
#8640=SHAPE_DEFINITION_REPRESENTATION(#8344,#8639);
#8641=CARTESIAN_POINT('',(0.,0.,0.));
#8642=DIRECTION('',(0.,0.,1.));
#8643=DIRECTION('',(1.,0.,0.));
#8644=AXIS2_PLACEMENT_3D('',#8641,#8642,#8643);
#8645=CARTESIAN_POINT('',(0.,0.,0.));
#8646=DIRECTION('',(0.,0.,1.));
#8647=DIRECTION('',(1.,0.,0.));
#8648=AXIS2_PLACEMENT_3D('',#8645,#8646,#8647);
#8649=CARTESIAN_POINT('',(0.,0.,5.08));
#8650=DIRECTION('',(0.,0.,1.));
#8651=DIRECTION('',(1.,0.,0.));
#8652=AXIS2_PLACEMENT_3D('',#8649,#8650,#8651);
#8653=CARTESIAN_POINT('',(0.,0.,5.08));
#8654=DIRECTION('',(0.,0.,1.));
#8655=DIRECTION('',(-1.,0.,0.));
#8656=AXIS2_PLACEMENT_3D('',#8653,#8654,#8655);
#8657=CARTESIAN_POINT('',(0.,0.,5.08));
#8658=DIRECTION('',(0.,0.,1.));
#8659=DIRECTION('',(1.,0.,0.));
#8660=AXIS2_PLACEMENT_3D('',#8657,#8658,#8659);
#8661=CARTESIAN_POINT('',(0.,0.,13.97));
#8662=DIRECTION('',(0.,0.,1.));
#8663=DIRECTION('',(0.2806890323,0.9597987639,0.));
#8664=AXIS2_PLACEMENT_3D('',#8661,#8662,#8663);
#8665=CARTESIAN_POINT('',(0.,57.15,6.604));
#8666=DIRECTION('',(0.,0.,1.));
#8667=DIRECTION('',(1.,0.,0.));
#8668=AXIS2_PLACEMENT_3D('',#8665,#8666,#8667);
#8669=CARTESIAN_POINT('',(10.16,34.74149083,10.287));
#8670=DIRECTION('',(0.,0.,1.));
#8671=DIRECTION('',(0.,1.,0.));
#8672=AXIS2_PLACEMENT_3D('',#8669,#8670,#8671);
#8673=CARTESIAN_POINT('',(10.16,65.532,6.604));
#8674=DIRECTION('',(0.,0.,1.));
#8675=DIRECTION('',(1.,0.,0.));
#8676=AXIS2_PLACEMENT_3D('',#8673,#8674,#8675);
#8677=CARTESIAN_POINT('',(10.16,34.74149083,10.287));
#8678=DIRECTION('',(0.,0.,1.));
#8679=DIRECTION('',(1.,0.,0.));
#8680=AXIS2_PLACEMENT_3D('',#8677,#8678,#8679);
#8681=CARTESIAN_POINT('',(10.16,65.532,9.779));
#8682=DIRECTION('',(0.,0.,1.));
#8683=DIRECTION('',(1.,0.,0.));
#8684=AXIS2_PLACEMENT_3D('',#8681,#8682,#8683);
#8685=CARTESIAN_POINT('',(10.16,34.74149083,13.462));
#8686=DIRECTION('',(0.,0.,1.));
#8687=DIRECTION('',(1.,0.,0.));
#8688=AXIS2_PLACEMENT_3D('',#8685,#8686,#8687);
#8689=CARTESIAN_POINT('',(0.,-57.15,6.604));
#8690=DIRECTION('',(0.,0.,1.));
#8691=DIRECTION('',(-1.,0.,0.));
#8692=AXIS2_PLACEMENT_3D('',#8689,#8690,#8691);
#8693=CARTESIAN_POINT('',(-10.16,-34.74149083,10.287));
#8694=DIRECTION('',(0.,0.,1.));
#8695=DIRECTION('',(0.,-1.,0.));
#8696=AXIS2_PLACEMENT_3D('',#8693,#8694,#8695);
#8697=CARTESIAN_POINT('',(-10.16,-65.532,6.604));
#8698=DIRECTION('',(0.,0.,1.));
#8699=DIRECTION('',(1.,0.,0.));
#8700=AXIS2_PLACEMENT_3D('',#8697,#8698,#8699);
#8701=CARTESIAN_POINT('',(-10.16,-34.74149083,10.287));
#8702=DIRECTION('',(0.,0.,1.));
#8703=DIRECTION('',(1.,0.,0.));
#8704=AXIS2_PLACEMENT_3D('',#8701,#8702,#8703);
#8705=CARTESIAN_POINT('',(-10.16,-65.532,9.779));
#8706=DIRECTION('',(0.,0.,1.));
#8707=DIRECTION('',(1.,0.,0.));
#8708=AXIS2_PLACEMENT_3D('',#8705,#8706,#8707);
#8709=CARTESIAN_POINT('',(-10.16,-34.74149083,13.462));
#8710=DIRECTION('',(0.,0.,1.));
#8711=DIRECTION('',(1.,0.,0.));
#8712=AXIS2_PLACEMENT_3D('',#8709,#8710,#8711);
#8713=CARTESIAN_POINT('',(0.,0.,17.907));
#8714=DIRECTION('',(0.,0.,1.));
#8715=DIRECTION('',(1.,0.,0.));
#8716=AXIS2_PLACEMENT_3D('',#8713,#8714,#8715);
#8717=CARTESIAN_POINT('',(0.,0.,21.082));
#8718=DIRECTION('',(0.,0.,1.));
#8719=DIRECTION('',(0.,1.,0.));
#8720=AXIS2_PLACEMENT_3D('',#8717,#8718,#8719);
#8721=CARTESIAN_POINT('',(0.,0.,21.082));
#8722=DIRECTION('',(0.,0.,1.));
#8723=DIRECTION('',(0.,-1.,0.));
#8724=AXIS2_PLACEMENT_3D('',#8721,#8722,#8723);
#8725=CARTESIAN_POINT('',(0.,0.,21.082));
#8726=DIRECTION('',(0.,0.,1.));
#8727=DIRECTION('',(0.,1.,0.));
#8728=AXIS2_PLACEMENT_3D('',#8725,#8726,#8727);
#8729=CARTESIAN_POINT('',(0.,0.,29.972));
#8730=DIRECTION('',(0.,0.,1.));
#8731=DIRECTION('',(-0.9597987639,0.2806890323,0.));
#8732=AXIS2_PLACEMENT_3D('',#8729,#8730,#8731);
#8733=CARTESIAN_POINT('',(-57.15,0.,22.606));
#8734=DIRECTION('',(0.,0.,1.));
#8735=DIRECTION('',(0.,1.,0.));
#8736=AXIS2_PLACEMENT_3D('',#8733,#8734,#8735);
#8737=CARTESIAN_POINT('',(-34.74149083,10.16,26.289));
#8738=DIRECTION('',(0.,0.,1.));
#8739=DIRECTION('',(-1.,0.,0.));
#8740=AXIS2_PLACEMENT_3D('',#8737,#8738,#8739);
#8741=CARTESIAN_POINT('',(-65.532,10.16,22.606));
#8742=DIRECTION('',(0.,0.,1.));
#8743=DIRECTION('',(1.,0.,0.));
#8744=AXIS2_PLACEMENT_3D('',#8741,#8742,#8743);
#8745=CARTESIAN_POINT('',(-34.74149083,10.16,26.289));
#8746=DIRECTION('',(0.,0.,1.));
#8747=DIRECTION('',(1.,0.,0.));
#8748=AXIS2_PLACEMENT_3D('',#8745,#8746,#8747);
#8749=CARTESIAN_POINT('',(-65.532,10.16,25.781));
#8750=DIRECTION('',(0.,0.,1.));
#8751=DIRECTION('',(1.,0.,0.));
#8752=AXIS2_PLACEMENT_3D('',#8749,#8750,#8751);
#8753=CARTESIAN_POINT('',(-34.74149083,10.16,29.464));
#8754=DIRECTION('',(0.,0.,1.));
#8755=DIRECTION('',(1.,0.,0.));
#8756=AXIS2_PLACEMENT_3D('',#8753,#8754,#8755);
#8757=CARTESIAN_POINT('',(57.15,0.,22.606));
#8758=DIRECTION('',(0.,0.,1.));
#8759=DIRECTION('',(0.,-1.,0.));
#8760=AXIS2_PLACEMENT_3D('',#8757,#8758,#8759);
#8761=CARTESIAN_POINT('',(34.74149083,-10.16,26.289));
#8762=DIRECTION('',(0.,0.,1.));
#8763=DIRECTION('',(1.,0.,0.));
#8764=AXIS2_PLACEMENT_3D('',#8761,#8762,#8763);
#8765=CARTESIAN_POINT('',(65.532,-10.16,22.606));
#8766=DIRECTION('',(0.,0.,1.));
#8767=DIRECTION('',(1.,0.,0.));
#8768=AXIS2_PLACEMENT_3D('',#8765,#8766,#8767);
#8769=CARTESIAN_POINT('',(34.74149083,-10.16,26.289));
#8770=DIRECTION('',(0.,0.,1.));
#8771=DIRECTION('',(1.,0.,0.));
#8772=AXIS2_PLACEMENT_3D('',#8769,#8770,#8771);
#8773=CARTESIAN_POINT('',(65.532,-10.16,25.781));
#8774=DIRECTION('',(0.,0.,1.));
#8775=DIRECTION('',(1.,0.,0.));
#8776=AXIS2_PLACEMENT_3D('',#8773,#8774,#8775);
#8777=CARTESIAN_POINT('',(34.74149083,-10.16,29.464));
#8778=DIRECTION('',(0.,0.,1.));
#8779=DIRECTION('',(1.,0.,0.));
#8780=AXIS2_PLACEMENT_3D('',#8777,#8778,#8779);
#8781=CARTESIAN_POINT('',(0.,0.,33.909));
#8782=DIRECTION('',(0.,0.,1.));
#8783=DIRECTION('',(0.7071067812,0.7071067812,0.));
#8784=AXIS2_PLACEMENT_3D('',#8781,#8782,#8783);
#8785=CARTESIAN_POINT('',(0.,0.,33.909));
#8786=DIRECTION('',(0.,0.,1.));
#8787=DIRECTION('',(-0.7071067812,0.7071067812,0.));
#8788=AXIS2_PLACEMENT_3D('',#8785,#8786,#8787);
#8789=CARTESIAN_POINT('',(0.,0.,33.909));
#8790=DIRECTION('',(0.,0.,1.));
#8791=DIRECTION('',(-0.7071067812,-0.7071067812,0.));
#8792=AXIS2_PLACEMENT_3D('',#8789,#8790,#8791);
#8793=CARTESIAN_POINT('',(0.,0.,33.909));
#8794=DIRECTION('',(0.,0.,1.));
#8795=DIRECTION('',(0.7071067812,-0.7071067812,0.));
#8796=AXIS2_PLACEMENT_3D('',#8793,#8794,#8795);
#8797=CARTESIAN_POINT('',(0.,0.,40.259));
#8798=DIRECTION('',(0.,0.,1.));
#8799=DIRECTION('',(1.,0.,0.));
#8800=AXIS2_PLACEMENT_3D('',#8797,#8798,#8799);
#8801=CARTESIAN_POINT('',(-20.955,0.,45.339));
#8802=DIRECTION('',(0.,0.,1.));
#8803=DIRECTION('',(1.,0.,0.));
#8804=AXIS2_PLACEMENT_3D('',#8801,#8802,#8803);
#8805=CARTESIAN_POINT('',(53.975,0.,45.339));
#8806=DIRECTION('',(0.,0.,1.));
#8807=DIRECTION('',(1.,0.,0.));
#8808=AXIS2_PLACEMENT_3D('',#8805,#8806,#8807);
#8809=CARTESIAN_POINT('',(0.,0.,60.579));
#8810=DIRECTION('',(0.,0.,1.));
#8811=DIRECTION('',(1.,0.,0.));
#8812=AXIS2_PLACEMENT_3D('',#8809,#8810,#8811);
#8813=CARTESIAN_POINT('',(0.,0.,0.));
#8814=DIRECTION('',(0.,0.,1.));
#8815=DIRECTION('',(1.,0.,0.));
#8816=AXIS2_PLACEMENT_3D('',#8813,#8814,#8815);
#8817=CARTESIAN_POINT('',(0.,0.,40.259));
#8818=DIRECTION('',(0.,0.,1.));
#8819=DIRECTION('',(1.,0.,0.));
#8820=AXIS2_PLACEMENT_3D('',#8817,#8818,#8819);
#8821=SHAPE_REPRESENTATION('airbrake_assembly',(#8644,#8648,#8652,#8656,#8660,#8664,#8668,#8672,#8676,#8680,#8684,#8688,#8692,#8696,#8700,#8704,#8708,#8712,#8716,#8720,#8724,#8728,#8732,#8736,#8740,#8744,#8748,#8752,#8756,#8760,#8764,#8768,#8772,#8776,#8780,#8784,#8788,#8792,#8796,#8800,#8804,#8808,#8812,#8816,#8820),#9);
#8822=SHAPE_DEFINITION_REPRESENTATION(#14,#8821);
#8823=NEXT_ASSEMBLY_USAGE_OCCURRENCE('1','frame_bottom','',#13,#18,$);
#8824=PRODUCT_DEFINITION_SHAPE('','',#8823);
#8825=ITEM_DEFINED_TRANSFORMATION('','',#23,#8648);
#8826=(REPRESENTATION_RELATIONSHIP('','',#1154,#8821)REPRESENTATION_RELATIONSHIP_WITH_TRANSFORMATION(#8825)SHAPE_REPRESENTATION_RELATIONSHIP());
#8827=CONTEXT_DEPENDENT_SHAPE_REPRESENTATION(#8826,#8824);
#8828=NEXT_ASSEMBLY_USAGE_OCCURRENCE('2','tray_frame_A1','',#13,#1159,$);
#8829=PRODUCT_DEFINITION_SHAPE('','',#8828);
#8830=ITEM_DEFINED_TRANSFORMATION('','',#1164,#8652);
#8831=(REPRESENTATION_RELATIONSHIP('','',#1319,#8821)REPRESENTATION_RELATIONSHIP_WITH_TRANSFORMATION(#8830)SHAPE_REPRESENTATION_RELATIONSHIP());
#8832=CONTEXT_DEPENDENT_SHAPE_REPRESENTATION(#8831,#8829);
#8833=NEXT_ASSEMBLY_USAGE_OCCURRENCE('3','tray_frame_A2','',#13,#1159,$);
#8834=PRODUCT_DEFINITION_SHAPE('','',#8833);
#8835=ITEM_DEFINED_TRANSFORMATION('','',#1164,#8656);
#8836=(REPRESENTATION_RELATIONSHIP('','',#1319,#8821)REPRESENTATION_RELATIONSHIP_WITH_TRANSFORMATION(#8835)SHAPE_REPRESENTATION_RELATIONSHIP());
#8837=CONTEXT_DEPENDENT_SHAPE_REPRESENTATION(#8836,#8834);
#8838=NEXT_ASSEMBLY_USAGE_OCCURRENCE('4','tray_A','',#13,#1324,$);
#8839=PRODUCT_DEFINITION_SHAPE('','',#8838);
#8840=ITEM_DEFINED_TRANSFORMATION('','',#1329,#8660);
#8841=(REPRESENTATION_RELATIONSHIP('','',#1850,#8821)REPRESENTATION_RELATIONSHIP_WITH_TRANSFORMATION(#8840)SHAPE_REPRESENTATION_RELATIONSHIP());
#8842=CONTEXT_DEPENDENT_SHAPE_REPRESENTATION(#8841,#8839);
#8843=NEXT_ASSEMBLY_USAGE_OCCURRENCE('5','hex_connector_A','',#13,#1855,$);
#8844=PRODUCT_DEFINITION_SHAPE('','',#8843);
#8845=ITEM_DEFINED_TRANSFORMATION('','',#1860,#8664);
#8846=(REPRESENTATION_RELATIONSHIP('','',#2365,#8821)REPRESENTATION_RELATIONSHIP_WITH_TRANSFORMATION(#8845)SHAPE_REPRESENTATION_RELATIONSHIP());
#8847=CONTEXT_DEPENDENT_SHAPE_REPRESENTATION(#8846,#8844);
#8848=NEXT_ASSEMBLY_USAGE_OCCURRENCE('6','leaf_A1','',#13,#2370,$);
#8849=PRODUCT_DEFINITION_SHAPE('','',#8848);
#8850=ITEM_DEFINED_TRANSFORMATION('','',#2375,#8668);
#8851=(REPRESENTATION_RELATIONSHIP('','',#2816,#8821)REPRESENTATION_RELATIONSHIP_WITH_TRANSFORMATION(#8850)SHAPE_REPRESENTATION_RELATIONSHIP());
#8852=CONTEXT_DEPENDENT_SHAPE_REPRESENTATION(#8851,#8849);
#8853=NEXT_ASSEMBLY_USAGE_OCCURRENCE('7','leaf_connector_A1','',#13,#2821,$);
#8854=PRODUCT_DEFINITION_SHAPE('','',#8853);
#8855=ITEM_DEFINED_TRANSFORMATION('','',#2826,#8672);
#8856=(REPRESENTATION_RELATIONSHIP('','',#3129,#8821)REPRESENTATION_RELATIONSHIP_WITH_TRANSFORMATION(#8855)SHAPE_REPRESENTATION_RELATIONSHIP());
#8857=CONTEXT_DEPENDENT_SHAPE_REPRESENTATION(#8856,#8854);
#8858=NEXT_ASSEMBLY_USAGE_OCCURRENCE('8','pin_leaf_A1','',#13,#3134,$);
#8859=PRODUCT_DEFINITION_SHAPE('','',#8858);
#8860=ITEM_DEFINED_TRANSFORMATION('','',#3139,#8676);
#8861=(REPRESENTATION_RELATIONSHIP('','',#3228,#8821)REPRESENTATION_RELATIONSHIP_WITH_TRANSFORMATION(#8860)SHAPE_REPRESENTATION_RELATIONSHIP());
#8862=CONTEXT_DEPENDENT_SHAPE_REPRESENTATION(#8861,#8859);
#8863=NEXT_ASSEMBLY_USAGE_OCCURRENCE('9','pin_crank_A1','',#13,#3233,$);
#8864=PRODUCT_DEFINITION_SHAPE('','',#8863);
#8865=ITEM_DEFINED_TRANSFORMATION('','',#3238,#8680);
#8866=(REPRESENTATION_RELATIONSHIP('','',#3327,#8821)REPRESENTATION_RELATIONSHIP_WITH_TRANSFORMATION(#8865)SHAPE_REPRESENTATION_RELATIONSHIP());
#8867=CONTEXT_DEPENDENT_SHAPE_REPRESENTATION(#8866,#8864);
#8868=NEXT_ASSEMBLY_USAGE_OCCURRENCE('10','washer_leaf_A1','',#13,#3332,$);
#8869=PRODUCT_DEFINITION_SHAPE('','',#8868);
#8870=ITEM_DEFINED_TRANSFORMATION('','',#3337,#8684);
#8871=(REPRESENTATION_RELATIONSHIP('','',#3500,#8821)REPRESENTATION_RELATIONSHIP_WITH_TRANSFORMATION(#8870)SHAPE_REPRESENTATION_RELATIONSHIP());
#8872=CONTEXT_DEPENDENT_SHAPE_REPRESENTATION(#8871,#8869);
#8873=NEXT_ASSEMBLY_USAGE_OCCURRENCE('11','washer_crank_A1','',#13,#3332,$);
#8874=PRODUCT_DEFINITION_SHAPE('','',#8873);
#8875=ITEM_DEFINED_TRANSFORMATION('','',#3337,#8688);
#8876=(REPRESENTATION_RELATIONSHIP('','',#3500,#8821)REPRESENTATION_RELATIONSHIP_WITH_TRANSFORMATION(#8875)SHAPE_REPRESENTATION_RELATIONSHIP());
#8877=CONTEXT_DEPENDENT_SHAPE_REPRESENTATION(#8876,#8874);
#8878=NEXT_ASSEMBLY_USAGE_OCCURRENCE('12','leaf_A2','',#13,#2370,$);
#8879=PRODUCT_DEFINITION_SHAPE('','',#8878);
#8880=ITEM_DEFINED_TRANSFORMATION('','',#2375,#8692);
#8881=(REPRESENTATION_RELATIONSHIP('','',#2816,#8821)REPRESENTATION_RELATIONSHIP_WITH_TRANSFORMATION(#8880)SHAPE_REPRESENTATION_RELATIONSHIP());
#8882=CONTEXT_DEPENDENT_SHAPE_REPRESENTATION(#8881,#8879);
#8883=NEXT_ASSEMBLY_USAGE_OCCURRENCE('13','leaf_connector_A2','',#13,#2821,$);
#8884=PRODUCT_DEFINITION_SHAPE('','',#8883);
#8885=ITEM_DEFINED_TRANSFORMATION('','',#2826,#8696);
#8886=(REPRESENTATION_RELATIONSHIP('','',#3129,#8821)REPRESENTATION_RELATIONSHIP_WITH_TRANSFORMATION(#8885)SHAPE_REPRESENTATION_RELATIONSHIP());
#8887=CONTEXT_DEPENDENT_SHAPE_REPRESENTATION(#8886,#8884);
#8888=NEXT_ASSEMBLY_USAGE_OCCURRENCE('14','pin_leaf_A2','',#13,#3134,$);
#8889=PRODUCT_DEFINITION_SHAPE('','',#8888);
#8890=ITEM_DEFINED_TRANSFORMATION('','',#3139,#8700);
#8891=(REPRESENTATION_RELATIONSHIP('','',#3228,#8821)REPRESENTATION_RELATIONSHIP_WITH_TRANSFORMATION(#8890)SHAPE_REPRESENTATION_RELATIONSHIP());
#8892=CONTEXT_DEPENDENT_SHAPE_REPRESENTATION(#8891,#8889);
#8893=NEXT_ASSEMBLY_USAGE_OCCURRENCE('15','pin_crank_A2','',#13,#3233,$);
#8894=PRODUCT_DEFINITION_SHAPE('','',#8893);
#8895=ITEM_DEFINED_TRANSFORMATION('','',#3238,#8704);
#8896=(REPRESENTATION_RELATIONSHIP('','',#3327,#8821)REPRESENTATION_RELATIONSHIP_WITH_TRANSFORMATION(#8895)SHAPE_REPRESENTATION_RELATIONSHIP());
#8897=CONTEXT_DEPENDENT_SHAPE_REPRESENTATION(#8896,#8894);
#8898=NEXT_ASSEMBLY_USAGE_OCCURRENCE('16','washer_leaf_A2','',#13,#3332,$);
#8899=PRODUCT_DEFINITION_SHAPE('','',#8898);
#8900=ITEM_DEFINED_TRANSFORMATION('','',#3337,#8708);
#8901=(REPRESENTATION_RELATIONSHIP('','',#3500,#8821)REPRESENTATION_RELATIONSHIP_WITH_TRANSFORMATION(#8900)SHAPE_REPRESENTATION_RELATIONSHIP());
#8902=CONTEXT_DEPENDENT_SHAPE_REPRESENTATION(#8901,#8899);
#8903=NEXT_ASSEMBLY_USAGE_OCCURRENCE('17','washer_crank_A2','',#13,#3332,$);
#8904=PRODUCT_DEFINITION_SHAPE('','',#8903);
#8905=ITEM_DEFINED_TRANSFORMATION('','',#3337,#8712);
#8906=(REPRESENTATION_RELATIONSHIP('','',#3500,#8821)REPRESENTATION_RELATIONSHIP_WITH_TRANSFORMATION(#8905)SHAPE_REPRESENTATION_RELATIONSHIP());
#8907=CONTEXT_DEPENDENT_SHAPE_REPRESENTATION(#8906,#8904);
#8908=NEXT_ASSEMBLY_USAGE_OCCURRENCE('18','frame_middle','',#13,#3505,$);
#8909=PRODUCT_DEFINITION_SHAPE('','',#8908);
#8910=ITEM_DEFINED_TRANSFORMATION('','',#3510,#8716);
#8911=(REPRESENTATION_RELATIONSHIP('','',#3673,#8821)REPRESENTATION_RELATIONSHIP_WITH_TRANSFORMATION(#8910)SHAPE_REPRESENTATION_RELATIONSHIP());
#8912=CONTEXT_DEPENDENT_SHAPE_REPRESENTATION(#8911,#8909);
#8913=NEXT_ASSEMBLY_USAGE_OCCURRENCE('19','tray_frame_B1','',#13,#1159,$);
#8914=PRODUCT_DEFINITION_SHAPE('','',#8913);
#8915=ITEM_DEFINED_TRANSFORMATION('','',#1164,#8720);
#8916=(REPRESENTATION_RELATIONSHIP('','',#1319,#8821)REPRESENTATION_RELATIONSHIP_WITH_TRANSFORMATION(#8915)SHAPE_REPRESENTATION_RELATIONSHIP());
#8917=CONTEXT_DEPENDENT_SHAPE_REPRESENTATION(#8916,#8914);
#8918=NEXT_ASSEMBLY_USAGE_OCCURRENCE('20','tray_frame_B2','',#13,#1159,$);
#8919=PRODUCT_DEFINITION_SHAPE('','',#8918);
#8920=ITEM_DEFINED_TRANSFORMATION('','',#1164,#8724);
#8921=(REPRESENTATION_RELATIONSHIP('','',#1319,#8821)REPRESENTATION_RELATIONSHIP_WITH_TRANSFORMATION(#8920)SHAPE_REPRESENTATION_RELATIONSHIP());
#8922=CONTEXT_DEPENDENT_SHAPE_REPRESENTATION(#8921,#8919);
#8923=NEXT_ASSEMBLY_USAGE_OCCURRENCE('21','tray_B','',#13,#1324,$);
#8924=PRODUCT_DEFINITION_SHAPE('','',#8923);
#8925=ITEM_DEFINED_TRANSFORMATION('','',#1329,#8728);
#8926=(REPRESENTATION_RELATIONSHIP('','',#1850,#8821)REPRESENTATION_RELATIONSHIP_WITH_TRANSFORMATION(#8925)SHAPE_REPRESENTATION_RELATIONSHIP());
#8927=CONTEXT_DEPENDENT_SHAPE_REPRESENTATION(#8926,#8924);
#8928=NEXT_ASSEMBLY_USAGE_OCCURRENCE('22','hex_connector_B','',#13,#1855,$);
#8929=PRODUCT_DEFINITION_SHAPE('','',#8928);
#8930=ITEM_DEFINED_TRANSFORMATION('','',#1860,#8732);
#8931=(REPRESENTATION_RELATIONSHIP('','',#2365,#8821)REPRESENTATION_RELATIONSHIP_WITH_TRANSFORMATION(#8930)SHAPE_REPRESENTATION_RELATIONSHIP());
#8932=CONTEXT_DEPENDENT_SHAPE_REPRESENTATION(#8931,#8929);
#8933=NEXT_ASSEMBLY_USAGE_OCCURRENCE('23','leaf_B1','',#13,#2370,$);
#8934=PRODUCT_DEFINITION_SHAPE('','',#8933);
#8935=ITEM_DEFINED_TRANSFORMATION('','',#2375,#8736);
#8936=(REPRESENTATION_RELATIONSHIP('','',#2816,#8821)REPRESENTATION_RELATIONSHIP_WITH_TRANSFORMATION(#8935)SHAPE_REPRESENTATION_RELATIONSHIP());
#8937=CONTEXT_DEPENDENT_SHAPE_REPRESENTATION(#8936,#8934);
#8938=NEXT_ASSEMBLY_USAGE_OCCURRENCE('24','leaf_connector_B1','',#13,#2821,$);
#8939=PRODUCT_DEFINITION_SHAPE('','',#8938);
#8940=ITEM_DEFINED_TRANSFORMATION('','',#2826,#8740);
#8941=(REPRESENTATION_RELATIONSHIP('','',#3129,#8821)REPRESENTATION_RELATIONSHIP_WITH_TRANSFORMATION(#8940)SHAPE_REPRESENTATION_RELATIONSHIP());
#8942=CONTEXT_DEPENDENT_SHAPE_REPRESENTATION(#8941,#8939);
#8943=NEXT_ASSEMBLY_USAGE_OCCURRENCE('25','pin_leaf_B1','',#13,#3134,$);
#8944=PRODUCT_DEFINITION_SHAPE('','',#8943);
#8945=ITEM_DEFINED_TRANSFORMATION('','',#3139,#8744);
#8946=(REPRESENTATION_RELATIONSHIP('','',#3228,#8821)REPRESENTATION_RELATIONSHIP_WITH_TRANSFORMATION(#8945)SHAPE_REPRESENTATION_RELATIONSHIP());
#8947=CONTEXT_DEPENDENT_SHAPE_REPRESENTATION(#8946,#8944);
#8948=NEXT_ASSEMBLY_USAGE_OCCURRENCE('26','pin_crank_B1','',#13,#3233,$);
#8949=PRODUCT_DEFINITION_SHAPE('','',#8948);
#8950=ITEM_DEFINED_TRANSFORMATION('','',#3238,#8748);
#8951=(REPRESENTATION_RELATIONSHIP('','',#3327,#8821)REPRESENTATION_RELATIONSHIP_WITH_TRANSFORMATION(#8950)SHAPE_REPRESENTATION_RELATIONSHIP());
#8952=CONTEXT_DEPENDENT_SHAPE_REPRESENTATION(#8951,#8949);
#8953=NEXT_ASSEMBLY_USAGE_OCCURRENCE('27','washer_leaf_B1','',#13,#3332,$);
#8954=PRODUCT_DEFINITION_SHAPE('','',#8953);
#8955=ITEM_DEFINED_TRANSFORMATION('','',#3337,#8752);
#8956=(REPRESENTATION_RELATIONSHIP('','',#3500,#8821)REPRESENTATION_RELATIONSHIP_WITH_TRANSFORMATION(#8955)SHAPE_REPRESENTATION_RELATIONSHIP());
#8957=CONTEXT_DEPENDENT_SHAPE_REPRESENTATION(#8956,#8954);
#8958=NEXT_ASSEMBLY_USAGE_OCCURRENCE('28','washer_crank_B1','',#13,#3332,$);
#8959=PRODUCT_DEFINITION_SHAPE('','',#8958);
#8960=ITEM_DEFINED_TRANSFORMATION('','',#3337,#8756);
#8961=(REPRESENTATION_RELATIONSHIP('','',#3500,#8821)REPRESENTATION_RELATIONSHIP_WITH_TRANSFORMATION(#8960)SHAPE_REPRESENTATION_RELATIONSHIP());
#8962=CONTEXT_DEPENDENT_SHAPE_REPRESENTATION(#8961,#8959);
#8963=NEXT_ASSEMBLY_USAGE_OCCURRENCE('29','leaf_B2','',#13,#2370,$);
#8964=PRODUCT_DEFINITION_SHAPE('','',#8963);
#8965=ITEM_DEFINED_TRANSFORMATION('','',#2375,#8760);
#8966=(REPRESENTATION_RELATIONSHIP('','',#2816,#8821)REPRESENTATION_RELATIONSHIP_WITH_TRANSFORMATION(#8965)SHAPE_REPRESENTATION_RELATIONSHIP());
#8967=CONTEXT_DEPENDENT_SHAPE_REPRESENTATION(#8966,#8964);
#8968=NEXT_ASSEMBLY_USAGE_OCCURRENCE('30','leaf_connector_B2','',#13,#2821,$);
#8969=PRODUCT_DEFINITION_SHAPE('','',#8968);
#8970=ITEM_DEFINED_TRANSFORMATION('','',#2826,#8764);
#8971=(REPRESENTATION_RELATIONSHIP('','',#3129,#8821)REPRESENTATION_RELATIONSHIP_WITH_TRANSFORMATION(#8970)SHAPE_REPRESENTATION_RELATIONSHIP());
#8972=CONTEXT_DEPENDENT_SHAPE_REPRESENTATION(#8971,#8969);
#8973=NEXT_ASSEMBLY_USAGE_OCCURRENCE('31','pin_leaf_B2','',#13,#3134,$);
#8974=PRODUCT_DEFINITION_SHAPE('','',#8973);
#8975=ITEM_DEFINED_TRANSFORMATION('','',#3139,#8768);
#8976=(REPRESENTATION_RELATIONSHIP('','',#3228,#8821)REPRESENTATION_RELATIONSHIP_WITH_TRANSFORMATION(#8975)SHAPE_REPRESENTATION_RELATIONSHIP());
#8977=CONTEXT_DEPENDENT_SHAPE_REPRESENTATION(#8976,#8974);
#8978=NEXT_ASSEMBLY_USAGE_OCCURRENCE('32','pin_crank_B2','',#13,#3233,$);
#8979=PRODUCT_DEFINITION_SHAPE('','',#8978);
#8980=ITEM_DEFINED_TRANSFORMATION('','',#3238,#8772);
#8981=(REPRESENTATION_RELATIONSHIP('','',#3327,#8821)REPRESENTATION_RELATIONSHIP_WITH_TRANSFORMATION(#8980)SHAPE_REPRESENTATION_RELATIONSHIP());
#8982=CONTEXT_DEPENDENT_SHAPE_REPRESENTATION(#8981,#8979);
#8983=NEXT_ASSEMBLY_USAGE_OCCURRENCE('33','washer_leaf_B2','',#13,#3332,$);
#8984=PRODUCT_DEFINITION_SHAPE('','',#8983);
#8985=ITEM_DEFINED_TRANSFORMATION('','',#3337,#8776);
#8986=(REPRESENTATION_RELATIONSHIP('','',#3500,#8821)REPRESENTATION_RELATIONSHIP_WITH_TRANSFORMATION(#8985)SHAPE_REPRESENTATION_RELATIONSHIP());
#8987=CONTEXT_DEPENDENT_SHAPE_REPRESENTATION(#8986,#8984);
#8988=NEXT_ASSEMBLY_USAGE_OCCURRENCE('34','washer_crank_B2','',#13,#3332,$);
#8989=PRODUCT_DEFINITION_SHAPE('','',#8988);
#8990=ITEM_DEFINED_TRANSFORMATION('','',#3337,#8780);
#8991=(REPRESENTATION_RELATIONSHIP('','',#3500,#8821)REPRESENTATION_RELATIONSHIP_WITH_TRANSFORMATION(#8990)SHAPE_REPRESENTATION_RELATIONSHIP());
#8992=CONTEXT_DEPENDENT_SHAPE_REPRESENTATION(#8991,#8989);
#8993=NEXT_ASSEMBLY_USAGE_OCCURRENCE('35','spacer_1','',#13,#3678,$);
#8994=PRODUCT_DEFINITION_SHAPE('','',#8993);
#8995=ITEM_DEFINED_TRANSFORMATION('','',#3683,#8784);
#8996=(REPRESENTATION_RELATIONSHIP('','',#3838,#8821)REPRESENTATION_RELATIONSHIP_WITH_TRANSFORMATION(#8995)SHAPE_REPRESENTATION_RELATIONSHIP());
#8997=CONTEXT_DEPENDENT_SHAPE_REPRESENTATION(#8996,#8994);
#8998=NEXT_ASSEMBLY_USAGE_OCCURRENCE('36','spacer_2','',#13,#3678,$);
#8999=PRODUCT_DEFINITION_SHAPE('','',#8998);
#9000=ITEM_DEFINED_TRANSFORMATION('','',#3683,#8788);
#9001=(REPRESENTATION_RELATIONSHIP('','',#3838,#8821)REPRESENTATION_RELATIONSHIP_WITH_TRANSFORMATION(#9000)SHAPE_REPRESENTATION_RELATIONSHIP());
#9002=CONTEXT_DEPENDENT_SHAPE_REPRESENTATION(#9001,#8999);
#9003=NEXT_ASSEMBLY_USAGE_OCCURRENCE('37','spacer_3','',#13,#3678,$);
#9004=PRODUCT_DEFINITION_SHAPE('','',#9003);
#9005=ITEM_DEFINED_TRANSFORMATION('','',#3683,#8792);
#9006=(REPRESENTATION_RELATIONSHIP('','',#3838,#8821)REPRESENTATION_RELATIONSHIP_WITH_TRANSFORMATION(#9005)SHAPE_REPRESENTATION_RELATIONSHIP());
#9007=CONTEXT_DEPENDENT_SHAPE_REPRESENTATION(#9006,#9004);
#9008=NEXT_ASSEMBLY_USAGE_OCCURRENCE('38','spacer_4','',#13,#3678,$);
#9009=PRODUCT_DEFINITION_SHAPE('','',#9008);
#9010=ITEM_DEFINED_TRANSFORMATION('','',#3683,#8796);
#9011=(REPRESENTATION_RELATIONSHIP('','',#3838,#8821)REPRESENTATION_RELATIONSHIP_WITH_TRANSFORMATION(#9010)SHAPE_REPRESENTATION_RELATIONSHIP());
#9012=CONTEXT_DEPENDENT_SHAPE_REPRESENTATION(#9011,#9009);
#9013=NEXT_ASSEMBLY_USAGE_OCCURRENCE('39','servo_bulkhead','',#13,#3843,$);
#9014=PRODUCT_DEFINITION_SHAPE('','',#9013);
#9015=ITEM_DEFINED_TRANSFORMATION('','',#3848,#8800);
#9016=(REPRESENTATION_RELATIONSHIP('','',#4567,#8821)REPRESENTATION_RELATIONSHIP_WITH_TRANSFORMATION(#9015)SHAPE_REPRESENTATION_RELATIONSHIP());
#9017=CONTEXT_DEPENDENT_SHAPE_REPRESENTATION(#9016,#9014);
#9018=NEXT_ASSEMBLY_USAGE_OCCURRENCE('40','servo_bracket_1','',#13,#4572,$);
#9019=PRODUCT_DEFINITION_SHAPE('','',#9018);
#9020=ITEM_DEFINED_TRANSFORMATION('','',#4577,#8804);
#9021=(REPRESENTATION_RELATIONSHIP('','',#4888,#8821)REPRESENTATION_RELATIONSHIP_WITH_TRANSFORMATION(#9020)SHAPE_REPRESENTATION_RELATIONSHIP());
#9022=CONTEXT_DEPENDENT_SHAPE_REPRESENTATION(#9021,#9019);
#9023=NEXT_ASSEMBLY_USAGE_OCCURRENCE('41','servo_bracket_2','',#13,#4572,$);
#9024=PRODUCT_DEFINITION_SHAPE('','',#9023);
#9025=ITEM_DEFINED_TRANSFORMATION('','',#4577,#8808);
#9026=(REPRESENTATION_RELATIONSHIP('','',#4888,#8821)REPRESENTATION_RELATIONSHIP_WITH_TRANSFORMATION(#9025)SHAPE_REPRESENTATION_RELATIONSHIP());
#9027=CONTEXT_DEPENDENT_SHAPE_REPRESENTATION(#9026,#9024);
#9028=NEXT_ASSEMBLY_USAGE_OCCURRENCE('42','servo','',#13,#4893,$);
#9029=PRODUCT_DEFINITION_SHAPE('','',#9028);
#9030=ITEM_DEFINED_TRANSFORMATION('','',#4898,#8812);
#9031=(REPRESENTATION_RELATIONSHIP('','',#8111,#8821)REPRESENTATION_RELATIONSHIP_WITH_TRANSFORMATION(#9030)SHAPE_REPRESENTATION_RELATIONSHIP());
#9032=CONTEXT_DEPENDENT_SHAPE_REPRESENTATION(#9031,#9029);
#9033=NEXT_ASSEMBLY_USAGE_OCCURRENCE('43','hex_shaft','',#13,#8116,$);
#9034=PRODUCT_DEFINITION_SHAPE('','',#9033);
#9035=ITEM_DEFINED_TRANSFORMATION('','',#8121,#8816);
#9036=(REPRESENTATION_RELATIONSHIP('','',#8338,#8821)REPRESENTATION_RELATIONSHIP_WITH_TRANSFORMATION(#9035)SHAPE_REPRESENTATION_RELATIONSHIP());
#9037=CONTEXT_DEPENDENT_SHAPE_REPRESENTATION(#9036,#9034);
#9038=NEXT_ASSEMBLY_USAGE_OCCURRENCE('44','shaft_coupler','',#13,#8343,$);
#9039=PRODUCT_DEFINITION_SHAPE('','',#9038);
#9040=ITEM_DEFINED_TRANSFORMATION('','',#8348,#8820);
#9041=(REPRESENTATION_RELATIONSHIP('','',#8639,#8821)REPRESENTATION_RELATIONSHIP_WITH_TRANSFORMATION(#9040)SHAPE_REPRESENTATION_RELATIONSHIP());
#9042=CONTEXT_DEPENDENT_SHAPE_REPRESENTATION(#9041,#9039);
ENDSEC;
END-ISO-10303-21;
